CustomerID,Age,Gender,TenureMonths,ContractType,InternetService,PhoneService,StreamingService,MonthlyCharges,TotalCharges,MonthlyUsageGB,SessionsPerMonth,SupportCalls,Complaints,PaymentMethod,PaymentDelayDays,Churn
CUST-10000,56,Male,28,Month-to-Month,DSL,Yes,No,21.33,582.37,450.8,25,1,1,Electronic Check,5,No
CUST-10001,69,Male,5,One Year,Fiber Optic,Yes,No,66.45,324.76,190.1,54,2,1,Electronic Check,3,Yes
CUST-10002,46,Female,21,Month-to-Month,Fiber Optic,Yes,Yes,59.54,1167.5,2.4,48,1,0,Bank Transfer,2,No
CUST-10003,32,Female,18,Month-to-Month,Fiber Optic,Yes,Yes,51.23,901.29,204.1,47,0,0,Credit Card,4,Yes
CUST-10004,60,Male,47,Two Year,Fiber Optic,Yes,No,47.56,2173.31,91.6,41,1,1,Bank Transfer,3,No
CUST-10005,25,Female,70,Month-to-Month,No,Yes,Yes,64.83,4226.37,271.5,51,0,2,Mailed Check,2,No
CUST-10006,38,Female,57,One Year,Fiber Optic,Yes,Yes,59.36,3546.7,245.3,50,2,1,Electronic Check,3,No
CUST-10007,56,Female,19,Month-to-Month,Fiber Optic,Yes,Yes,55.2,1080.09,162.8,53,0,2,Bank Transfer,4,Yes
CUST-10008,36,Female,65,One Year,No,Yes,No,32.53,2184.52,100.1,7,0,1,Bank Transfer,4,No
CUST-10009,40,Male,3,Two Year,Fiber Optic,Yes,No,24.55,73.86,193.2,27,0,1,Electronic Check,6,No
CUST-10010,28,Male,42,Month-to-Month,Fiber Optic,Yes,No,57.79,2242.68,122.3,48,0,0,Mailed Check,2,No
CUST-10011,28,Male,21,One Year,DSL,Yes,No,54.95,1136.89,250.9,47,1,1,Credit Card,1,No
CUST-10012,41,Female,40,Two Year,Fiber Optic,Yes,Yes,60.07,2458.58,230.0,55,3,0,Bank Transfer,5,No
CUST-10013,70,Female,67,Month-to-Month,No,Yes,Yes,62.28,3779.73,444.2,43,2,0,Electronic Check,1,No
CUST-10014,53,Female,25,Month-to-Month,Fiber Optic,Yes,No,51.94,1265.23,139.9,6,1,1,Electronic Check,4,No
CUST-10015,57,Female,55,One Year,Fiber Optic,Yes,Yes,59.69,3149.72,152.7,35,1,1,Mailed Check,1,No
CUST-10016,41,Female,52,Month-to-Month,Fiber Optic,No,Yes,43.66,2115.53,166.1,32,2,0,Bank Transfer,4,Yes
CUST-10017,20,Male,44,Month-to-Month,No,Yes,No,103.1,4340.14,170.0,14,1,0,Electronic Check,3,No
CUST-10018,39,Female,56,Two Year,DSL,Yes,Yes,45.01,2640.35,272.4,6,3,2,Mailed Check,3,No
CUST-10019,70,Female,55,Month-to-Month,Fiber Optic,No,No,55.73,3091.16,155.1,49,2,1,Bank Transfer,2,No
CUST-10020,19,Male,70,Two Year,DSL,Yes,No,46.91,3102.87,357.5,51,1,0,Credit Card,2,No
CUST-10021,41,Female,66,Two Year,Fiber Optic,No,No,46.49,3040.12,232.4,18,1,1,Credit Card,5,No
CUST-10022,61,Male,19,One Year,Fiber Optic,Yes,Yes,65.62,1168.23,136.3,31,2,1,Bank Transfer,5,Yes
CUST-10023,47,Male,7,Month-to-Month,DSL,Yes,Yes,62.44,433.42,113.3,52,1,1,Bank Transfer,6,Yes
CUST-10024,55,Male,63,Month-to-Month,Fiber Optic,Yes,No,53.51,3487.18,273.7,16,4,0,Bank Transfer,1,Yes
CUST-10025,19,Male,42,Month-to-Month,Fiber Optic,Yes,No,57.91,2392.17,182.6,56,2,0,Bank Transfer,0,Yes
CUST-10026,38,Male,42,Two Year,DSL,Yes,Yes,47.0,1993.74,180.8,3,4,0,Mailed Check,4,No
CUST-10027,50,Female,59,Month-to-Month,Fiber Optic,Yes,No,75.04,4285.69,126.1,31,0,0,Electronic Check,3,No
CUST-10028,29,Male,20,Month-to-Month,DSL,Yes,No,116.38,2277.83,174.5,38,1,0,Mailed Check,2,Yes
CUST-10029,39,Male,17,Month-to-Month,Fiber Optic,Yes,No,43.13,736.33,122.5,58,0,0,Electronic Check,3,Yes
CUST-10030,61,Female,27,Month-to-Month,Fiber Optic,Yes,Yes,74.85,2065.13,302.6,17,4,0,Mailed Check,4,Yes
CUST-10031,42,Female,47,Month-to-Month,Fiber Optic,Yes,Yes,66.12,3104.28,244.5,52,1,2,Bank Transfer,1,Yes
CUST-10032,66,Male,2,One Year,Fiber Optic,Yes,Yes,81.72,171.06,164.3,5,1,0,Mailed Check,0,No
CUST-10033,44,Female,63,Month-to-Month,Fiber Optic,Yes,Yes,82.42,5311.75,162.9,53,1,2,Electronic Check,5,No
CUST-10034,59,Female,62,Month-to-Month,DSL,Yes,No,70.14,4420.76,188.3,16,0,0,Credit Card,6,Yes
CUST-10035,45,Male,19,Month-to-Month,No,Yes,Yes,64.0,1248.55,179.5,17,2,2,Bank Transfer,2,Yes
CUST-10036,33,Male,17,One Year,Fiber Optic,Yes,No,54.14,867.17,93.9,31,0,0,Credit Card,1,No
CUST-10037,32,Female,69,One Year,DSL,Yes,Yes,45.88,3054.31,8.9,16,1,0,Electronic Check,4,No
CUST-10038,64,Male,39,Month-to-Month,No,No,No,62.58,2403.2,108.2,57,1,1,Bank Transfer,3,No
CUST-10039,68,Male,71,One Year,DSL,Yes,Yes,32.89,2263.63,168.4,21,3,0,Bank Transfer,1,No
CUST-10040,61,Female,39,Month-to-Month,Fiber Optic,Yes,Yes,50.15,2008.89,113.6,41,0,0,Bank Transfer,2,No
CUST-10041,72,Male,36,Two Year,Fiber Optic,Yes,Yes,92.67,3016.05,253.7,39,4,1,Credit Card,3,No
CUST-10042,69,Male,40,Month-to-Month,Fiber Optic,Yes,No,67.46,2513.23,159.4,37,3,0,Credit Card,2,Yes
CUST-10043,74,Male,45,One Year,No,Yes,Yes,87.32,4056.15,348.6,41,3,0,Electronic Check,1,No
CUST-10044,20,Male,4,Two Year,Fiber Optic,No,Yes,101.74,369.87,129.5,53,2,1,Electronic Check,0,Yes
CUST-10045,54,Male,25,Two Year,DSL,Yes,Yes,60.57,1414.38,192.7,10,0,1,Mailed Check,5,No
CUST-10046,68,Female,69,Month-to-Month,No,Yes,No,70.18,4613.31,154.0,32,0,0,Electronic Check,2,No
CUST-10047,24,Female,30,Month-to-Month,No,Yes,No,57.45,1745.24,219.6,25,4,0,Mailed Check,4,No
CUST-10048,38,Male,68,One Year,Fiber Optic,Yes,No,44.68,2989.71,275.9,53,2,1,Credit Card,1,No
CUST-10049,26,Female,29,Month-to-Month,Fiber Optic,Yes,No,41.18,1245.8,234.7,33,1,1,Electronic Check,4,No
CUST-10050,56,Male,68,Two Year,DSL,Yes,Yes,86.08,5468.17,1.0,39,0,0,Bank Transfer,4,No
CUST-10051,35,Male,51,One Year,Fiber Optic,Yes,No,70.22,3691.59,225.0,53,2,0,Mailed Check,4,No
CUST-10052,21,Male,24,One Year,DSL,Yes,Yes,111.17,2514.5,89.0,37,1,0,Mailed Check,1,Yes
CUST-10053,42,Male,14,Month-to-Month,DSL,Yes,Yes,89.3,1171.22,152.1,38,0,0,Mailed Check,2,Yes
CUST-10054,31,Male,69,One Year,Fiber Optic,Yes,No,46.72,3142.3,242.0,38,0,0,Credit Card,3,No
CUST-10055,67,Female,18,One Year,DSL,Yes,No,86.01,1409.9,79.2,55,8,0,Mailed Check,1,No
CUST-10056,26,Female,42,Two Year,DSL,No,Yes,57.37,,284.0,28,1,0,Electronic Check,4,No
CUST-10057,43,Male,57,Month-to-Month,Fiber Optic,Yes,Yes,95.42,5185.22,148.2,15,3,0,Mailed Check,2,No
CUST-10058,70,Female,12,Month-to-Month,DSL,Yes,No,52.84,585.9,375.4,8,0,1,Bank Transfer,3,Yes
CUST-10059,19,Male,17,Month-to-Month,DSL,Yes,No,38.69,676.88,186.2,1,2,2,Credit Card,3,Yes
CUST-10060,37,Female,30,Month-to-Month,DSL,Yes,Yes,45.11,1296.3,333.5,10,2,1,Credit Card,1,No
CUST-10061,45,Male,23,One Year,DSL,Yes,Yes,46.38,1117.18,287.8,59,1,1,Electronic Check,3,No
CUST-10062,64,Female,1,Two Year,Fiber Optic,Yes,No,43.99,45.53,125.0,35,5,1,Bank Transfer,1,No
CUST-10063,24,Male,32,Month-to-Month,No,Yes,No,50.68,1506.97,62.8,54,3,0,Credit Card,5,No
CUST-10064,61,Male,9,Two Year,Fiber Optic,Yes,No,86.42,758.93,190.2,48,1,1,Credit Card,1,No
CUST-10065,25,Female,15,Month-to-Month,Fiber Optic,Yes,Yes,109.9,1632.46,127.6,33,1,0,Credit Card,4,No
CUST-10066,64,Female,28,Month-to-Month,DSL,Yes,Yes,31.75,909.31,322.2,16,1,1,Electronic Check,4,No
CUST-10067,52,Male,24,Month-to-Month,DSL,Yes,Yes,96.59,2394.3,157.8,14,1,0,Electronic Check,2,Yes
CUST-10068,31,Female,60,Month-to-Month,DSL,Yes,No,53.06,3163.23,153.0,5,5,0,Credit Card,2,No
CUST-10069,34,Male,35,Two Year,Fiber Optic,Yes,Yes,73.7,2335.14,54.4,16,1,0,Mailed Check,1,No
CUST-10070,53,Female,27,Month-to-Month,Fiber Optic,Yes,Yes,23.65,620.79,217.7,21,1,0,Credit Card,3,Yes
CUST-10071,67,Female,20,One Year,Fiber Optic,Yes,Yes,78.1,1613.11,74.3,58,3,1,Bank Transfer,5,Yes
CUST-10072,57,Male,65,Month-to-Month,Fiber Optic,Yes,No,15.0,981.94,219.8,57,2,0,Bank Transfer,3,Yes
CUST-10073,21,Female,49,Two Year,DSL,Yes,Yes,72.85,3678.6,232.2,11,4,0,Credit Card,3,No
CUST-10074,19,Female,1,Month-to-Month,Fiber Optic,Yes,No,71.43,71.51,112.5,50,4,0,Credit Card,2,Yes
CUST-10075,23,Male,10,Month-to-Month,Fiber Optic,Yes,No,69.78,632.63,266.1,7,2,0,Credit Card,5,No
CUST-10076,71,Female,47,Month-to-Month,Fiber Optic,Yes,No,46.63,2290.67,155.3,57,3,0,Bank Transfer,5,Yes
CUST-10077,59,Male,59,Month-to-Month,Fiber Optic,No,Yes,78.74,4820.81,47.6,8,0,0,Electronic Check,6,Yes
CUST-10078,21,Male,62,Month-to-Month,Fiber Optic,Yes,No,74.78,4260.75,319.1,17,1,1,Mailed Check,2,No
CUST-10079,71,Male,18,Two Year,No,Yes,Yes,59.75,986.13,96.9,30,1,0,Electronic Check,5,No
CUST-10080,46,Male,46,One Year,No,Yes,Yes,81.8,3690.79,225.6,14,0,2,Mailed Check,0,No
CUST-10081,35,Male,32,One Year,Fiber Optic,Yes,No,62.61,2030.68,218.3,49,1,0,Bank Transfer,2,No
CUST-10082,43,Female,27,Month-to-Month,Fiber Optic,Yes,Yes,78.22,2021.82,215.0,44,0,0,Bank Transfer,3,Yes
CUST-10083,61,Male,18,Month-to-Month,DSL,Yes,No,61.85,1024.75,213.5,50,0,0,Bank Transfer,7,No
CUST-10084,51,Male,39,Month-to-Month,No,No,Yes,70.42,2682.07,92.7,33,3,0,Bank Transfer,5,Yes
CUST-10085,27,Female,49,Two Year,Fiber Optic,Yes,No,79.37,3697.14,332.2,24,1,0,Electronic Check,3,No
CUST-10086,53,Female,44,Two Year,DSL,No,No,55.05,2307.79,266.1,7,2,2,Mailed Check,3,Yes
CUST-10087,31,Female,54,Two Year,Fiber Optic,No,Yes,34.15,1838.1,222.8,38,1,0,Bank Transfer,0,No
CUST-10088,48,Male,34,Two Year,DSL,Yes,No,71.9,2524.88,60.0,15,5,0,Mailed Check,4,No
CUST-10089,65,Male,71,Month-to-Month,Fiber Optic,Yes,No,94.73,6616.8,91.9,50,1,0,Mailed Check,6,No
CUST-10090,32,Male,36,Month-to-Month,Fiber Optic,Yes,Yes,72.48,2617.47,239.2,43,1,0,Credit Card,1,No
CUST-10091,25,Female,18,Month-to-Month,DSL,Yes,Yes,72.95,1311.78,1.0,25,1,0,Electronic Check,3,No
CUST-10092,31,Male,38,Month-to-Month,DSL,Yes,Yes,63.95,2387.99,210.5,17,3,2,Electronic Check,2,Yes
CUST-10093,40,Female,59,Month-to-Month,No,Yes,No,83.48,4662.38,60.2,33,2,0,Electronic Check,5,No
CUST-10094,74,Male,9,Month-to-Month,Fiber Optic,Yes,No,60.35,519.61,101.9,2,1,0,Electronic Check,4,Yes
CUST-10095,57,Female,51,One Year,No,Yes,No,53.65,2592.11,53.0,39,1,0,Mailed Check,3,No
CUST-10096,38,Male,35,Two Year,Fiber Optic,Yes,Yes,92.63,3364.03,202.1,10,3,1,Bank Transfer,1,No
CUST-10097,33,Male,5,One Year,Fiber Optic,Yes,Yes,51.74,264.91,280.5,14,1,0,Bank Transfer,4,No
CUST-10098,62,Male,14,Two Year,Fiber Optic,Yes,Yes,87.24,1205.36,211.3,12,0,0,Mailed Check,1,No
CUST-10099,35,Female,30,Month-to-Month,DSL,Yes,Yes,92.65,2881.89,221.2,17,1,0,Bank Transfer,1,Yes
CUST-10100,64,Female,4,Month-to-Month,DSL,No,No,79.17,327.12,195.1,14,3,0,Credit Card,2,Yes
CUST-10101,70,Male,39,One Year,DSL,Yes,No,33.77,1368.6,241.4,51,0,1,Mailed Check,0,No
CUST-10102,41,Male,64,Month-to-Month,DSL,Yes,Yes,65.68,3923.0,222.0,10,0,1,Mailed Check,1,No
CUST-10103,43,Male,25,Month-to-Month,No,Yes,No,59.95,1510.18,1.0,56,2,0,Credit Card,4,No
CUST-10104,42,Female,28,Month-to-Month,DSL,Yes,Yes,52.6,1460.11,261.6,44,3,0,Credit Card,2,No
CUST-10105,62,Male,66,Month-to-Month,Fiber Optic,Yes,No,68.57,4571.21,252.1,39,2,0,Bank Transfer,2,No
CUST-10106,58,Male,22,Month-to-Month,Fiber Optic,Yes,Yes,84.23,1740.96,147.4,40,4,0,Electronic Check,2,Yes
CUST-10107,46,Male,31,Month-to-Month,DSL,Yes,No,53.54,1666.75,2.3,29,2,0,Electronic Check,3,No
CUST-10108,32,Male,23,Month-to-Month,Fiber Optic,Yes,Yes,60.72,1342.76,201.8,45,1,0,Credit Card,2,No
CUST-10109,62,Female,48,One Year,DSL,No,No,58.97,2901.65,209.4,6,3,1,Bank Transfer,4,No
CUST-10110,18,Female,20,Month-to-Month,Fiber Optic,Yes,Yes,94.1,1918.33,140.4,40,1,0,Electronic Check,4,Yes
CUST-10111,42,Male,38,Month-to-Month,DSL,Yes,Yes,58.57,2073.66,196.8,31,1,1,Credit Card,5,No
CUST-10112,24,Male,55,Month-to-Month,Fiber Optic,Yes,Yes,34.14,1741.71,276.5,37,1,0,Bank Transfer,4,No
CUST-10113,26,Female,68,Month-to-Month,Fiber Optic,No,Yes,25.66,1758.25,395.8,9,3,0,Bank Transfer,4,No
CUST-10114,41,Female,1,One Year,No,Yes,No,74.07,72.78,193.2,58,3,1,Bank Transfer,2,No
CUST-10115,18,Male,7,One Year,No,Yes,No,45.98,316.58,210.1,43,1,1,Electronic Check,5,No
CUST-10116,61,Female,57,One Year,Fiber Optic,Yes,No,81.72,4718.02,105.9,45,0,0,Mailed Check,4,No
CUST-10117,25,Female,12,Month-to-Month,Fiber Optic,Yes,No,31.72,391.39,134.9,33,2,0,Credit Card,4,Yes
CUST-10118,41,Male,5,One Year,Fiber Optic,Yes,Yes,51.53,241.12,167.8,7,2,1,Credit Card,3,No
CUST-10119,28,Female,50,One Year,Fiber Optic,Yes,No,31.74,1560.55,286.0,38,1,1,Mailed Check,3,No
CUST-10120,68,Female,42,Month-to-Month,No,Yes,Yes,75.87,3264.11,253.7,8,0,0,Electronic Check,1,Yes
CUST-10121,34,Male,12,Month-to-Month,DSL,No,No,81.22,1004.78,353.6,34,4,0,Electronic Check,7,Yes
CUST-10122,25,Male,18,Month-to-Month,Fiber Optic,Yes,Yes,73.47,1247.23,45.9,17,1,0,Credit Card,3,Yes
CUST-10123,52,Female,66,One Year,Fiber Optic,Yes,No,37.85,2287.32,60.9,17,0,0,Mailed Check,2,No
CUST-10124,52,Male,17,One Year,Fiber Optic,Yes,Yes,46.36,736.83,279.2,30,2,2,Mailed Check,4,No
CUST-10125,50,Female,68,Month-to-Month,DSL,Yes,Yes,70.86,5020.01,310.4,18,2,1,Mailed Check,3,Yes
CUST-10126,22,Male,71,One Year,Fiber Optic,Yes,Yes,22.81,1569.91,183.0,53,0,1,Mailed Check,2,No
CUST-10127,59,Female,62,Month-to-Month,Fiber Optic,Yes,Yes,58.97,3520.08,1.0,39,3,0,Bank Transfer,2,No
CUST-10128,56,Male,41,Month-to-Month,No,Yes,Yes,102.92,3806.03,113.1,15,2,0,Bank Transfer,5,No
CUST-10129,58,Female,34,Two Year,Fiber Optic,Yes,Yes,60.5,1867.04,210.2,45,3,1,Credit Card,7,No
CUST-10130,45,Female,70,Two Year,DSL,Yes,No,27.79,1945.89,99.1,57,0,0,Mailed Check,2,No
CUST-10131,24,Female,45,Month-to-Month,DSL,Yes,Yes,49.81,2215.62,196.7,20,1,1,Bank Transfer,6,Yes
CUST-10132,26,Male,58,Month-to-Month,DSL,Yes,No,49.23,2816.31,350.9,25,1,0,Mailed Check,8,No
CUST-10133,25,Male,51,Month-to-Month,Fiber Optic,Yes,Yes,118.51,5539.63,308.4,14,2,0,Electronic Check,5,No
CUST-10134,29,Female,34,Month-to-Month,Fiber Optic,Yes,Yes,106.64,3454.66,252.8,27,1,0,Credit Card,5,Yes
CUST-10135,51,Female,44,Two Year,DSL,Yes,No,83.27,3743.95,174.2,47,5,0,Bank Transfer,3,No
CUST-10136,50,Male,15,Two Year,Fiber Optic,Yes,No,56.42,783.87,135.5,35,1,0,Bank Transfer,3,No
CUST-10137,65,Male,70,One Year,Fiber Optic,Yes,Yes,95.02,6866.93,248.2,28,0,1,Electronic Check,2,No
CUST-10138,72,Male,50,Month-to-Month,DSL,Yes,No,36.66,1683.1,182.3,6,1,0,Credit Card,1,No
CUST-10139,40,Male,32,One Year,DSL,Yes,Yes,91.91,2721.63,185.4,41,6,0,Mailed Check,3,Yes
CUST-10140,41,Male,67,Month-to-Month,No,Yes,No,88.2,5741.94,40.4,59,2,0,Bank Transfer,3,No
CUST-10141,54,Male,3,Two Year,Fiber Optic,Yes,No,61.22,191.34,115.7,31,6,0,Bank Transfer,4,No
CUST-10142,52,Female,51,Two Year,Fiber Optic,Yes,Yes,93.48,4526.4,247.7,14,3,1,Bank Transfer,5,No
CUST-10143,61,Male,67,One Year,Fiber Optic,Yes,No,53.82,3601.37,80.9,16,0,1,Mailed Check,5,No
CUST-10144,57,Female,48,Month-to-Month,Fiber Optic,Yes,No,33.37,1583.02,203.9,49,2,0,Bank Transfer,2,No
CUST-10145,39,Male,17,Month-to-Month,Fiber Optic,Yes,Yes,89.45,1402.71,217.1,44,0,0,Electronic Check,1,Yes
CUST-10146,44,Male,7,Month-to-Month,Fiber Optic,Yes,No,62.87,412.46,222.4,36,0,0,Credit Card,8,No
CUST-10147,52,Female,13,Two Year,No,No,No,80.04,1081.64,230.4,5,2,0,Bank Transfer,5,No
CUST-10148,18,Female,66,Month-to-Month,No,Yes,No,110.52,6767.12,236.5,32,3,1,Credit Card,0,Yes
CUST-10149,52,Male,4,Month-to-Month,Fiber Optic,Yes,Yes,46.94,188.56,123.9,11,3,1,Electronic Check,5,No
CUST-10150,54,Female,10,Month-to-Month,DSL,Yes,No,61.42,641.66,47.9,22,3,0,Credit Card,2,No
CUST-10151,64,Female,17,Two Year,Fiber Optic,Yes,Yes,104.24,1626.64,101.4,43,1,0,Electronic Check,5,No
CUST-10152,31,Female,52,Month-to-Month,Fiber Optic,No,Yes,81.72,4078.94,245.7,40,1,0,Credit Card,2,No
CUST-10153,20,Female,6,Two Year,Fiber Optic,Yes,Yes,47.51,266.13,71.9,28,2,0,Mailed Check,4,No
CUST-10154,18,Male,69,Two Year,DSL,Yes,No,41.12,2647.85,86.3,50,1,0,Mailed Check,4,No
CUST-10155,22,Female,9,Two Year,DSL,Yes,No,51.8,427.9,85.8,6,2,0,Credit Card,1,No
CUST-10156,43,Male,21,Month-to-Month,Fiber Optic,Yes,No,46.54,,13.9,39,2,1,Bank Transfer,5,Yes
CUST-10157,72,Male,24,Month-to-Month,DSL,Yes,No,70.93,1722.67,76.8,6,0,0,Credit Card,2,No
CUST-10158,31,Male,4,Month-to-Month,Fiber Optic,Yes,Yes,66.96,268.25,270.0,46,0,0,Electronic Check,2,No
CUST-10159,56,Male,24,Month-to-Month,Fiber Optic,Yes,Yes,71.98,1794.37,115.5,20,0,2,Credit Card,2,No
CUST-10160,44,Female,59,Month-to-Month,Fiber Optic,Yes,No,43.98,2392.04,22.6,38,1,1,Electronic Check,1,No
CUST-10161,26,Female,3,One Year,DSL,Yes,No,63.23,179.82,134.0,4,0,0,Mailed Check,1,Yes
CUST-10162,32,Male,68,Month-to-Month,DSL,Yes,No,15.0,970.72,225.9,25,0,1,Bank Transfer,9,No
CUST-10163,32,Male,40,Two Year,DSL,Yes,Yes,68.63,2566.25,15.2,13,0,1,Bank Transfer,2,No
CUST-10164,43,Male,48,Month-to-Month,DSL,No,Yes,94.39,4174.29,265.8,49,1,1,Electronic Check,3,Yes
CUST-10165,59,Male,54,One Year,Fiber Optic,Yes,Yes,29.38,1543.69,50.3,12,0,3,Bank Transfer,2,Yes
CUST-10166,30,Female,35,One Year,Fiber Optic,Yes,Yes,77.09,2766.05,144.4,9,5,0,Credit Card,6,No
CUST-10167,68,Male,56,One Year,DSL,Yes,Yes,49.72,2904.55,143.3,59,3,0,Bank Transfer,5,No
CUST-10168,49,Female,40,Two Year,DSL,Yes,No,85.06,3128.17,129.5,52,1,0,Credit Card,2,No
CUST-10169,56,Male,68,One Year,DSL,Yes,No,68.97,4800.05,174.2,3,3,0,Electronic Check,3,No
CUST-10170,66,Male,46,Two Year,No,Yes,No,75.12,3537.37,250.1,32,1,0,Credit Card,8,No
CUST-10171,69,Male,13,Month-to-Month,Fiber Optic,Yes,Yes,66.62,829.99,176.3,11,2,0,Mailed Check,6,Yes
CUST-10172,49,Male,27,Month-to-Month,No,Yes,Yes,98.21,2430.27,125.5,5,1,0,Credit Card,3,Yes
CUST-10173,21,Female,6,Month-to-Month,No,Yes,No,73.69,463.58,221.2,35,4,0,Bank Transfer,0,Yes
CUST-10174,47,Female,17,Month-to-Month,Fiber Optic,Yes,No,47.36,803.78,198.7,49,0,2,Mailed Check,3,Yes
CUST-10175,54,Female,36,Month-to-Month,Fiber Optic,No,No,67.47,2543.88,119.7,24,1,1,Bank Transfer,2,Yes
CUST-10176,40,Male,2,Month-to-Month,DSL,Yes,No,55.78,108.5,183.8,41,1,0,Mailed Check,1,Yes
CUST-10177,56,Male,52,Month-to-Month,Fiber Optic,Yes,No,69.06,3444.89,112.3,6,2,0,Bank Transfer,3,No
CUST-10178,62,Female,66,Month-to-Month,DSL,Yes,Yes,54.51,3371.29,102.1,18,3,0,Bank Transfer,2,No
CUST-10179,32,Female,52,Month-to-Month,No,Yes,Yes,48.08,2619.01,252.5,38,0,1,Bank Transfer,6,No
CUST-10180,60,Male,43,Two Year,DSL,Yes,No,69.98,2822.54,220.2,6,3,2,Bank Transfer,2,No
CUST-10181,46,Male,22,Month-to-Month,Fiber Optic,Yes,Yes,66.39,1319.73,249.3,22,3,0,Credit Card,2,Yes
CUST-10182,53,Female,55,One Year,DSL,Yes,Yes,91.6,4921.47,237.2,42,2,1,Credit Card,7,No
CUST-10183,30,Male,67,Month-to-Month,No,Yes,Yes,54.63,3501.2,100.2,43,2,0,Bank Transfer,4,Yes
CUST-10184,49,Male,60,Two Year,DSL,Yes,Yes,15.48,872.34,270.1,14,2,0,Electronic Check,4,No
CUST-10185,24,Female,58,Two Year,Fiber Optic,Yes,No,55.9,3226.61,153.2,12,2,0,Bank Transfer,3,No
CUST-10186,68,Male,12,One Year,Fiber Optic,Yes,Yes,24.34,278.83,263.6,25,2,1,Electronic Check,3,No
CUST-10187,39,Female,69,One Year,Fiber Optic,Yes,Yes,75.39,4995.59,168.7,20,0,2,Bank Transfer,4,No
CUST-10188,45,Male,39,Month-to-Month,Fiber Optic,Yes,No,23.15,815.69,208.2,18,0,1,Mailed Check,4,No
CUST-10189,19,Female,13,Two Year,No,Yes,No,40.29,517.67,210.9,24,0,0,Credit Card,3,No
CUST-10190,59,Male,41,Two Year,DSL,Yes,No,55.94,2106.18,253.2,54,1,0,Mailed Check,4,No
CUST-10191,62,Female,57,Two Year,No,Yes,No,103.6,5504.06,32.9,15,1,2,Mailed Check,1,No
CUST-10192,74,Female,53,One Year,Fiber Optic,Yes,No,38.18,2038.85,38.1,31,1,0,Credit Card,3,No
CUST-10193,70,Female,12,Month-to-Month,No,Yes,No,65.31,742.17,240.5,42,0,0,Credit Card,3,Yes
CUST-10194,23,Female,13,Two Year,Fiber Optic,Yes,Yes,79.5,955.45,212.1,1,1,0,Electronic Check,5,No
CUST-10195,45,Male,57,Month-to-Month,Fiber Optic,Yes,Yes,102.1,5741.8,110.2,15,2,0,Electronic Check,4,Yes
CUST-10196,45,Male,40,One Year,No,Yes,No,84.44,3148.72,212.8,54,0,1,Mailed Check,3,No
CUST-10197,61,Female,45,Month-to-Month,Fiber Optic,Yes,No,92.35,3909.09,53.3,34,2,0,Electronic Check,1,Yes
CUST-10198,61,Male,35,Two Year,Fiber Optic,Yes,No,86.61,3010.74,473.8,52,4,0,Mailed Check,3,Yes
CUST-10199,37,Male,3,Month-to-Month,DSL,Yes,No,34.77,105.46,298.0,2,2,0,Bank Transfer,7,Yes
CUST-10200,47,Male,5,Month-to-Month,DSL,Yes,No,73.99,374.0,236.0,36,0,0,Bank Transfer,2,Yes
CUST-10201,28,Male,11,One Year,Fiber Optic,Yes,Yes,86.22,922.18,186.8,23,2,0,Bank Transfer,1,No
CUST-10202,72,Male,71,One Year,Fiber Optic,Yes,Yes,41.09,2824.46,124.3,24,1,0,Credit Card,3,No
CUST-10203,45,Female,56,One Year,Fiber Optic,Yes,Yes,50.51,2879.89,62.1,46,5,1,Bank Transfer,3,No
CUST-10204,42,Female,10,Month-to-Month,DSL,Yes,Yes,44.92,417.29,169.8,32,1,2,Electronic Check,3,Yes
CUST-10205,56,Female,34,Month-to-Month,Fiber Optic,Yes,Yes,84.32,2645.64,102.6,51,2,0,Mailed Check,5,No
CUST-10206,50,Female,67,One Year,Fiber Optic,Yes,Yes,63.27,4237.84,107.9,46,0,1,Electronic Check,3,No
CUST-10207,18,Male,31,Two Year,Fiber Optic,No,No,56.98,1698.24,52.5,13,1,0,Mailed Check,3,No
CUST-10208,74,Male,71,Two Year,No,Yes,No,32.96,2355.37,202.5,33,1,1,Bank Transfer,1,No
CUST-10209,44,Female,66,Month-to-Month,Fiber Optic,Yes,No,63.32,3922.06,146.1,42,2,0,Credit Card,7,No
CUST-10210,74,Male,70,Two Year,DSL,Yes,Yes,50.81,3374.35,228.2,14,3,1,Mailed Check,2,No
CUST-10211,69,Male,41,Month-to-Month,No,Yes,Yes,71.08,3014.83,221.1,17,2,1,Electronic Check,0,No
CUST-10212,30,Female,63,Month-to-Month,Fiber Optic,Yes,No,36.43,2210.74,200.7,58,3,1,Mailed Check,2,No
CUST-10213,58,Male,32,Month-to-Month,Fiber Optic,No,Yes,69.45,,419.3,16,3,0,Bank Transfer,2,Yes
CUST-10214,20,Female,20,Month-to-Month,DSL,Yes,No,54.03,989.83,254.1,32,0,0,Credit Card,0,No
CUST-10215,56,Female,57,One Year,Fiber Optic,Yes,Yes,33.77,1784.03,66.5,15,2,0,Electronic Check,2,No
CUST-10216,23,Male,50,Month-to-Month,DSL,No,No,31.82,1440.46,221.3,43,2,1,Electronic Check,3,Yes
CUST-10217,25,Male,25,Month-to-Month,Fiber Optic,Yes,Yes,35.57,856.93,175.1,55,2,0,Mailed Check,4,No
CUST-10218,44,Female,12,Month-to-Month,DSL,Yes,Yes,59.84,752.79,59.3,31,0,0,Bank Transfer,4,No
CUST-10219,26,Female,71,Month-to-Month,DSL,Yes,Yes,68.02,4979.52,52.1,12,1,0,Mailed Check,8,No
CUST-10220,54,Male,39,One Year,DSL,Yes,No,71.75,2784.08,220.8,33,1,1,Electronic Check,2,No
CUST-10221,50,Female,17,Month-to-Month,DSL,Yes,Yes,72.69,1271.77,242.8,3,0,1,Mailed Check,2,No
CUST-10222,68,Female,45,Month-to-Month,DSL,No,No,46.04,2049.27,85.8,11,0,0,Mailed Check,5,No
CUST-10223,59,Female,11,One Year,Fiber Optic,Yes,Yes,91.46,961.1,267.3,53,1,1,Bank Transfer,4,No
CUST-10224,61,Male,70,One Year,DSL,Yes,Yes,53.94,3496.51,205.6,43,0,0,Mailed Check,2,No
CUST-10225,41,Female,23,One Year,Fiber Optic,Yes,No,76.25,1750.17,287.6,5,2,1,Credit Card,2,No
CUST-10226,32,Male,70,Month-to-Month,DSL,Yes,No,60.9,3960.15,278.1,47,1,0,Bank Transfer,5,No
CUST-10227,71,Female,38,Two Year,No,Yes,No,74.39,2721.14,165.7,27,2,0,Mailed Check,3,No
CUST-10228,49,Male,2,Two Year,No,Yes,Yes,59.64,122.13,327.2,52,3,1,Bank Transfer,0,No
CUST-10229,49,Female,37,Two Year,DSL,Yes,Yes,74.84,2545.85,78.8,56,1,1,Electronic Check,3,No
CUST-10230,41,Male,49,One Year,Fiber Optic,Yes,No,64.82,2920.03,395.1,16,2,1,Bank Transfer,4,No
CUST-10231,58,Male,52,Month-to-Month,DSL,Yes,Yes,85.35,4143.77,100.9,35,3,0,Bank Transfer,7,No
CUST-10232,69,Male,33,Two Year,No,Yes,No,44.53,1444.2,175.7,40,2,0,Credit Card,0,No
CUST-10233,66,Female,22,Month-to-Month,Fiber Optic,Yes,Yes,20.75,428.09,129.0,16,2,0,Credit Card,3,No
CUST-10234,66,Female,5,Month-to-Month,DSL,Yes,No,40.67,198.36,146.1,16,4,0,Mailed Check,5,Yes
CUST-10235,69,Female,18,Month-to-Month,DSL,Yes,Yes,91.72,1560.65,443.1,22,1,0,Credit Card,2,Yes
CUST-10236,29,Male,38,Month-to-Month,DSL,Yes,Yes,61.14,2267.41,138.4,4,0,1,Mailed Check,1,Yes
CUST-10237,56,Female,37,Two Year,Fiber Optic,Yes,No,67.3,2344.79,256.6,58,4,0,Electronic Check,4,No
CUST-10238,19,Male,64,One Year,Fiber Optic,Yes,No,38.66,2590.53,158.8,32,2,0,Credit Card,3,No
CUST-10239,20,Female,10,One Year,Fiber Optic,Yes,No,66.64,649.01,264.3,27,2,2,Bank Transfer,3,No
CUST-10240,66,Male,42,One Year,Fiber Optic,Yes,No,39.43,1675.18,131.0,15,3,1,Electronic Check,4,No
CUST-10241,54,Male,48,Month-to-Month,DSL,Yes,No,43.11,2079.8,203.1,19,0,0,Mailed Check,0,No
CUST-10242,66,Male,44,Month-to-Month,DSL,Yes,No,54.94,2353.5,236.6,26,2,0,Bank Transfer,1,Yes
CUST-10243,73,Female,16,One Year,DSL,Yes,No,76.13,1139.91,115.0,15,2,1,Credit Card,5,No
CUST-10244,34,Female,54,One Year,No,Yes,No,78.8,4155.66,428.2,45,2,1,Electronic Check,2,No
CUST-10245,66,Female,35,Month-to-Month,DSL,Yes,Yes,79.48,2787.77,241.3,10,2,0,Mailed Check,3,Yes
CUST-10246,19,Male,28,One Year,Fiber Optic,Yes,No,25.3,686.43,159.7,34,5,0,Mailed Check,6,Yes
CUST-10247,19,Male,2,Month-to-Month,DSL,Yes,No,64.83,118.29,117.2,38,1,1,Credit Card,3,No
CUST-10248,45,Female,13,Month-to-Month,DSL,Yes,No,60.08,705.04,188.3,49,4,0,Credit Card,6,Yes
CUST-10249,71,Female,41,Month-to-Month,Fiber Optic,Yes,No,26.7,1039.07,70.6,26,2,1,Electronic Check,3,Yes
CUST-10250,40,Female,59,Month-to-Month,Fiber Optic,Yes,Yes,65.4,3559.69,340.4,8,2,0,Bank Transfer,4,No
CUST-10251,54,Male,69,Two Year,Fiber Optic,Yes,Yes,58.74,4198.68,218.8,16,4,0,Electronic Check,0,No
CUST-10252,49,Male,53,Two Year,Fiber Optic,Yes,Yes,77.79,3819.32,172.1,29,0,0,Mailed Check,0,No
CUST-10253,50,Male,45,Month-to-Month,Fiber Optic,Yes,Yes,67.03,2893.11,274.1,32,1,0,Bank Transfer,3,No
CUST-10254,18,Male,20,One Year,DSL,Yes,Yes,51.27,1032.38,115.1,21,1,0,Bank Transfer,2,No
CUST-10255,36,Male,24,One Year,Fiber Optic,Yes,No,88.14,2162.56,76.0,32,1,0,Electronic Check,4,No
CUST-10256,19,Female,61,Month-to-Month,Fiber Optic,No,No,15.0,889.07,168.3,45,0,1,Mailed Check,4,No
CUST-10257,70,Male,58,Month-to-Month,DSL,Yes,No,63.39,3408.85,191.5,55,2,0,Electronic Check,6,No
CUST-10258,61,Male,27,Two Year,Fiber Optic,No,Yes,20.92,531.31,227.8,12,2,0,Electronic Check,3,No
CUST-10259,43,Male,26,One Year,DSL,Yes,No,42.2,1056.43,47.1,48,5,0,Mailed Check,2,Yes
CUST-10260,49,Male,7,Two Year,DSL,Yes,No,78.12,522.06,138.9,39,2,0,Bank Transfer,2,No
CUST-10261,23,Male,42,Month-to-Month,Fiber Optic,Yes,Yes,33.15,1325.89,1.0,59,2,0,Credit Card,4,No
CUST-10262,49,Female,47,One Year,No,Yes,No,29.41,1271.38,73.6,10,1,0,Bank Transfer,2,No
CUST-10263,72,Male,53,Month-to-Month,No,Yes,No,124.55,6845.37,244.4,6,1,1,Electronic Check,2,No
CUST-10264,21,Male,59,Month-to-Month,DSL,Yes,Yes,31.02,1655.33,266.5,37,1,0,Bank Transfer,1,No
CUST-10265,72,Male,38,Month-to-Month,Fiber Optic,Yes,No,106.26,3900.59,77.2,18,1,0,Credit Card,2,No
CUST-10266,28,Female,69,Month-to-Month,Fiber Optic,Yes,No,60.69,4384.63,150.8,48,1,0,Mailed Check,2,No
CUST-10267,73,Female,53,Month-to-Month,DSL,Yes,Yes,51.88,2746.78,182.3,31,0,0,Bank Transfer,3,No
CUST-10268,34,Female,15,Month-to-Month,Fiber Optic,No,No,79.17,1132.11,277.0,35,2,1,Credit Card,4,No
CUST-10269,55,Male,26,Month-to-Month,Fiber Optic,Yes,Yes,98.41,2358.87,317.6,3,1,0,Mailed Check,1,Yes
CUST-10270,41,Female,48,One Year,No,Yes,Yes,36.35,1822.58,193.8,5,3,0,Credit Card,6,No
CUST-10271,22,Male,19,Month-to-Month,DSL,Yes,No,52.24,895.39,156.5,34,4,0,Credit Card,3,No
CUST-10272,69,Male,9,Month-to-Month,DSL,Yes,Yes,86.17,777.24,50.1,59,1,0,Credit Card,1,Yes
CUST-10273,51,Female,64,Month-to-Month,No,Yes,No,72.2,4768.76,189.7,33,1,0,Bank Transfer,6,Yes
CUST-10274,23,Male,54,Month-to-Month,Fiber Optic,Yes,Yes,92.55,4516.79,366.7,36,0,0,Electronic Check,1,No
CUST-10275,39,Male,51,One Year,No,Yes,Yes,77.88,4006.74,296.1,10,4,0,Credit Card,1,No
CUST-10276,28,Male,39,Month-to-Month,DSL,Yes,No,110.21,4512.35,195.7,45,1,0,Mailed Check,2,Yes
CUST-10277,65,Female,4,One Year,Fiber Optic,Yes,Yes,69.46,276.71,207.3,3,2,1,Mailed Check,1,No
CUST-10278,33,Male,3,Month-to-Month,Fiber Optic,Yes,Yes,70.55,203.65,118.0,11,1,1,Mailed Check,1,No
CUST-10279,50,Male,64,Month-to-Month,DSL,No,No,73.04,4820.22,147.9,3,1,1,Bank Transfer,4,No
CUST-10280,26,Female,29,Two Year,Fiber Optic,No,No,61.44,1751.7,193.3,28,1,0,Electronic Check,1,Yes
CUST-10281,23,Male,11,One Year,Fiber Optic,Yes,No,86.2,959.97,193.6,42,1,0,Bank Transfer,1,No
CUST-10282,33,Male,58,Month-to-Month,DSL,Yes,No,70.93,4065.26,271.0,59,1,1,Credit Card,4,No
CUST-10283,46,Female,27,Two Year,DSL,Yes,No,84.7,2071.35,266.6,54,0,1,Electronic Check,3,No
CUST-10284,20,Male,21,Month-to-Month,Fiber Optic,Yes,No,88.61,1734.22,226.9,28,0,0,Mailed Check,1,Yes
CUST-10285,37,Male,39,Two Year,Fiber Optic,Yes,Yes,75.71,2692.31,90.1,9,2,0,Bank Transfer,4,No
CUST-10286,53,Male,46,One Year,No,Yes,Yes,77.54,3267.24,93.5,26,2,0,Mailed Check,0,No
CUST-10287,36,Male,66,One Year,DSL,Yes,Yes,39.74,2366.62,100.1,29,4,0,Bank Transfer,4,No
CUST-10288,43,Male,36,Two Year,DSL,Yes,Yes,51.24,1776.71,201.2,10,1,1,Credit Card,6,No
CUST-10289,20,Female,65,Month-to-Month,No,Yes,No,86.08,5185.62,1.0,27,0,2,Electronic Check,3,No
CUST-10290,36,Female,63,One Year,No,Yes,No,100.59,6516.86,179.4,45,2,1,Electronic Check,3,No
CUST-10291,37,Female,35,Month-to-Month,DSL,Yes,No,16.49,584.37,306.8,32,1,0,Mailed Check,3,Yes
CUST-10292,49,Female,31,Month-to-Month,Fiber Optic,Yes,Yes,50.8,1552.72,240.0,18,1,0,Electronic Check,2,Yes
CUST-10293,24,Male,28,Month-to-Month,DSL,Yes,Yes,65.59,1787.58,148.4,53,3,1,Credit Card,3,No
CUST-10294,69,Male,1,Month-to-Month,DSL,Yes,Yes,43.02,40.37,117.2,18,4,2,Bank Transfer,5,Yes
CUST-10295,58,Male,25,One Year,DSL,Yes,No,44.44,1079.05,252.5,22,1,0,Bank Transfer,5,No
CUST-10296,50,Male,43,One Year,DSL,Yes,Yes,76.87,3292.8,207.5,17,3,0,Mailed Check,3,No
CUST-10297,57,Male,67,One Year,No,Yes,No,104.53,7124.91,157.8,49,2,2,Credit Card,0,No
CUST-10298,56,Female,63,Month-to-Month,Fiber Optic,Yes,Yes,15.0,862.08,127.0,25,3,0,Mailed Check,1,No
CUST-10299,35,Female,51,Month-to-Month,No,Yes,No,60.74,3117.16,186.9,26,5,1,Mailed Check,4,Yes
CUST-10300,57,Male,2,Two Year,Fiber Optic,Yes,No,76.58,154.91,152.7,5,0,1,Credit Card,2,No
CUST-10301,18,Male,64,Month-to-Month,Fiber Optic,Yes,No,84.51,5321.27,250.6,9,2,1,Mailed Check,2,No
CUST-10302,28,Male,69,One Year,Fiber Optic,Yes,Yes,72.98,4693.94,291.7,44,2,0,Bank Transfer,5,No
CUST-10303,45,Female,9,One Year,No,Yes,Yes,109.04,962.59,56.9,44,0,2,Mailed Check,4,Yes
CUST-10304,74,Male,2,One Year,Fiber Optic,No,Yes,65.72,128.21,69.7,24,2,0,Electronic Check,1,No
CUST-10305,42,Male,34,Month-to-Month,Fiber Optic,Yes,No,97.8,3229.95,301.3,57,4,1,Electronic Check,2,Yes
CUST-10306,67,Male,60,Two Year,No,Yes,Yes,48.84,2839.84,194.9,57,2,0,Electronic Check,2,No
CUST-10307,40,Female,61,Month-to-Month,DSL,Yes,Yes,66.45,3715.49,78.2,56,0,1,Credit Card,2,No
CUST-10308,48,Male,31,Two Year,Fiber Optic,Yes,No,34.68,997.07,268.5,51,1,0,Electronic Check,3,No
CUST-10309,47,Female,10,Month-to-Month,No,Yes,No,87.52,800.46,210.8,7,3,1,Credit Card,2,No
CUST-10310,59,Female,36,Month-to-Month,No,Yes,No,61.99,2089.64,378.3,20,3,1,Mailed Check,6,No
CUST-10311,52,Female,49,Month-to-Month,DSL,Yes,No,73.95,3404.4,158.8,56,2,1,Bank Transfer,1,No
CUST-10312,24,Female,70,One Year,Fiber Optic,Yes,No,57.17,3748.83,279.8,55,1,0,Electronic Check,2,No
CUST-10313,33,Female,49,Month-to-Month,Fiber Optic,Yes,No,79.66,3636.51,49.6,44,2,0,Credit Card,0,No
CUST-10314,43,Female,3,Month-to-Month,DSL,Yes,No,74.94,227.14,305.6,41,2,0,Electronic Check,3,Yes
CUST-10315,65,Male,5,Month-to-Month,Fiber Optic,Yes,Yes,40.13,205.22,265.0,8,0,1,Credit Card,4,No
CUST-10316,74,Male,61,Two Year,DSL,Yes,No,41.58,2407.19,324.4,19,1,0,Electronic Check,2,No
CUST-10317,69,Male,26,Two Year,DSL,Yes,No,64.31,1581.38,280.0,53,1,0,Electronic Check,5,No
CUST-10318,66,Female,5,One Year,Fiber Optic,Yes,Yes,81.49,418.29,171.1,35,0,0,Mailed Check,1,Yes
CUST-10319,19,Male,15,One Year,Fiber Optic,No,No,111.57,1662.82,74.6,43,3,0,Electronic Check,4,No
CUST-10320,18,Female,16,Month-to-Month,Fiber Optic,Yes,Yes,72.57,1096.12,125.8,44,2,0,Credit Card,5,Yes
CUST-10321,65,Female,1,Month-to-Month,Fiber Optic,Yes,Yes,90.19,90.83,21.5,25,1,0,Electronic Check,1,Yes
CUST-10322,29,Female,16,Two Year,DSL,Yes,No,24.68,375.8,97.1,17,0,2,Electronic Check,1,No
CUST-10323,22,Male,37,Month-to-Month,DSL,Yes,No,115.32,4215.57,218.3,39,2,0,Bank Transfer,4,No
CUST-10324,54,Female,3,Month-to-Month,DSL,Yes,No,80.14,252.18,175.7,25,0,1,Credit Card,2,Yes
CUST-10325,49,Female,52,Month-to-Month,DSL,Yes,Yes,63.76,3133.96,159.9,35,0,0,Bank Transfer,3,Yes
CUST-10326,72,Male,47,Month-to-Month,Fiber Optic,Yes,No,60.88,2974.61,108.6,39,1,1,Electronic Check,3,Yes
CUST-10327,26,Male,13,Month-to-Month,Fiber Optic,Yes,Yes,37.32,459.98,20.5,39,1,0,Bank Transfer,6,Yes
CUST-10328,58,Female,55,Month-to-Month,DSL,No,Yes,44.47,2399.48,196.4,59,4,0,Electronic Check,4,No
CUST-10329,52,Female,21,Month-to-Month,DSL,Yes,Yes,112.76,2294.55,214.1,46,1,1,Electronic Check,1,Yes
CUST-10330,36,Male,66,Month-to-Month,Fiber Optic,Yes,Yes,40.27,2704.26,90.8,2,1,0,Electronic Check,1,No
CUST-10331,65,Male,54,Month-to-Month,DSL,Yes,Yes,39.79,1953.48,132.0,16,0,0,Credit Card,3,No
CUST-10332,33,Male,27,Month-to-Month,No,Yes,No,47.44,1273.28,318.8,53,1,0,Credit Card,2,No
CUST-10333,20,Female,38,Month-to-Month,Fiber Optic,Yes,No,35.05,1350.68,284.4,42,1,3,Electronic Check,2,Yes
CUST-10334,37,Male,58,One Year,DSL,Yes,No,65.38,3681.39,46.4,14,2,2,Mailed Check,5,No
CUST-10335,41,Male,62,Month-to-Month,DSL,Yes,No,92.22,5236.18,172.4,29,1,0,Electronic Check,2,No
CUST-10336,71,Male,46,One Year,Fiber Optic,Yes,Yes,49.74,2143.25,310.9,39,4,0,Bank Transfer,3,No
CUST-10337,73,Female,11,One Year,DSL,Yes,No,30.67,338.03,160.5,2,1,0,Mailed Check,1,Yes
CUST-10338,50,Male,8,One Year,DSL,No,No,72.3,598.25,155.8,58,0,1,Bank Transfer,3,No
CUST-10339,41,Male,71,Month-to-Month,DSL,Yes,Yes,63.61,4350.3,278.3,10,2,0,Mailed Check,2,No
CUST-10340,69,Male,64,Month-to-Month,Fiber Optic,No,No,90.07,5672.6,268.8,2,1,2,Electronic Check,2,No
CUST-10341,28,Male,21,Month-to-Month,Fiber Optic,No,Yes,53.64,1052.39,264.2,27,2,1,Credit Card,4,Yes
CUST-10342,66,Male,63,One Year,DSL,Yes,Yes,58.5,3544.83,156.4,13,1,0,Credit Card,1,No
CUST-10343,25,Female,64,Month-to-Month,Fiber Optic,Yes,No,61.26,3726.64,239.7,54,0,0,Electronic Check,4,No
CUST-10344,53,Female,20,Two Year,Fiber Optic,Yes,No,67.23,1342.35,314.5,2,5,0,Credit Card,4,No
CUST-10345,55,Female,8,Two Year,Fiber Optic,Yes,No,55.19,462.58,175.5,42,1,0,Electronic Check,3,No
CUST-10346,57,Male,58,Month-to-Month,DSL,Yes,Yes,51.13,3030.77,143.7,14,6,1,Electronic Check,4,Yes
CUST-10347,37,Female,46,Month-to-Month,Fiber Optic,Yes,No,18.74,800.68,290.7,17,3,0,Mailed Check,2,Yes
CUST-10348,52,Female,31,One Year,No,Yes,No,50.87,1555.92,364.1,51,2,0,Bank Transfer,0,No
CUST-10349,65,Female,9,Month-to-Month,DSL,Yes,No,82.88,678.76,370.4,44,1,1,Electronic Check,2,Yes
CUST-10350,42,Male,15,Month-to-Month,DSL,Yes,Yes,86.26,1212.43,146.3,49,2,0,Electronic Check,6,Yes
CUST-10351,52,Male,26,Two Year,DSL,Yes,Yes,53.22,1281.09,155.3,38,1,0,Electronic Check,5,No
CUST-10352,42,Female,10,Month-to-Month,DSL,Yes,No,97.49,926.48,87.4,36,0,2,Credit Card,4,Yes
CUST-10353,46,Female,29,Two Year,Fiber Optic,Yes,Yes,64.28,1867.52,190.6,34,2,0,Electronic Check,1,No
CUST-10354,35,Male,36,One Year,No,Yes,Yes,31.55,1107.3,83.3,29,3,1,Bank Transfer,5,No
CUST-10355,63,Male,37,One Year,No,Yes,Yes,23.69,911.54,132.6,47,2,1,Mailed Check,4,No
CUST-10356,35,Female,71,Month-to-Month,DSL,Yes,No,95.46,6316.18,243.1,23,0,1,Credit Card,2,No
CUST-10357,19,Male,23,Month-to-Month,Fiber Optic,No,No,55.67,1222.32,215.1,23,0,0,Credit Card,3,No
CUST-10358,71,Female,41,Month-to-Month,Fiber Optic,Yes,Yes,34.65,1348.88,17.0,56,2,0,Credit Card,1,No
CUST-10359,52,Male,28,Month-to-Month,Fiber Optic,Yes,Yes,15.0,392.87,321.3,16,2,0,Electronic Check,4,Yes
CUST-10360,33,Female,48,Month-to-Month,Fiber Optic,Yes,No,55.11,2774.83,82.2,44,3,1,Electronic Check,3,Yes
CUST-10361,58,Female,38,Month-to-Month,DSL,Yes,Yes,75.12,2734.91,93.5,7,0,0,Bank Transfer,0,No
CUST-10362,53,Male,31,Month-to-Month,Fiber Optic,Yes,No,47.56,1534.92,68.5,45,2,0,Bank Transfer,4,Yes
CUST-10363,50,Female,14,Month-to-Month,Fiber Optic,Yes,Yes,38.67,518.95,120.5,1,1,1,Bank Transfer,2,Yes
CUST-10364,21,Female,29,One Year,Fiber Optic,Yes,Yes,51.27,1383.66,99.3,19,1,0,Mailed Check,3,No
CUST-10365,50,Female,51,Month-to-Month,Fiber Optic,Yes,Yes,96.08,4497.69,101.5,45,2,0,Credit Card,2,No
CUST-10366,31,Male,49,Month-to-Month,DSL,Yes,No,30.18,1520.72,1.0,33,1,1,Electronic Check,4,No
CUST-10367,38,Male,43,One Year,DSL,Yes,No,48.96,1904.89,191.7,34,1,0,Bank Transfer,3,No
CUST-10368,65,Male,5,Two Year,No,Yes,Yes,95.27,497.62,200.9,1,3,0,Mailed Check,3,No
CUST-10369,37,Female,42,Month-to-Month,Fiber Optic,Yes,Yes,77.35,3127.62,382.0,12,0,2,Mailed Check,1,Yes
CUST-10370,73,Male,7,Month-to-Month,No,Yes,Yes,69.48,455.77,223.8,25,2,0,Bank Transfer,4,Yes
CUST-10371,25,Female,42,One Year,DSL,Yes,No,48.79,2034.05,135.3,23,1,0,Electronic Check,2,No
CUST-10372,24,Female,36,Two Year,Fiber Optic,Yes,Yes,65.76,2177.82,71.9,25,2,1,Bank Transfer,1,No
CUST-10373,20,Male,27,One Year,Fiber Optic,Yes,Yes,51.55,1267.73,171.3,31,2,0,Bank Transfer,4,No
CUST-10374,34,Male,58,One Year,No,Yes,No,43.52,2585.16,220.4,24,2,0,Bank Transfer,4,No
CUST-10375,50,Female,46,Month-to-Month,DSL,Yes,No,38.0,1684.55,134.7,10,4,1,Mailed Check,2,Yes
CUST-10376,65,Female,66,Month-to-Month,DSL,Yes,Yes,84.6,5459.3,185.5,2,3,0,Mailed Check,3,No
CUST-10377,29,Male,25,Month-to-Month,Fiber Optic,No,Yes,63.49,1470.59,350.8,33,1,1,Mailed Check,2,No
CUST-10378,68,Male,27,One Year,No,Yes,No,72.86,1788.62,145.4,37,1,1,Mailed Check,0,No
CUST-10379,39,Male,1,One Year,No,Yes,No,68.79,65.71,10.2,23,3,0,Bank Transfer,4,No
CUST-10380,72,Female,42,Two Year,No,Yes,Yes,76.02,3115.96,258.6,2,2,1,Electronic Check,5,No
CUST-10381,39,Female,52,Month-to-Month,No,Yes,No,58.63,3093.93,208.3,4,1,0,Mailed Check,2,No
CUST-10382,63,Female,25,Month-to-Month,DSL,Yes,No,52.96,1291.11,26.2,23,2,0,Bank Transfer,3,No
CUST-10383,47,Female,54,Month-to-Month,DSL,Yes,No,44.62,2451.35,218.5,46,2,2,Credit Card,4,Yes
CUST-10384,55,Female,67,One Year,DSL,Yes,Yes,29.65,1822.29,90.2,41,0,0,Credit Card,9,No
CUST-10385,55,Male,6,One Year,DSL,Yes,No,36.95,201.66,219.7,38,1,0,Mailed Check,4,Yes
CUST-10386,62,Male,58,Month-to-Month,No,Yes,No,55.86,2993.1,351.7,23,5,0,Credit Card,6,Yes
CUST-10387,68,Female,70,Month-to-Month,No,No,Yes,24.92,1771.96,164.1,56,0,0,Electronic Check,1,No
CUST-10388,71,Female,53,Month-to-Month,DSL,Yes,No,30.44,1635.74,277.5,12,1,0,Bank Transfer,4,No
CUST-10389,25,Male,66,Month-to-Month,Fiber Optic,Yes,Yes,91.05,5535.8,69.4,44,1,1,Credit Card,5,Yes
CUST-10390,44,Male,58,Two Year,No,Yes,Yes,70.6,3704.35,43.3,24,1,0,Electronic Check,4,No
CUST-10391,44,Male,2,Month-to-Month,Fiber Optic,Yes,Yes,53.7,107.7,361.6,29,4,0,Bank Transfer,3,Yes
CUST-10392,51,Male,22,One Year,DSL,Yes,No,121.79,2755.19,207.7,41,3,0,Credit Card,2,Yes
CUST-10393,38,Female,37,One Year,Fiber Optic,Yes,No,23.79,891.78,237.3,28,4,0,Mailed Check,1,No
CUST-10394,47,Male,20,One Year,Fiber Optic,Yes,No,89.39,1663.4,283.7,15,1,0,Mailed Check,4,No
CUST-10395,50,Female,24,Month-to-Month,Fiber Optic,Yes,No,62.21,1474.47,132.5,10,4,0,Credit Card,8,Yes
CUST-10396,45,Male,65,Two Year,Fiber Optic,Yes,Yes,84.63,5575.79,254.3,34,2,0,Mailed Check,2,No
CUST-10397,64,Male,65,Month-to-Month,DSL,Yes,Yes,67.72,4130.54,240.6,29,2,0,Mailed Check,3,No
CUST-10398,50,Male,1,Month-to-Month,No,Yes,No,18.19,17.81,63.5,31,3,0,Electronic Check,0,Yes
CUST-10399,22,Female,3,Month-to-Month,Fiber Optic,Yes,No,67.39,191.49,316.2,23,1,0,Bank Transfer,4,Yes
CUST-10400,65,Female,46,Month-to-Month,Fiber Optic,No,Yes,73.39,3152.58,297.6,18,1,0,Mailed Check,3,No
CUST-10401,36,Male,55,Month-to-Month,No,Yes,Yes,15.0,862.49,64.5,7,2,0,Credit Card,1,No
CUST-10402,21,Female,64,Month-to-Month,DSL,Yes,Yes,113.6,7538.59,198.0,27,1,1,Mailed Check,4,No
CUST-10403,52,Female,45,Two Year,DSL,Yes,Yes,72.78,3166.53,159.2,9,0,1,Electronic Check,0,No
CUST-10404,66,Male,26,Month-to-Month,No,Yes,Yes,81.8,1957.75,307.6,20,2,0,Electronic Check,1,No
CUST-10405,34,Male,65,One Year,DSL,Yes,No,35.86,2352.31,53.0,53,2,0,Mailed Check,2,No
CUST-10406,61,Female,24,Two Year,Fiber Optic,Yes,Yes,82.27,1852.76,504.2,21,2,0,Credit Card,0,No
CUST-10407,45,Female,35,Month-to-Month,DSL,Yes,Yes,92.24,2987.17,164.3,28,5,0,Credit Card,2,Yes
CUST-10408,47,Female,24,One Year,DSL,Yes,No,71.34,1638.93,246.5,50,2,0,Electronic Check,1,No
CUST-10409,46,Male,28,Month-to-Month,Fiber Optic,Yes,No,64.77,1776.34,304.9,3,3,1,Credit Card,0,No
CUST-10410,63,Male,16,Month-to-Month,DSL,Yes,Yes,42.66,,162.4,45,1,0,Electronic Check,6,Yes
CUST-10411,70,Female,59,Month-to-Month,Fiber Optic,Yes,No,59.59,3465.75,169.7,10,4,0,Credit Card,6,Yes
CUST-10412,23,Male,54,Two Year,Fiber Optic,Yes,Yes,52.2,2543.41,134.7,17,2,0,Mailed Check,4,No
CUST-10413,52,Male,16,Month-to-Month,No,Yes,No,79.3,1311.66,100.3,35,3,0,Mailed Check,2,No
CUST-10414,58,Female,15,One Year,Fiber Optic,Yes,No,43.75,681.26,204.5,21,1,0,Mailed Check,1,No
CUST-10415,54,Female,11,Month-to-Month,DSL,No,No,79.12,878.99,167.8,9,3,0,Mailed Check,3,Yes
CUST-10416,41,Male,65,Two Year,No,Yes,Yes,44.03,2776.04,134.2,17,5,0,Bank Transfer,4,No
CUST-10417,46,Male,68,Month-to-Month,Fiber Optic,Yes,No,58.44,3728.47,139.4,32,1,0,Credit Card,2,No
CUST-10418,66,Female,43,One Year,Fiber Optic,Yes,No,80.4,3497.36,231.9,48,3,0,Bank Transfer,1,No
CUST-10419,63,Male,69,One Year,No,Yes,Yes,47.41,3401.39,108.2,38,0,0,Credit Card,2,No
CUST-10420,70,Male,13,One Year,Fiber Optic,Yes,Yes,81.26,975.86,157.8,28,0,0,Bank Transfer,4,No
CUST-10421,48,Female,10,Two Year,Fiber Optic,No,No,78.82,764.45,260.9,18,2,0,Electronic Check,4,No
CUST-10422,52,Female,41,Two Year,Fiber Optic,Yes,No,58.23,2261.59,202.3,6,2,0,Electronic Check,2,No
CUST-10423,50,Male,50,Month-to-Month,DSL,Yes,Yes,94.04,4483.41,85.5,58,1,0,Credit Card,1,No
CUST-10424,69,Male,71,Month-to-Month,DSL,Yes,No,66.94,4566.74,177.9,6,2,0,Electronic Check,3,Yes
CUST-10425,38,Male,59,Month-to-Month,Fiber Optic,Yes,Yes,92.56,5694.61,219.3,17,2,0,Credit Card,3,No
CUST-10426,49,Female,39,Month-to-Month,DSL,Yes,Yes,109.84,4021.57,269.0,53,3,0,Credit Card,2,Yes
CUST-10427,40,Male,3,Month-to-Month,DSL,Yes,No,58.97,172.29,112.0,10,1,0,Bank Transfer,1,Yes
CUST-10428,50,Male,7,Month-to-Month,DSL,Yes,Yes,81.12,592.1,129.7,2,1,0,Credit Card,2,Yes
CUST-10429,20,Female,49,Month-to-Month,Fiber Optic,Yes,Yes,49.06,2335.21,117.4,33,3,0,Electronic Check,1,No
CUST-10430,35,Female,26,Two Year,Fiber Optic,Yes,Yes,39.18,1048.77,121.9,43,1,0,Bank Transfer,4,No
CUST-10431,42,Male,33,Month-to-Month,Fiber Optic,No,No,60.11,1802.75,216.5,25,2,0,Bank Transfer,4,No
CUST-10432,59,Female,48,Two Year,Fiber Optic,Yes,Yes,30.93,1548.41,233.5,38,0,0,Bank Transfer,1,No
CUST-10433,48,Female,2,Month-to-Month,Fiber Optic,Yes,No,41.56,77.15,274.6,1,5,1,Bank Transfer,4,Yes
CUST-10434,71,Male,71,One Year,Fiber Optic,Yes,Yes,79.79,5931.29,171.8,16,1,0,Electronic Check,2,No
CUST-10435,20,Female,32,Two Year,Fiber Optic,Yes,No,52.16,1546.17,53.5,26,2,0,Mailed Check,4,No
CUST-10436,57,Female,4,Month-to-Month,Fiber Optic,Yes,Yes,82.76,320.0,240.3,41,0,0,Electronic Check,0,Yes
CUST-10437,63,Male,20,Month-to-Month,No,Yes,No,72.49,1371.93,194.3,12,1,0,Credit Card,3,No
CUST-10438,41,Female,36,Month-to-Month,No,Yes,No,111.28,3865.81,185.4,9,2,0,Electronic Check,3,No
CUST-10439,67,Male,32,Month-to-Month,No,No,Yes,78.11,2343.5,64.5,13,1,0,Credit Card,3,No
CUST-10440,49,Male,28,Two Year,No,Yes,Yes,92.86,2716.56,162.4,7,2,0,Mailed Check,4,No
CUST-10441,64,Female,1,Two Year,Fiber Optic,Yes,Yes,75.05,70.99,72.6,57,3,2,Bank Transfer,3,No
CUST-10442,39,Female,60,Month-to-Month,Fiber Optic,Yes,Yes,72.78,4358.03,223.4,1,4,1,Electronic Check,1,No
CUST-10443,40,Female,56,Month-to-Month,Fiber Optic,Yes,Yes,94.12,4852.32,141.3,31,2,0,Bank Transfer,6,No
CUST-10444,19,Male,35,Month-to-Month,Fiber Optic,Yes,No,81.72,2927.87,133.2,35,2,0,Bank Transfer,1,No
CUST-10445,44,Female,30,Month-to-Month,No,Yes,No,70.25,2068.25,41.7,24,1,1,Bank Transfer,3,No
CUST-10446,59,Male,54,One Year,Fiber Optic,Yes,Yes,70.14,3965.26,272.4,3,4,0,Electronic Check,3,No
CUST-10447,19,Female,36,Month-to-Month,No,Yes,Yes,78.46,2721.49,156.7,56,1,1,Mailed Check,5,Yes
CUST-10448,43,Female,55,Month-to-Month,DSL,Yes,Yes,48.22,2464.64,187.8,19,1,0,Electronic Check,6,No
CUST-10449,34,Female,58,Month-to-Month,No,Yes,Yes,47.16,2603.72,113.8,4,0,1,Mailed Check,5,Yes
CUST-10450,57,Male,65,Month-to-Month,Fiber Optic,Yes,No,100.64,6610.58,31.4,28,1,0,Mailed Check,1,No
CUST-10451,50,Female,69,One Year,Fiber Optic,No,No,111.61,7692.36,132.2,44,2,0,Credit Card,3,No
CUST-10452,26,Female,51,Month-to-Month,DSL,Yes,Yes,41.78,2166.48,146.6,30,4,0,Mailed Check,4,No
CUST-10453,60,Male,22,Two Year,Fiber Optic,Yes,Yes,48.28,967.65,206.3,36,0,2,Credit Card,1,No
CUST-10454,71,Male,53,Two Year,No,Yes,No,93.56,4894.49,148.0,53,3,0,Electronic Check,3,No
CUST-10455,65,Female,36,Month-to-Month,DSL,Yes,Yes,78.34,2932.56,115.3,42,2,0,Bank Transfer,4,No
CUST-10456,56,Female,68,Month-to-Month,Fiber Optic,Yes,Yes,81.91,5103.04,44.7,58,3,0,Mailed Check,0,No
CUST-10457,46,Female,36,Two Year,Fiber Optic,Yes,No,87.42,2876.94,184.4,59,1,0,Bank Transfer,1,No
CUST-10458,59,Male,52,Two Year,No,Yes,No,58.98,3089.93,108.3,4,0,1,Mailed Check,6,No
CUST-10459,72,Male,53,Two Year,Fiber Optic,Yes,Yes,73.25,3677.57,298.9,23,4,0,Credit Card,4,No
CUST-10460,43,Male,50,Month-to-Month,DSL,Yes,No,71.3,3560.68,193.5,11,1,0,Electronic Check,4,No
CUST-10461,52,Male,41,Two Year,Fiber Optic,Yes,Yes,43.54,1752.66,230.6,4,0,0,Credit Card,5,No
CUST-10462,67,Female,18,Month-to-Month,Fiber Optic,Yes,No,72.88,1374.69,157.6,11,2,0,Credit Card,4,Yes
CUST-10463,42,Male,22,One Year,DSL,Yes,Yes,95.94,2181.09,198.1,49,1,1,Credit Card,4,No
CUST-10464,41,Male,66,Two Year,Fiber Optic,Yes,No,56.65,3745.3,99.8,53,2,0,Electronic Check,1,No
CUST-10465,30,Male,21,Month-to-Month,No,Yes,No,68.81,1357.23,74.0,24,0,1,Electronic Check,1,Yes
CUST-10466,24,Female,44,Two Year,No,Yes,Yes,70.17,2900.03,181.4,54,0,0,Bank Transfer,1,No
CUST-10467,74,Female,47,Month-to-Month,DSL,Yes,No,57.88,2808.33,231.3,52,1,0,Electronic Check,4,Yes
CUST-10468,53,Male,39,Two Year,No,Yes,No,81.92,3155.91,4.9,20,2,2,Credit Card,2,No
CUST-10469,62,Male,29,Month-to-Month,Fiber Optic,Yes,Yes,48.0,1417.6,135.1,45,3,0,Credit Card,3,No
CUST-10470,37,Female,54,Two Year,DSL,Yes,No,98.32,5136.62,345.8,17,2,0,Electronic Check,3,No
CUST-10471,18,Female,17,Month-to-Month,DSL,No,No,80.66,1255.3,223.1,58,0,0,Bank Transfer,1,No
CUST-10472,25,Female,60,One Year,DSL,Yes,No,41.58,2369.82,318.4,13,0,1,Credit Card,2,No
CUST-10473,63,Female,31,Month-to-Month,No,Yes,Yes,107.45,3078.37,122.9,17,1,0,Mailed Check,3,No
CUST-10474,33,Female,49,Month-to-Month,DSL,Yes,Yes,69.2,3449.38,138.8,51,1,0,Bank Transfer,0,No
CUST-10475,31,Female,2,Month-to-Month,DSL,Yes,Yes,46.93,94.34,267.0,52,2,0,Credit Card,3,No
CUST-10476,29,Female,48,One Year,Fiber Optic,Yes,Yes,92.61,4059.71,236.1,15,0,1,Mailed Check,0,Yes
CUST-10477,68,Female,14,Month-to-Month,Fiber Optic,No,No,77.37,1075.82,171.5,4,2,1,Credit Card,6,No
CUST-10478,40,Male,59,One Year,Fiber Optic,Yes,Yes,20.7,1259.31,66.4,18,1,1,Credit Card,2,No
CUST-10479,32,Male,58,Month-to-Month,Fiber Optic,Yes,Yes,51.86,3021.73,284.1,43,4,0,Electronic Check,6,Yes
CUST-10480,45,Male,58,Two Year,DSL,Yes,Yes,71.98,4077.43,405.9,9,4,1,Mailed Check,3,No
CUST-10481,51,Male,51,Month-to-Month,No,Yes,Yes,15.0,724.29,38.5,48,2,0,Credit Card,4,No
CUST-10482,19,Male,2,Month-to-Month,DSL,Yes,No,67.13,138.7,306.3,56,1,0,Electronic Check,1,Yes
CUST-10483,49,Male,41,Month-to-Month,Fiber Optic,Yes,No,68.95,2723.54,137.9,3,0,0,Electronic Check,2,Yes
CUST-10484,40,Female,16,Month-to-Month,Fiber Optic,Yes,Yes,35.41,582.6,150.0,27,0,1,Credit Card,5,No
CUST-10485,39,Female,4,Month-to-Month,DSL,Yes,Yes,71.77,292.09,204.3,18,1,0,Electronic Check,3,No
CUST-10486,68,Male,12,Month-to-Month,No,Yes,Yes,65.19,799.83,71.5,17,3,1,Bank Transfer,2,Yes
CUST-10487,42,Male,29,Two Year,Fiber Optic,Yes,Yes,35.22,1070.89,176.7,10,2,0,Bank Transfer,3,No
CUST-10488,39,Female,7,One Year,DSL,Yes,Yes,87.99,623.51,35.0,57,4,0,Bank Transfer,1,Yes
CUST-10489,39,Female,14,One Year,No,Yes,No,85.95,1089.11,222.8,37,2,1,Credit Card,2,No
CUST-10490,66,Female,12,Month-to-Month,Fiber Optic,Yes,Yes,57.76,645.17,381.0,56,1,0,Bank Transfer,2,No
CUST-10491,69,Male,5,One Year,Fiber Optic,Yes,No,60.04,271.76,122.4,29,4,0,Credit Card,3,No
CUST-10492,59,Female,32,Month-to-Month,Fiber Optic,Yes,Yes,83.16,2470.82,164.8,47,4,1,Bank Transfer,3,No
CUST-10493,23,Male,43,One Year,No,Yes,Yes,59.98,2345.0,169.2,52,0,0,Electronic Check,5,No
CUST-10494,32,Male,69,Month-to-Month,DSL,Yes,No,16.73,1125.79,268.8,50,3,1,Electronic Check,2,Yes
CUST-10495,71,Female,45,Month-to-Month,DSL,Yes,No,77.17,3140.08,216.5,5,0,0,Electronic Check,1,Yes
CUST-10496,60,Female,9,Month-to-Month,Fiber Optic,Yes,No,44.67,390.33,262.8,56,0,1,Electronic Check,0,Yes
CUST-10497,54,Male,49,Two Year,DSL,No,No,55.25,2801.53,134.4,47,4,0,Credit Card,5,No
CUST-10498,50,Female,33,Month-to-Month,Fiber Optic,No,Yes,101.45,3388.98,219.0,6,2,0,Mailed Check,2,Yes
CUST-10499,25,Female,18,One Year,Fiber Optic,Yes,No,61.65,1155.86,1.0,40,1,0,Bank Transfer,4,No
CUST-10500,70,Male,9,Month-to-Month,DSL,Yes,Yes,65.04,546.72,240.1,59,0,0,Mailed Check,3,No
CUST-10501,61,Female,62,One Year,DSL,Yes,No,77.74,4721.86,70.4,35,4,0,Credit Card,6,No
CUST-10502,61,Male,57,Two Year,Fiber Optic,Yes,Yes,77.63,4193.87,150.5,5,1,0,Mailed Check,1,No
CUST-10503,22,Male,29,Month-to-Month,No,Yes,Yes,42.02,1186.99,247.1,50,2,1,Mailed Check,2,No
CUST-10504,56,Female,25,Month-to-Month,Fiber Optic,Yes,No,63.49,1561.16,41.8,15,1,0,Bank Transfer,3,No
CUST-10505,21,Male,15,Two Year,Fiber Optic,Yes,Yes,65.9,895.02,278.0,27,0,0,Credit Card,4,No
CUST-10506,23,Male,6,Month-to-Month,DSL,No,Yes,71.8,402.79,168.8,44,0,0,Electronic Check,5,No
CUST-10507,62,Female,42,Month-to-Month,Fiber Optic,Yes,Yes,72.23,3051.0,310.8,51,2,1,Electronic Check,2,Yes
CUST-10508,49,Female,29,One Year,DSL,Yes,No,129.69,3820.96,98.7,39,1,1,Mailed Check,3,No
CUST-10509,69,Female,4,One Year,Fiber Optic,Yes,No,35.6,140.32,16.8,33,0,0,Electronic Check,4,No
CUST-10510,47,Male,57,Month-to-Month,Fiber Optic,Yes,No,89.5,4798.6,177.4,24,0,0,Credit Card,2,No
CUST-10511,64,Male,49,Two Year,No,Yes,No,94.58,4452.58,232.8,21,0,0,Bank Transfer,2,No
CUST-10512,52,Female,44,Month-to-Month,Fiber Optic,No,No,77.32,3110.88,240.4,2,1,1,Credit Card,1,No
CUST-10513,72,Male,14,Month-to-Month,Fiber Optic,Yes,Yes,48.74,711.69,77.8,19,0,1,Electronic Check,2,No
CUST-10514,57,Female,3,One Year,Fiber Optic,Yes,Yes,106.62,,33.8,45,0,0,Electronic Check,3,Yes
CUST-10515,69,Female,62,Month-to-Month,No,Yes,No,15.0,846.15,151.9,52,1,1,Bank Transfer,2,No
CUST-10516,33,Male,64,Month-to-Month,Fiber Optic,Yes,Yes,47.92,2836.78,226.5,18,0,0,Credit Card,2,No
CUST-10517,30,Female,45,One Year,DSL,Yes,Yes,94.29,4188.59,221.9,10,0,1,Mailed Check,2,No
CUST-10518,67,Male,58,Two Year,No,No,Yes,55.75,3022.88,321.5,45,3,0,Mailed Check,5,No
CUST-10519,59,Male,20,Two Year,DSL,Yes,No,104.91,2182.46,146.4,37,1,0,Credit Card,5,No
CUST-10520,47,Female,58,Two Year,DSL,Yes,Yes,27.2,1598.64,14.0,23,1,0,Credit Card,6,No
CUST-10521,36,Male,57,Two Year,DSL,No,No,37.2,1995.28,287.7,45,2,0,Credit Card,3,No
CUST-10522,34,Female,68,Month-to-Month,No,Yes,No,51.71,3167.87,197.6,41,2,0,Bank Transfer,3,No
CUST-10523,73,Male,52,Month-to-Month,DSL,Yes,No,75.43,4000.48,205.4,1,2,1,Mailed Check,0,No
CUST-10524,36,Male,37,Two Year,No,No,No,59.45,2119.61,249.0,58,3,0,Mailed Check,4,No
CUST-10525,45,Male,8,Month-to-Month,Fiber Optic,Yes,Yes,52.74,420.38,293.7,54,4,0,Mailed Check,3,Yes
CUST-10526,72,Female,44,One Year,DSL,Yes,No,100.51,4170.57,177.9,6,0,1,Mailed Check,5,No
CUST-10527,43,Male,5,One Year,Fiber Optic,Yes,No,102.84,473.8,285.9,1,1,0,Bank Transfer,3,No
CUST-10528,54,Female,69,Month-to-Month,DSL,Yes,No,54.64,3775.05,229.7,18,2,1,Mailed Check,2,No
CUST-10529,43,Male,31,Two Year,Fiber Optic,Yes,No,22.26,667.67,121.0,27,0,0,Credit Card,3,No
CUST-10530,70,Male,45,Month-to-Month,Fiber Optic,Yes,Yes,15.0,631.31,159.0,48,1,0,Mailed Check,1,Yes
CUST-10531,40,Female,9,Month-to-Month,Fiber Optic,Yes,No,70.98,588.13,235.5,40,3,0,Bank Transfer,4,No
CUST-10532,26,Female,32,Two Year,DSL,Yes,Yes,81.4,2571.12,116.2,38,0,2,Electronic Check,3,No
CUST-10533,29,Female,33,Month-to-Month,Fiber Optic,Yes,No,66.57,2216.21,259.8,45,1,0,Bank Transfer,4,Yes
CUST-10534,70,Female,67,Month-to-Month,No,Yes,No,63.23,3993.17,194.2,17,3,0,Mailed Check,4,No
CUST-10535,18,Female,30,Month-to-Month,Fiber Optic,Yes,No,44.89,1360.53,214.3,26,1,0,Bank Transfer,3,Yes
CUST-10536,18,Male,29,Two Year,No,Yes,No,81.37,2188.57,309.6,13,1,1,Bank Transfer,4,No
CUST-10537,64,Male,3,One Year,DSL,Yes,Yes,106.95,305.05,212.1,10,1,1,Bank Transfer,4,No
CUST-10538,51,Female,57,One Year,No,Yes,Yes,15.0,865.03,186.4,59,2,0,Bank Transfer,6,No
CUST-10539,49,Male,30,One Year,DSL,Yes,No,63.06,1889.95,172.6,38,0,0,Credit Card,1,No
CUST-10540,71,Male,9,Month-to-Month,DSL,Yes,Yes,40.74,344.87,167.9,26,0,1,Electronic Check,2,Yes
CUST-10541,65,Male,26,Two Year,No,Yes,Yes,27.74,662.33,208.1,31,0,0,Bank Transfer,5,No
CUST-10542,42,Female,2,Two Year,No,Yes,No,36.75,66.62,302.7,23,2,1,Mailed Check,4,No
CUST-10543,57,Male,62,Month-to-Month,Fiber Optic,Yes,Yes,74.49,4737.01,124.9,50,0,0,Credit Card,4,No
CUST-10544,62,Male,3,Month-to-Month,DSL,No,No,75.12,205.36,118.1,59,1,0,Electronic Check,1,Yes
CUST-10545,70,Male,46,Two Year,DSL,Yes,Yes,101.51,4282.95,295.7,20,3,2,Credit Card,1,Yes
CUST-10546,18,Female,68,Two Year,Fiber Optic,No,No,65.22,4149.6,129.0,23,0,0,Bank Transfer,4,No
CUST-10547,33,Male,25,Two Year,No,Yes,No,21.04,508.56,199.4,45,2,0,Mailed Check,4,No
CUST-10548,56,Male,51,Two Year,DSL,Yes,Yes,59.05,3067.17,126.7,27,0,1,Mailed Check,4,No
CUST-10549,22,Female,13,Month-to-Month,No,Yes,Yes,30.34,369.62,28.8,15,3,0,Credit Card,0,No
CUST-10550,39,Female,44,One Year,DSL,Yes,Yes,34.83,1504.21,197.8,38,0,1,Mailed Check,0,No
CUST-10551,46,Male,35,Month-to-Month,No,Yes,No,79.51,2542.29,280.4,11,0,1,Mailed Check,3,No
CUST-10552,72,Male,55,Month-to-Month,No,Yes,Yes,69.85,3725.26,174.4,8,1,1,Electronic Check,2,No
CUST-10553,20,Female,9,One Year,Fiber Optic,Yes,Yes,79.69,664.6,46.7,14,2,0,Mailed Check,2,No
CUST-10554,29,Female,2,Month-to-Month,Fiber Optic,Yes,No,56.06,104.46,189.8,13,1,0,Mailed Check,0,No
CUST-10555,43,Female,61,One Year,No,Yes,Yes,84.76,4937.82,112.0,22,1,1,Credit Card,4,No
CUST-10556,33,Female,41,Month-to-Month,Fiber Optic,Yes,No,54.66,2272.89,1.0,34,5,1,Credit Card,4,Yes
CUST-10557,68,Female,44,Month-to-Month,Fiber Optic,Yes,No,92.92,4135.9,172.7,1,3,0,Credit Card,3,Yes
CUST-10558,54,Female,64,Month-to-Month,Fiber Optic,Yes,No,73.62,4533.79,226.6,37,2,0,Mailed Check,3,No
CUST-10559,39,Female,31,Month-to-Month,DSL,Yes,No,59.83,1702.27,286.0,32,5,0,Credit Card,3,Yes
CUST-10560,74,Male,47,Month-to-Month,No,No,Yes,70.3,3112.8,338.1,11,1,1,Mailed Check,4,Yes
CUST-10561,46,Female,2,Month-to-Month,DSL,Yes,No,64.55,125.98,238.6,10,0,0,Electronic Check,4,Yes
CUST-10562,31,Female,69,Two Year,No,Yes,No,104.9,7458.22,264.0,30,1,0,Bank Transfer,4,No
CUST-10563,45,Male,58,Month-to-Month,DSL,Yes,Yes,71.14,4312.78,64.4,12,2,0,Bank Transfer,3,No
CUST-10564,22,Female,44,Month-to-Month,Fiber Optic,No,Yes,64.96,2845.72,326.0,42,1,0,Bank Transfer,3,No
CUST-10565,64,Female,56,One Year,DSL,Yes,No,59.04,3149.53,294.1,41,0,0,Credit Card,4,No
CUST-10566,66,Male,43,One Year,DSL,Yes,Yes,86.08,3716.31,147.0,34,0,2,Electronic Check,2,No
CUST-10567,47,Female,34,Month-to-Month,DSL,Yes,No,82.7,2672.43,241.3,55,0,0,Bank Transfer,3,No
CUST-10568,63,Male,30,One Year,Fiber Optic,Yes,Yes,58.15,1733.72,232.3,25,0,0,Mailed Check,3,No
CUST-10569,69,Male,71,One Year,Fiber Optic,Yes,Yes,36.11,2401.17,312.3,36,1,1,Electronic Check,1,No
CUST-10570,22,Male,70,Month-to-Month,No,Yes,No,42.45,2793.35,166.4,4,1,0,Credit Card,2,No
CUST-10571,29,Male,55,Month-to-Month,DSL,Yes,Yes,60.4,3027.28,112.8,58,1,0,Bank Transfer,4,No
CUST-10572,33,Female,67,Two Year,Fiber Optic,Yes,No,98.72,6369.65,135.9,21,1,1,Bank Transfer,4,No
CUST-10573,43,Male,13,Two Year,Fiber Optic,Yes,Yes,58.75,758.19,260.7,30,2,1,Bank Transfer,4,No
CUST-10574,43,Male,3,One Year,DSL,Yes,Yes,50.15,153.21,7.2,38,2,2,Electronic Check,3,Yes
CUST-10575,65,Female,26,Month-to-Month,Fiber Optic,No,No,20.98,557.24,1.0,12,2,0,Electronic Check,2,No
CUST-10576,38,Male,57,Month-to-Month,Fiber Optic,Yes,No,102.84,,260.5,39,1,0,Mailed Check,3,Yes
CUST-10577,56,Male,24,One Year,Fiber Optic,Yes,No,79.23,1736.4,204.7,25,1,2,Electronic Check,3,No
CUST-10578,53,Male,53,Month-to-Month,DSL,Yes,No,84.9,4382.58,181.7,54,0,0,Electronic Check,1,No
CUST-10579,50,Male,70,Month-to-Month,Fiber Optic,Yes,No,89.04,6096.96,62.5,19,1,0,Mailed Check,3,No
CUST-10580,47,Female,43,One Year,DSL,Yes,No,60.88,2671.98,26.1,2,1,0,Bank Transfer,0,No
CUST-10581,54,Male,60,Month-to-Month,Fiber Optic,Yes,Yes,67.11,3784.82,122.9,22,1,0,Bank Transfer,6,No
CUST-10582,40,Female,58,One Year,No,No,No,102.22,5397.58,212.6,30,2,0,Electronic Check,3,No
CUST-10583,27,Female,49,Two Year,Fiber Optic,Yes,Yes,69.49,3224.76,127.3,57,1,0,Mailed Check,2,No
CUST-10584,71,Male,42,Month-to-Month,Fiber Optic,Yes,Yes,79.69,3506.26,261.0,51,1,0,Bank Transfer,5,No
CUST-10585,22,Male,66,Two Year,DSL,Yes,Yes,86.76,5926.1,94.1,36,1,1,Credit Card,6,No
CUST-10586,53,Male,11,Month-to-Month,No,Yes,Yes,81.07,855.46,133.3,3,3,0,Credit Card,4,Yes
CUST-10587,51,Male,18,Two Year,DSL,Yes,No,61.8,1147.37,243.3,23,0,1,Mailed Check,4,No
CUST-10588,69,Female,52,Month-to-Month,Fiber Optic,No,Yes,64.15,3018.61,146.1,4,1,0,Mailed Check,1,No
CUST-10589,48,Female,46,Month-to-Month,No,Yes,Yes,84.44,3678.88,150.5,28,1,0,Electronic Check,5,No
CUST-10590,27,Female,44,One Year,Fiber Optic,Yes,Yes,84.4,3747.1,122.1,14,3,0,Credit Card,3,No
CUST-10591,36,Male,22,Month-to-Month,Fiber Optic,Yes,Yes,94.21,,105.4,6,0,1,Bank Transfer,2,No
CUST-10592,49,Female,53,Two Year,Fiber Optic,Yes,No,78.78,3882.06,211.9,6,2,0,Mailed Check,4,No
CUST-10593,18,Male,59,Month-to-Month,DSL,Yes,Yes,79.92,4853.3,223.5,41,3,0,Credit Card,4,No
CUST-10594,73,Male,30,Month-to-Month,Fiber Optic,Yes,Yes,53.84,1602.91,200.4,37,4,0,Bank Transfer,2,Yes
CUST-10595,22,Male,8,Month-to-Month,DSL,Yes,Yes,50.47,423.28,124.5,7,2,0,Credit Card,5,Yes
CUST-10596,62,Male,57,Month-to-Month,Fiber Optic,Yes,Yes,84.52,4433.19,161.9,13,4,0,Bank Transfer,6,No
CUST-10597,21,Male,20,Month-to-Month,DSL,Yes,No,50.65,965.81,323.6,1,5,1,Credit Card,3,No
CUST-10598,33,Female,25,One Year,No,Yes,Yes,64.48,1526.05,52.1,24,1,0,Bank Transfer,3,No
CUST-10599,41,Female,19,One Year,DSL,Yes,Yes,99.48,1950.64,349.7,34,1,0,Bank Transfer,2,No
CUST-10600,33,Male,5,Two Year,Fiber Optic,Yes,Yes,95.51,448.08,189.0,52,0,0,Mailed Check,3,No
CUST-10601,72,Female,27,Two Year,Fiber Optic,Yes,Yes,72.54,1866.56,163.8,10,3,0,Bank Transfer,2,No
CUST-10602,19,Male,40,Month-to-Month,Fiber Optic,Yes,No,57.6,2122.96,265.8,55,3,1,Mailed Check,7,No
CUST-10603,66,Male,26,One Year,DSL,Yes,Yes,61.92,1636.18,1.0,6,3,0,Credit Card,0,No
CUST-10604,45,Male,27,Month-to-Month,Fiber Optic,Yes,No,86.69,2190.02,304.2,4,0,0,Electronic Check,6,Yes
CUST-10605,49,Female,62,One Year,DSL,Yes,No,64.09,3616.94,347.2,8,0,1,Electronic Check,4,No
CUST-10606,44,Male,50,Month-to-Month,Fiber Optic,Yes,Yes,51.04,2463.36,277.9,46,1,1,Credit Card,1,No
CUST-10607,37,Male,42,Two Year,Fiber Optic,No,No,95.39,3840.99,1.0,48,2,0,Mailed Check,5,No
CUST-10608,41,Female,29,One Year,Fiber Optic,Yes,No,69.54,1868.72,248.8,15,0,1,Electronic Check,3,Yes
CUST-10609,29,Female,39,Two Year,DSL,No,No,50.57,1814.53,328.1,45,1,1,Electronic Check,5,No
CUST-10610,67,Female,60,Two Year,No,Yes,Yes,76.97,4777.45,318.8,12,2,0,Bank Transfer,4,No
CUST-10611,52,Male,41,Two Year,Fiber Optic,Yes,No,89.28,3331.68,53.3,39,1,0,Mailed Check,3,No
CUST-10612,50,Male,33,Two Year,DSL,Yes,Yes,39.81,1201.93,271.5,47,1,0,Mailed Check,5,No
CUST-10613,50,Female,16,Month-to-Month,Fiber Optic,Yes,Yes,59.99,899.14,341.6,6,1,0,Bank Transfer,1,No
CUST-10614,68,Male,23,Month-to-Month,No,Yes,No,58.83,1411.17,182.7,53,2,1,Credit Card,1,No
CUST-10615,60,Female,7,Month-to-Month,DSL,Yes,No,76.31,487.59,49.3,21,1,0,Electronic Check,6,Yes
CUST-10616,54,Female,26,Month-to-Month,Fiber Optic,Yes,Yes,80.8,,254.6,46,0,1,Bank Transfer,2,Yes
CUST-10617,29,Male,12,Month-to-Month,Fiber Optic,Yes,No,51.21,635.3,274.8,32,0,0,Credit Card,3,No
CUST-10618,20,Male,5,Month-to-Month,DSL,Yes,No,27.68,132.4,167.5,32,1,0,Credit Card,4,No
CUST-10619,18,Female,69,Month-to-Month,No,Yes,Yes,90.79,5914.22,72.8,27,4,1,Mailed Check,2,Yes
CUST-10620,50,Female,49,Two Year,Fiber Optic,Yes,Yes,37.0,1815.91,268.4,47,1,0,Credit Card,3,No
CUST-10621,57,Female,26,Two Year,DSL,Yes,Yes,71.78,1876.35,110.8,55,1,1,Bank Transfer,3,No
CUST-10622,27,Female,5,Month-to-Month,No,No,No,61.7,313.74,215.8,11,2,1,Mailed Check,2,Yes
CUST-10623,60,Male,22,Month-to-Month,Fiber Optic,Yes,No,69.06,1556.67,320.2,22,3,0,Mailed Check,2,No
CUST-10624,61,Female,13,Month-to-Month,No,Yes,Yes,106.28,1299.1,30.7,36,1,1,Electronic Check,3,Yes
CUST-10625,46,Female,28,Month-to-Month,Fiber Optic,Yes,No,140.96,3958.9,261.7,23,2,0,Mailed Check,3,Yes
CUST-10626,30,Female,33,One Year,Fiber Optic,Yes,No,24.16,733.69,161.4,37,2,1,Credit Card,6,No
CUST-10627,29,Male,23,Month-to-Month,No,Yes,No,89.6,2012.6,163.7,23,0,1,Credit Card,2,No
CUST-10628,48,Male,18,One Year,DSL,Yes,Yes,61.09,1090.75,226.3,55,1,1,Credit Card,4,Yes
CUST-10629,63,Female,30,Two Year,Fiber Optic,Yes,No,91.2,2528.77,110.6,27,0,1,Electronic Check,0,No
CUST-10630,19,Male,26,Two Year,Fiber Optic,Yes,No,88.93,2107.5,74.2,34,0,1,Bank Transfer,1,No
CUST-10631,68,Male,16,Month-to-Month,DSL,Yes,Yes,100.24,1490.31,19.4,20,0,0,Electronic Check,8,Yes
CUST-10632,67,Male,39,One Year,Fiber Optic,Yes,Yes,72.12,2708.86,290.9,15,2,2,Bank Transfer,5,No
CUST-10633,52,Female,33,Month-to-Month,DSL,Yes,No,42.76,1457.89,146.5,42,2,1,Credit Card,4,No
CUST-10634,40,Female,26,Month-to-Month,Fiber Optic,Yes,Yes,88.19,,231.3,4,2,0,Bank Transfer,1,No
CUST-10635,34,Male,48,Month-to-Month,Fiber Optic,Yes,No,67.95,3301.63,136.3,29,3,2,Credit Card,3,No
CUST-10636,43,Female,65,Month-to-Month,No,Yes,Yes,59.15,3560.71,75.4,55,2,0,Credit Card,2,No
CUST-10637,25,Female,38,Month-to-Month,DSL,Yes,Yes,53.09,1847.75,238.7,40,3,0,Credit Card,0,No
CUST-10638,46,Male,2,Month-to-Month,Fiber Optic,Yes,Yes,90.16,168.77,209.5,11,0,0,Bank Transfer,6,Yes
CUST-10639,43,Male,6,One Year,DSL,Yes,Yes,105.08,597.12,158.7,49,0,0,Mailed Check,2,No
CUST-10640,27,Female,46,One Year,Fiber Optic,Yes,Yes,35.12,1586.79,207.2,7,1,0,Electronic Check,0,Yes
CUST-10641,43,Male,50,Month-to-Month,Fiber Optic,Yes,No,80.55,4157.13,93.6,11,0,0,Credit Card,2,Yes
CUST-10642,51,Female,38,Month-to-Month,Fiber Optic,Yes,Yes,55.69,2039.85,275.5,54,4,0,Bank Transfer,6,Yes
CUST-10643,68,Female,18,Two Year,No,Yes,No,28.32,498.45,296.3,42,0,1,Bank Transfer,2,No
CUST-10644,58,Male,27,Month-to-Month,No,Yes,No,68.69,1670.45,248.3,33,2,0,Electronic Check,1,Yes
CUST-10645,24,Female,41,Two Year,DSL,Yes,Yes,44.17,1638.92,146.5,30,1,0,Bank Transfer,2,No
CUST-10646,21,Female,17,One Year,DSL,Yes,Yes,25.56,396.53,185.3,32,1,1,Mailed Check,2,No
CUST-10647,70,Male,62,Month-to-Month,Fiber Optic,Yes,No,45.46,2832.19,321.2,40,2,0,Electronic Check,7,Yes
CUST-10648,67,Male,29,Month-to-Month,Fiber Optic,No,Yes,39.31,1109.13,295.3,37,3,1,Bank Transfer,5,Yes
CUST-10649,62,Male,58,Month-to-Month,DSL,Yes,Yes,48.83,2630.9,359.4,13,4,0,Electronic Check,1,No
CUST-10650,28,Female,70,Month-to-Month,Fiber Optic,Yes,No,31.85,2204.73,109.8,7,1,0,Mailed Check,4,No
CUST-10651,46,Male,22,Month-to-Month,Fiber Optic,Yes,Yes,55.12,1190.44,101.7,24,1,1,Mailed Check,6,No
CUST-10652,73,Male,6,One Year,Fiber Optic,Yes,Yes,47.17,258.49,192.1,55,2,1,Bank Transfer,2,No
CUST-10653,53,Male,26,Month-to-Month,No,No,No,74.39,1926.52,216.6,11,5,0,Electronic Check,3,Yes
CUST-10654,42,Male,39,Month-to-Month,Fiber Optic,Yes,No,79.84,3160.69,167.2,31,2,0,Mailed Check,4,Yes
CUST-10655,38,Female,12,One Year,DSL,Yes,Yes,71.5,809.08,144.9,44,3,1,Credit Card,2,No
CUST-10656,74,Female,14,Month-to-Month,DSL,Yes,No,59.11,830.12,294.1,14,2,0,Electronic Check,3,Yes
CUST-10657,53,Male,22,Month-to-Month,No,Yes,No,58.44,1195.63,171.8,44,3,0,Credit Card,3,No
CUST-10658,27,Female,51,Month-to-Month,No,Yes,No,44.07,2277.93,70.6,26,1,1,Credit Card,2,No
CUST-10659,54,Male,23,Month-to-Month,Fiber Optic,Yes,Yes,44.68,1065.42,81.0,1,1,1,Electronic Check,4,No
CUST-10660,26,Male,48,One Year,Fiber Optic,Yes,No,82.59,3830.64,202.2,6,3,0,Bank Transfer,2,No
CUST-10661,41,Female,71,Month-to-Month,No,Yes,Yes,21.01,1397.27,450.2,59,2,0,Mailed Check,2,Yes
CUST-10662,52,Female,50,One Year,Fiber Optic,Yes,No,62.98,3022.65,92.2,31,2,0,Bank Transfer,6,No
CUST-10663,66,Male,13,Month-to-Month,No,Yes,Yes,56.91,693.6,151.7,43,0,0,Electronic Check,2,Yes
CUST-10664,52,Male,10,Month-to-Month,Fiber Optic,Yes,No,79.98,719.97,396.4,43,1,0,Credit Card,1,Yes
CUST-10665,65,Female,55,Month-to-Month,Fiber Optic,Yes,Yes,29.37,1611.42,136.4,12,1,0,Credit Card,4,No
CUST-10666,53,Male,9,One Year,Fiber Optic,Yes,Yes,65.31,532.76,221.0,1,2,0,Credit Card,1,Yes
CUST-10667,35,Female,52,Month-to-Month,DSL,Yes,No,73.57,3563.81,348.8,52,1,0,Bank Transfer,1,No
CUST-10668,66,Male,2,Month-to-Month,DSL,Yes,Yes,17.38,35.05,94.4,52,2,1,Bank Transfer,2,Yes
CUST-10669,56,Male,25,One Year,Fiber Optic,Yes,Yes,38.14,953.37,152.2,56,1,0,Credit Card,6,No
CUST-10670,49,Female,13,Month-to-Month,No,No,No,62.71,742.67,136.4,6,0,2,Mailed Check,3,No
CUST-10671,41,Female,51,Month-to-Month,Fiber Optic,Yes,No,77.85,3966.41,43.4,29,6,0,Electronic Check,1,No
CUST-10672,40,Female,58,One Year,Fiber Optic,Yes,Yes,69.56,4194.19,321.2,30,1,0,Bank Transfer,4,No
CUST-10673,49,Female,34,Month-to-Month,DSL,Yes,Yes,79.01,2447.73,127.3,55,2,1,Credit Card,5,No
CUST-10674,54,Female,35,One Year,DSL,Yes,No,38.02,1280.6,101.1,13,0,0,Credit Card,3,No
CUST-10675,29,Female,3,Month-to-Month,Fiber Optic,No,No,25.28,76.55,140.0,30,5,0,Electronic Check,7,Yes
CUST-10676,66,Female,59,One Year,Fiber Optic,No,Yes,67.11,3960.12,263.6,12,1,0,Bank Transfer,2,No
CUST-10677,72,Male,70,One Year,Fiber Optic,Yes,No,34.27,2240.52,190.2,10,0,0,Mailed Check,3,No
CUST-10678,30,Male,48,Month-to-Month,DSL,Yes,No,43.37,1924.5,108.8,55,1,0,Bank Transfer,1,No
CUST-10679,40,Male,64,One Year,No,Yes,Yes,88.31,5751.52,216.8,39,1,1,Mailed Check,4,No
CUST-10680,42,Female,19,Two Year,Fiber Optic,Yes,Yes,69.73,1382.42,253.1,10,2,0,Bank Transfer,2,No
CUST-10681,52,Female,67,Month-to-Month,No,Yes,Yes,50.8,3455.12,177.9,18,0,1,Bank Transfer,1,No
CUST-10682,58,Female,5,Month-to-Month,Fiber Optic,Yes,No,47.55,248.33,158.9,6,1,1,Mailed Check,4,Yes
CUST-10683,47,Male,67,One Year,DSL,Yes,Yes,80.52,5344.93,271.4,56,2,1,Bank Transfer,7,No
CUST-10684,34,Female,11,One Year,Fiber Optic,No,Yes,70.3,803.74,163.9,8,1,0,Credit Card,4,Yes
CUST-10685,66,Female,68,Month-to-Month,Fiber Optic,No,No,34.64,2363.92,324.7,20,1,2,Credit Card,2,No
CUST-10686,37,Male,69,Two Year,Fiber Optic,No,Yes,16.3,1165.56,111.8,55,1,1,Bank Transfer,2,No
CUST-10687,65,Female,1,Month-to-Month,Fiber Optic,Yes,No,112.05,103.56,109.7,41,1,1,Mailed Check,4,Yes
CUST-10688,42,Male,63,One Year,DSL,Yes,Yes,34.44,2218.18,98.7,16,1,0,Bank Transfer,2,No
CUST-10689,39,Male,29,One Year,Fiber Optic,Yes,No,78.19,2107.68,158.5,56,1,0,Credit Card,4,No
CUST-10690,30,Female,12,Two Year,No,Yes,Yes,102.77,1114.99,180.2,2,1,0,Credit Card,2,No
CUST-10691,36,Female,41,Month-to-Month,DSL,Yes,Yes,68.69,2753.31,60.7,11,1,1,Credit Card,3,No
CUST-10692,66,Female,2,One Year,DSL,Yes,No,49.99,94.75,188.7,24,0,0,Electronic Check,4,No
CUST-10693,53,Male,37,Month-to-Month,No,Yes,No,29.35,984.45,230.9,19,2,0,Credit Card,5,No
CUST-10694,29,Male,45,Month-to-Month,DSL,Yes,No,29.0,1366.39,48.1,4,1,1,Bank Transfer,0,No
CUST-10695,58,Male,48,Month-to-Month,Fiber Optic,Yes,No,74.42,3572.05,133.1,3,2,0,Credit Card,2,Yes
CUST-10696,36,Female,24,One Year,Fiber Optic,Yes,No,101.27,2516.21,231.1,15,1,0,Credit Card,1,No
CUST-10697,29,Female,22,Month-to-Month,Fiber Optic,Yes,No,55.11,1272.87,82.0,40,0,0,Mailed Check,2,No
CUST-10698,26,Female,11,Month-to-Month,Fiber Optic,Yes,No,51.11,539.04,151.6,4,1,0,Bank Transfer,3,Yes
CUST-10699,24,Female,58,One Year,DSL,Yes,No,82.44,4486.07,277.9,43,0,0,Credit Card,1,No
CUST-10700,45,Male,46,One Year,DSL,No,No,47.85,2041.7,341.6,17,2,0,Electronic Check,1,No
CUST-10701,31,Male,29,One Year,Fiber Optic,Yes,No,71.86,2036.59,219.6,9,1,0,Credit Card,4,No
CUST-10702,48,Male,35,Two Year,Fiber Optic,Yes,Yes,66.05,2290.74,164.8,25,2,1,Credit Card,1,No
CUST-10703,69,Male,15,Month-to-Month,Fiber Optic,Yes,Yes,54.76,797.47,134.9,1,2,1,Electronic Check,1,No
CUST-10704,36,Female,60,Two Year,Fiber Optic,Yes,Yes,64.61,3714.12,262.0,40,2,0,Bank Transfer,4,No
CUST-10705,64,Female,42,Two Year,DSL,Yes,No,109.08,4238.86,282.0,2,5,0,Bank Transfer,6,No
CUST-10706,33,Female,43,Month-to-Month,DSL,No,No,80.11,3328.57,75.9,55,1,0,Credit Card,4,No
CUST-10707,70,Male,49,Month-to-Month,No,No,No,92.31,4128.71,261.9,45,1,1,Mailed Check,5,No
CUST-10708,22,Male,64,Month-to-Month,Fiber Optic,Yes,Yes,42.03,2769.96,125.4,33,1,0,Credit Card,1,No
CUST-10709,52,Female,32,Month-to-Month,DSL,Yes,Yes,92.4,2681.92,102.6,22,1,0,Bank Transfer,4,Yes
CUST-10710,29,Female,64,One Year,DSL,Yes,No,80.98,4960.37,166.2,42,0,0,Mailed Check,3,No
CUST-10711,42,Male,2,One Year,DSL,Yes,No,27.51,50.34,269.2,12,3,1,Electronic Check,3,Yes
CUST-10712,69,Female,24,One Year,DSL,Yes,Yes,78.49,1914.37,207.8,27,2,0,Credit Card,3,No
CUST-10713,38,Male,66,Month-to-Month,No,Yes,No,52.17,3260.42,205.4,11,0,1,Electronic Check,4,No
CUST-10714,53,Male,38,Month-to-Month,No,Yes,Yes,26.35,918.16,211.7,42,2,0,Electronic Check,3,No
CUST-10715,70,Male,31,Two Year,No,Yes,Yes,68.24,2072.55,222.1,14,3,1,Credit Card,2,No
CUST-10716,40,Female,26,Month-to-Month,No,Yes,No,78.48,2116.88,169.7,14,2,1,Electronic Check,3,No
CUST-10717,33,Female,29,Two Year,No,Yes,No,68.79,2067.32,236.9,40,1,0,Credit Card,5,No
CUST-10718,74,Male,67,Month-to-Month,Fiber Optic,Yes,No,62.27,3911.12,120.6,43,1,1,Bank Transfer,0,No
CUST-10719,56,Female,25,Two Year,DSL,Yes,Yes,56.74,1429.78,238.6,22,1,0,Bank Transfer,0,No
CUST-10720,62,Male,48,Month-to-Month,Fiber Optic,Yes,Yes,126.66,5499.33,257.1,9,0,0,Mailed Check,2,Yes
CUST-10721,70,Male,65,Month-to-Month,DSL,Yes,Yes,35.44,,242.9,15,2,0,Mailed Check,4,No
CUST-10722,59,Male,53,Month-to-Month,DSL,Yes,Yes,86.82,4486.06,247.6,59,2,0,Electronic Check,6,Yes
CUST-10723,56,Male,67,One Year,DSL,Yes,No,65.39,4093.35,221.8,33,2,0,Mailed Check,4,No
CUST-10724,31,Female,18,Two Year,Fiber Optic,Yes,Yes,43.64,801.03,285.6,57,2,0,Bank Transfer,0,No
CUST-10725,48,Male,9,Month-to-Month,DSL,Yes,Yes,63.79,596.88,1.0,19,0,1,Mailed Check,2,Yes
CUST-10726,22,Male,38,Two Year,DSL,Yes,Yes,30.18,1032.9,256.8,31,2,0,Electronic Check,1,No
CUST-10727,52,Female,21,One Year,Fiber Optic,Yes,No,50.11,983.84,357.8,18,2,0,Mailed Check,5,No
CUST-10728,40,Male,65,One Year,No,Yes,No,63.83,4007.61,124.0,12,1,0,Bank Transfer,4,No
CUST-10729,46,Male,21,Two Year,Fiber Optic,Yes,No,26.22,542.06,114.0,40,2,1,Mailed Check,3,No
CUST-10730,60,Female,27,Month-to-Month,No,Yes,Yes,77.66,2175.21,295.8,58,2,0,Electronic Check,2,No
CUST-10731,28,Female,70,Month-to-Month,DSL,Yes,Yes,40.91,2960.44,96.6,37,4,0,Bank Transfer,3,No
CUST-10732,35,Female,44,Two Year,DSL,No,Yes,28.71,1257.65,120.0,45,1,0,Credit Card,1,No
CUST-10733,64,Male,28,Two Year,Fiber Optic,Yes,Yes,37.99,,195.3,49,4,1,Mailed Check,4,No
CUST-10734,29,Female,45,Two Year,Fiber Optic,Yes,Yes,119.4,5466.99,108.1,1,2,0,Electronic Check,1,No
CUST-10735,26,Female,17,Two Year,Fiber Optic,Yes,Yes,15.55,245.95,258.8,34,3,0,Mailed Check,4,No
CUST-10736,27,Male,40,Month-to-Month,Fiber Optic,Yes,No,75.9,3171.94,108.8,7,1,1,Credit Card,3,No
CUST-10737,61,Male,3,Two Year,Fiber Optic,Yes,No,46.21,124.89,212.5,2,0,3,Credit Card,7,No
CUST-10738,34,Male,66,Month-to-Month,No,Yes,Yes,56.25,3658.54,205.6,57,1,0,Mailed Check,2,No
CUST-10739,55,Male,46,Two Year,Fiber Optic,Yes,No,80.1,3365.0,329.7,22,3,1,Bank Transfer,3,No
CUST-10740,24,Male,30,Month-to-Month,DSL,Yes,Yes,78.87,2274.15,284.9,4,1,0,Bank Transfer,5,No
CUST-10741,63,Female,69,One Year,Fiber Optic,Yes,No,47.98,3294.86,132.3,45,2,0,Bank Transfer,3,No
CUST-10742,30,Female,9,Month-to-Month,DSL,Yes,No,31.05,280.41,66.2,46,0,1,Credit Card,2,Yes
CUST-10743,57,Female,11,Month-to-Month,DSL,Yes,No,80.55,901.85,255.4,20,1,1,Credit Card,1,Yes
CUST-10744,59,Male,69,Month-to-Month,DSL,Yes,Yes,78.81,5378.07,121.2,3,3,0,Electronic Check,1,No
CUST-10745,26,Male,66,Two Year,Fiber Optic,Yes,Yes,57.88,3582.08,149.8,9,1,0,Mailed Check,2,No
CUST-10746,67,Male,31,Two Year,DSL,Yes,Yes,76.05,2436.26,84.6,18,1,0,Electronic Check,3,No
CUST-10747,44,Female,33,Month-to-Month,DSL,Yes,Yes,53.85,1815.55,241.1,57,1,0,Bank Transfer,0,No
CUST-10748,19,Female,39,One Year,Fiber Optic,Yes,No,44.32,1597.13,121.8,16,1,0,Electronic Check,6,No
CUST-10749,22,Male,46,One Year,Fiber Optic,Yes,No,65.1,3066.4,176.8,51,3,0,Electronic Check,0,No
CUST-10750,46,Female,37,Month-to-Month,Fiber Optic,Yes,No,77.98,3017.68,178.2,52,2,1,Credit Card,1,No
CUST-10751,54,Male,60,Month-to-Month,Fiber Optic,Yes,No,72.73,4344.52,196.5,9,4,1,Bank Transfer,5,Yes
CUST-10752,55,Female,31,Two Year,DSL,Yes,No,77.73,2270.52,239.5,19,1,1,Mailed Check,2,No
CUST-10753,36,Female,11,One Year,DSL,Yes,Yes,45.99,501.33,158.1,6,0,0,Electronic Check,2,Yes
CUST-10754,25,Female,2,Month-to-Month,DSL,Yes,Yes,104.55,198.93,113.3,44,3,0,Mailed Check,2,No
CUST-10755,65,Male,27,One Year,No,Yes,No,56.44,1526.0,12.6,15,0,0,Credit Card,3,No
CUST-10756,62,Female,2,Month-to-Month,Fiber Optic,No,Yes,62.03,121.79,189.2,53,1,0,Bank Transfer,7,Yes
CUST-10757,18,Female,21,Month-to-Month,DSL,No,Yes,32.03,699.15,165.9,6,2,0,Mailed Check,4,No
CUST-10758,39,Male,58,Month-to-Month,DSL,Yes,Yes,60.15,3463.18,116.1,5,3,0,Mailed Check,3,No
CUST-10759,69,Female,5,Month-to-Month,No,Yes,No,78.31,364.96,185.6,29,1,2,Mailed Check,2,Yes
CUST-10760,34,Male,52,One Year,Fiber Optic,No,No,84.06,4409.44,257.0,46,0,0,Mailed Check,1,No
CUST-10761,24,Male,45,Two Year,No,Yes,Yes,104.05,4425.34,280.1,27,2,1,Electronic Check,1,Yes
CUST-10762,42,Male,20,Month-to-Month,DSL,Yes,No,78.01,1467.93,41.8,51,1,1,Electronic Check,3,Yes
CUST-10763,62,Male,61,Month-to-Month,DSL,Yes,No,71.92,4206.22,147.5,50,4,0,Bank Transfer,10,Yes
CUST-10764,21,Male,38,One Year,Fiber Optic,Yes,No,53.84,1845.01,266.5,58,3,0,Bank Transfer,2,No
CUST-10765,53,Female,20,Two Year,Fiber Optic,Yes,No,48.46,1013.17,323.6,45,4,0,Bank Transfer,2,No
CUST-10766,23,Male,25,One Year,Fiber Optic,Yes,No,89.26,2186.53,106.4,41,0,1,Credit Card,3,No
CUST-10767,48,Male,2,Two Year,Fiber Optic,Yes,No,88.78,180.41,304.0,52,1,0,Electronic Check,2,No
CUST-10768,36,Male,32,Month-to-Month,Fiber Optic,Yes,Yes,38.07,1143.53,58.5,26,0,0,Credit Card,0,Yes
CUST-10769,61,Male,26,One Year,Fiber Optic,Yes,Yes,83.08,2185.99,283.3,28,4,0,Electronic Check,8,Yes
CUST-10770,71,Female,70,Month-to-Month,DSL,No,Yes,81.26,5603.31,154.6,54,0,0,Credit Card,3,No
CUST-10771,56,Male,41,Month-to-Month,Fiber Optic,Yes,Yes,37.15,1467.74,320.7,32,0,2,Electronic Check,3,Yes
CUST-10772,44,Female,67,Month-to-Month,No,Yes,Yes,78.51,5500.04,138.2,25,1,0,Mailed Check,4,No
CUST-10773,27,Male,1,Month-to-Month,DSL,Yes,Yes,38.76,37.76,152.1,53,0,0,Electronic Check,3,Yes
CUST-10774,43,Female,51,Two Year,Fiber Optic,Yes,Yes,15.0,763.94,168.0,7,1,0,Electronic Check,2,No
CUST-10775,36,Male,5,Two Year,Fiber Optic,No,Yes,61.0,275.2,41.7,30,0,0,Electronic Check,2,No
CUST-10776,56,Male,13,Month-to-Month,No,Yes,Yes,71.45,877.97,21.4,53,1,2,Bank Transfer,3,Yes
CUST-10777,20,Female,19,Month-to-Month,Fiber Optic,Yes,No,62.12,,225.9,31,3,1,Bank Transfer,4,No
CUST-10778,62,Male,12,Month-to-Month,Fiber Optic,Yes,No,136.68,1662.87,269.0,12,2,0,Credit Card,1,No
CUST-10779,30,Female,48,Month-to-Month,No,Yes,No,74.47,3504.9,234.7,9,1,0,Bank Transfer,3,Yes
CUST-10780,67,Male,25,One Year,No,Yes,Yes,68.68,1777.14,67.1,34,1,0,Electronic Check,2,No
CUST-10781,45,Female,57,Two Year,Fiber Optic,Yes,Yes,75.74,4200.33,223.2,3,2,1,Credit Card,4,No
CUST-10782,37,Male,35,Two Year,Fiber Optic,Yes,Yes,53.97,1860.57,90.9,37,4,1,Electronic Check,3,No
CUST-10783,45,Male,5,One Year,DSL,Yes,Yes,88.24,422.37,216.7,50,1,2,Credit Card,3,Yes
CUST-10784,25,Female,22,Two Year,Fiber Optic,No,No,74.03,1617.27,281.8,28,2,0,Credit Card,5,No
CUST-10785,58,Male,57,Month-to-Month,No,No,Yes,72.88,3937.52,213.1,46,3,0,Credit Card,2,No
CUST-10786,56,Male,47,Month-to-Month,No,No,No,49.4,2223.88,312.2,22,2,0,Bank Transfer,4,No
CUST-10787,18,Male,54,Month-to-Month,DSL,No,No,25.89,1460.9,166.5,26,2,0,Mailed Check,1,No
CUST-10788,20,Male,3,One Year,Fiber Optic,Yes,Yes,52.47,144.3,160.5,19,0,0,Bank Transfer,4,No
CUST-10789,30,Male,53,One Year,Fiber Optic,Yes,No,72.07,3498.05,186.1,21,3,1,Mailed Check,2,No
CUST-10790,45,Male,31,Month-to-Month,No,Yes,Yes,53.88,1514.1,59.2,37,0,0,Mailed Check,2,Yes
CUST-10791,74,Female,69,Month-to-Month,Fiber Optic,Yes,Yes,72.29,4728.67,143.7,10,1,1,Electronic Check,2,No
CUST-10792,66,Female,33,Month-to-Month,Fiber Optic,Yes,No,59.19,1874.62,151.6,16,2,1,Credit Card,1,No
CUST-10793,42,Female,50,Two Year,DSL,Yes,No,75.76,3462.9,154.4,24,1,0,Electronic Check,3,No
CUST-10794,73,Male,16,Month-to-Month,Fiber Optic,No,No,40.58,637.83,204.1,25,1,0,Electronic Check,3,No
CUST-10795,50,Female,39,One Year,DSL,Yes,No,69.82,2688.93,46.8,52,1,0,Credit Card,2,No
CUST-10796,55,Male,46,One Year,No,Yes,Yes,48.98,2281.59,76.9,26,0,0,Mailed Check,4,No
CUST-10797,70,Male,47,Month-to-Month,Fiber Optic,Yes,Yes,26.54,1305.25,281.9,1,3,0,Mailed Check,5,Yes
CUST-10798,23,Male,44,One Year,Fiber Optic,Yes,Yes,60.87,2659.27,1.0,53,1,2,Bank Transfer,3,No
CUST-10799,61,Male,9,Two Year,Fiber Optic,Yes,Yes,103.41,853.21,235.5,4,2,2,Bank Transfer,3,No
CUST-10800,62,Female,50,Month-to-Month,No,Yes,Yes,28.54,1303.25,146.4,37,1,3,Bank Transfer,3,No
CUST-10801,49,Male,60,Two Year,DSL,Yes,No,67.98,4146.64,194.4,43,3,0,Bank Transfer,2,No
CUST-10802,62,Female,15,Month-to-Month,DSL,Yes,No,84.94,1270.98,320.2,14,2,0,Mailed Check,1,No
CUST-10803,64,Male,36,Month-to-Month,No,Yes,No,122.5,4076.11,168.2,57,2,1,Credit Card,7,Yes
CUST-10804,38,Female,63,Two Year,No,Yes,No,52.68,3113.09,236.3,24,1,1,Electronic Check,4,No
CUST-10805,33,Female,69,Two Year,No,Yes,Yes,49.2,3437.36,185.3,27,3,0,Credit Card,1,No
CUST-10806,71,Female,41,Two Year,DSL,Yes,No,35.83,1446.88,170.2,43,1,2,Electronic Check,4,No
CUST-10807,38,Female,24,One Year,DSL,Yes,Yes,93.51,2216.75,159.0,27,3,3,Electronic Check,5,No
CUST-10808,28,Female,49,Two Year,DSL,Yes,Yes,43.31,1976.82,243.1,24,0,3,Mailed Check,5,No
CUST-10809,54,Female,18,Two Year,DSL,Yes,No,55.74,997.66,114.2,40,3,0,Electronic Check,1,No
CUST-10810,53,Male,7,Two Year,Fiber Optic,Yes,Yes,18.78,133.51,78.1,1,2,1,Bank Transfer,3,No
CUST-10811,52,Female,4,One Year,DSL,Yes,No,87.1,359.82,186.7,39,1,2,Bank Transfer,2,No
CUST-10812,36,Male,69,Month-to-Month,Fiber Optic,Yes,No,93.96,6551.36,197.4,13,1,0,Electronic Check,1,Yes
CUST-10813,37,Female,60,Two Year,DSL,Yes,No,86.14,5098.4,15.8,20,0,0,Credit Card,3,No
CUST-10814,74,Male,55,Month-to-Month,Fiber Optic,Yes,No,24.87,1369.2,179.1,38,1,0,Electronic Check,4,No
CUST-10815,35,Female,16,Month-to-Month,No,Yes,No,80.18,1247.94,69.6,36,3,0,Bank Transfer,5,Yes
CUST-10816,64,Female,29,Month-to-Month,DSL,Yes,Yes,23.18,627.88,236.4,12,4,0,Electronic Check,3,Yes
CUST-10817,58,Male,23,One Year,Fiber Optic,Yes,Yes,66.45,1577.76,17.7,5,2,0,Electronic Check,4,No
CUST-10818,66,Female,14,Month-to-Month,DSL,Yes,Yes,70.13,962.08,353.3,5,0,0,Electronic Check,4,No
CUST-10819,31,Female,49,Month-to-Month,DSL,Yes,Yes,72.75,3526.06,149.6,17,2,1,Mailed Check,4,No
CUST-10820,32,Female,33,Two Year,Fiber Optic,Yes,No,78.37,2711.68,102.2,38,2,0,Electronic Check,2,No
CUST-10821,48,Male,25,Month-to-Month,Fiber Optic,Yes,Yes,64.8,1697.36,154.5,10,2,0,Credit Card,6,Yes
CUST-10822,18,Female,21,One Year,Fiber Optic,No,No,15.94,330.71,230.1,16,1,0,Credit Card,1,No
CUST-10823,70,Male,17,Month-to-Month,No,Yes,No,78.38,1206.0,260.1,24,0,0,Bank Transfer,3,No
CUST-10824,71,Female,23,Month-to-Month,Fiber Optic,Yes,Yes,67.44,1488.18,155.3,29,2,0,Credit Card,2,Yes
CUST-10825,71,Female,57,Month-to-Month,DSL,Yes,Yes,42.43,2516.69,50.5,53,0,0,Mailed Check,3,No
CUST-10826,20,Male,58,One Year,Fiber Optic,Yes,Yes,25.77,1409.83,70.9,14,1,0,Credit Card,2,No
CUST-10827,33,Female,14,Month-to-Month,DSL,Yes,Yes,103.5,1521.29,205.8,10,1,1,Credit Card,3,Yes
CUST-10828,40,Female,20,Two Year,Fiber Optic,Yes,No,95.78,1748.27,268.9,29,1,2,Bank Transfer,2,No
CUST-10829,74,Male,30,Month-to-Month,Fiber Optic,Yes,Yes,82.65,2442.85,280.6,28,1,0,Bank Transfer,5,No
CUST-10830,28,Female,19,Month-to-Month,DSL,Yes,No,48.09,892.98,195.1,54,4,0,Electronic Check,2,Yes
CUST-10831,29,Male,53,Month-to-Month,No,Yes,Yes,15.0,745.95,267.1,53,2,1,Credit Card,4,No
CUST-10832,27,Male,56,Month-to-Month,No,Yes,No,84.12,4909.94,352.1,17,2,0,Bank Transfer,3,No
CUST-10833,49,Male,23,One Year,No,Yes,No,74.17,1693.76,287.1,5,3,0,Electronic Check,1,No
CUST-10834,33,Female,62,Two Year,DSL,Yes,Yes,55.63,3223.26,263.0,2,0,0,Mailed Check,5,No
CUST-10835,25,Male,33,One Year,Fiber Optic,Yes,Yes,93.12,2942.69,107.4,36,4,0,Electronic Check,2,No
CUST-10836,55,Male,18,Month-to-Month,No,Yes,No,86.2,1564.3,266.6,50,1,1,Electronic Check,1,No
CUST-10837,29,Female,33,Month-to-Month,DSL,Yes,No,69.4,2163.45,221.5,40,4,0,Electronic Check,5,Yes
CUST-10838,41,Male,32,Month-to-Month,No,Yes,Yes,65.88,2175.5,238.6,46,0,0,Electronic Check,2,No
CUST-10839,45,Female,61,Two Year,DSL,Yes,Yes,66.27,3738.68,293.5,45,2,0,Credit Card,3,No
CUST-10840,70,Female,54,Month-to-Month,DSL,Yes,Yes,82.0,4160.88,212.3,39,2,0,Electronic Check,2,No
CUST-10841,25,Female,17,One Year,Fiber Optic,Yes,Yes,43.56,682.56,170.8,9,1,0,Mailed Check,2,No
CUST-10842,45,Female,19,Month-to-Month,Fiber Optic,Yes,Yes,75.65,1316.08,83.7,36,0,0,Electronic Check,1,No
CUST-10843,53,Male,70,Month-to-Month,Fiber Optic,Yes,Yes,41.99,2777.78,153.3,5,0,0,Mailed Check,4,No
CUST-10844,43,Male,34,Month-to-Month,No,Yes,No,98.41,3512.82,199.2,15,3,0,Bank Transfer,3,No
CUST-10845,25,Male,25,Month-to-Month,DSL,Yes,Yes,78.3,1789.45,205.0,9,0,0,Electronic Check,1,Yes
CUST-10846,67,Male,68,One Year,DSL,Yes,Yes,47.79,3028.58,201.9,25,1,0,Bank Transfer,2,No
CUST-10847,45,Male,11,Month-to-Month,No,Yes,Yes,67.01,693.43,266.4,50,1,1,Mailed Check,4,Yes
CUST-10848,45,Female,16,One Year,DSL,Yes,No,43.66,693.58,257.9,28,1,0,Electronic Check,4,No
CUST-10849,54,Male,61,Month-to-Month,Fiber Optic,No,Yes,102.6,6332.46,174.4,27,1,1,Credit Card,1,No
CUST-10850,58,Male,7,Two Year,Fiber Optic,Yes,No,105.57,748.44,103.7,46,1,0,Electronic Check,7,No
CUST-10851,53,Male,16,Month-to-Month,DSL,No,No,82.41,1188.41,214.5,47,2,1,Credit Card,4,No
CUST-10852,44,Female,16,Two Year,DSL,Yes,Yes,103.92,1659.02,382.2,33,0,1,Credit Card,0,No
CUST-10853,71,Female,40,Two Year,Fiber Optic,Yes,Yes,68.79,2736.77,208.9,51,1,1,Bank Transfer,7,No
CUST-10854,34,Male,12,Two Year,No,Yes,No,84.09,986.53,153.4,58,1,2,Bank Transfer,4,No
CUST-10855,26,Female,35,Month-to-Month,Fiber Optic,Yes,No,95.62,,228.2,33,3,0,Credit Card,4,Yes
CUST-10856,50,Male,21,One Year,Fiber Optic,No,No,64.86,1388.78,233.6,38,4,0,Bank Transfer,3,No
CUST-10857,70,Male,50,Month-to-Month,Fiber Optic,Yes,No,66.78,3177.33,232.6,8,2,0,Credit Card,7,Yes
CUST-10858,37,Female,43,Month-to-Month,DSL,Yes,No,88.34,3549.82,303.6,4,4,0,Mailed Check,3,Yes
CUST-10859,30,Female,17,Month-to-Month,DSL,Yes,Yes,81.16,1305.92,214.7,48,1,0,Mailed Check,5,No
CUST-10860,45,Male,32,Month-to-Month,Fiber Optic,Yes,No,46.11,1425.27,299.3,43,1,2,Electronic Check,6,Yes
CUST-10861,65,Male,41,Two Year,DSL,No,No,15.0,573.25,200.7,36,0,1,Bank Transfer,2,No
CUST-10862,46,Female,6,Month-to-Month,DSL,Yes,Yes,60.61,360.44,316.1,43,0,0,Mailed Check,6,Yes
CUST-10863,30,Male,27,One Year,Fiber Optic,No,No,15.0,418.22,288.6,31,1,0,Mailed Check,4,No
CUST-10864,63,Female,20,One Year,Fiber Optic,Yes,No,40.22,795.81,263.0,10,0,1,Mailed Check,5,No
CUST-10865,52,Male,25,Month-to-Month,DSL,Yes,Yes,43.14,1042.91,251.0,49,1,0,Credit Card,1,No
CUST-10866,23,Female,66,One Year,Fiber Optic,Yes,Yes,50.78,3416.94,387.1,41,2,0,Bank Transfer,2,No
CUST-10867,35,Male,9,Month-to-Month,Fiber Optic,No,Yes,85.51,778.98,276.9,42,2,1,Mailed Check,1,Yes
CUST-10868,68,Male,53,One Year,DSL,Yes,Yes,90.94,4603.21,103.6,8,1,1,Mailed Check,3,No
CUST-10869,22,Female,61,Month-to-Month,No,Yes,Yes,77.72,4696.46,202.1,30,2,0,Bank Transfer,0,No
CUST-10870,64,Male,38,Two Year,DSL,Yes,Yes,80.81,3099.88,156.2,14,3,1,Credit Card,3,No
CUST-10871,42,Male,3,One Year,No,Yes,Yes,81.4,228.77,365.8,45,2,1,Mailed Check,3,No
CUST-10872,19,Female,70,Two Year,DSL,Yes,Yes,15.0,1002.69,292.6,35,0,1,Bank Transfer,4,No
CUST-10873,27,Male,55,Month-to-Month,No,Yes,No,65.25,3286.82,362.9,46,6,1,Credit Card,2,No
CUST-10874,73,Male,1,Month-to-Month,DSL,Yes,Yes,20.09,21.06,111.6,46,2,1,Bank Transfer,4,Yes
CUST-10875,47,Male,70,Month-to-Month,Fiber Optic,Yes,Yes,77.73,4967.08,279.2,3,1,1,Mailed Check,3,Yes
CUST-10876,67,Female,45,Month-to-Month,Fiber Optic,Yes,Yes,15.0,624.57,57.2,29,0,0,Bank Transfer,3,No
CUST-10877,62,Female,47,Month-to-Month,Fiber Optic,Yes,No,60.49,2763.35,36.7,16,0,1,Electronic Check,5,Yes
CUST-10878,22,Female,26,One Year,Fiber Optic,Yes,Yes,78.69,2106.89,144.3,10,3,0,Bank Transfer,1,No
CUST-10879,72,Male,14,Month-to-Month,DSL,Yes,Yes,37.06,,316.1,4,1,0,Electronic Check,6,No
CUST-10880,73,Male,54,Month-to-Month,Fiber Optic,No,Yes,89.04,4881.67,90.7,52,1,0,Credit Card,6,No
CUST-10881,50,Male,71,Two Year,DSL,Yes,No,77.67,5522.32,178.5,50,1,0,Electronic Check,7,Yes
CUST-10882,71,Male,46,One Year,No,Yes,No,74.52,3413.52,287.0,4,1,0,Credit Card,3,No
CUST-10883,18,Female,31,Month-to-Month,DSL,Yes,Yes,82.45,2624.33,256.2,2,1,0,Bank Transfer,0,No
CUST-10884,35,Male,59,Month-to-Month,Fiber Optic,Yes,Yes,56.02,2981.69,379.5,11,0,1,Electronic Check,4,Yes
CUST-10885,49,Male,29,Month-to-Month,Fiber Optic,Yes,Yes,68.8,2073.76,180.3,15,1,0,Electronic Check,4,Yes
CUST-10886,64,Male,17,Month-to-Month,Fiber Optic,No,Yes,65.25,1136.3,140.3,11,4,1,Mailed Check,1,Yes
CUST-10887,66,Female,14,One Year,DSL,Yes,No,64.69,942.5,81.5,55,3,0,Bank Transfer,3,No
CUST-10888,28,Male,36,Month-to-Month,Fiber Optic,No,Yes,48.2,1768.24,146.9,53,5,1,Bank Transfer,5,Yes
CUST-10889,38,Male,58,Two Year,Fiber Optic,Yes,No,33.94,2031.1,80.7,23,5,1,Electronic Check,5,No
CUST-10890,43,Male,24,One Year,No,Yes,Yes,56.58,1263.49,18.3,38,0,1,Bank Transfer,4,No
CUST-10891,42,Male,63,One Year,Fiber Optic,Yes,No,55.2,3296.36,356.7,50,2,1,Credit Card,2,No
CUST-10892,39,Male,25,Month-to-Month,Fiber Optic,Yes,Yes,46.58,1103.11,184.4,30,1,0,Bank Transfer,2,No
CUST-10893,44,Female,59,Month-to-Month,Fiber Optic,Yes,Yes,86.3,4665.91,413.2,50,2,0,Mailed Check,3,No
CUST-10894,66,Male,32,One Year,DSL,Yes,No,35.69,1152.86,104.5,1,3,0,Credit Card,2,No
CUST-10895,30,Male,18,Month-to-Month,Fiber Optic,Yes,Yes,60.71,1005.82,141.4,45,2,0,Mailed Check,4,No
CUST-10896,50,Male,37,Month-to-Month,DSL,Yes,No,94.16,3162.97,110.2,33,3,2,Bank Transfer,3,Yes
CUST-10897,51,Male,26,Month-to-Month,Fiber Optic,Yes,No,87.73,2318.2,122.3,45,1,2,Credit Card,3,Yes
CUST-10898,58,Male,9,Month-to-Month,Fiber Optic,Yes,Yes,95.41,889.34,258.6,53,0,2,Mailed Check,3,Yes
CUST-10899,52,Male,64,One Year,Fiber Optic,Yes,No,50.23,3261.71,231.0,37,0,0,Bank Transfer,5,No
CUST-10900,18,Male,20,Month-to-Month,No,Yes,Yes,84.61,1732.48,258.8,23,0,0,Mailed Check,1,No
CUST-10901,38,Male,54,Month-to-Month,Fiber Optic,No,Yes,38.43,2053.1,300.8,49,1,0,Electronic Check,0,No
CUST-10902,65,Male,30,Month-to-Month,Fiber Optic,Yes,No,58.1,1800.8,279.7,48,3,0,Credit Card,4,No
CUST-10903,72,Male,53,One Year,Fiber Optic,No,No,60.46,3122.69,89.2,53,1,1,Mailed Check,3,No
CUST-10904,23,Female,63,Two Year,Fiber Optic,Yes,Yes,50.6,3341.61,132.9,18,1,0,Electronic Check,4,No
CUST-10905,45,Female,11,Two Year,DSL,Yes,No,55.95,563.45,190.9,10,1,1,Credit Card,2,No
CUST-10906,34,Female,31,Month-to-Month,DSL,Yes,No,52.67,1667.67,515.5,17,4,0,Mailed Check,6,Yes
CUST-10907,22,Female,49,Month-to-Month,DSL,Yes,Yes,40.44,1974.05,249.5,7,4,0,Credit Card,0,No
CUST-10908,48,Male,19,Month-to-Month,Fiber Optic,Yes,No,86.41,1620.61,189.6,15,1,0,Bank Transfer,2,Yes
CUST-10909,22,Female,12,One Year,No,Yes,No,60.44,731.71,240.6,51,0,0,Bank Transfer,2,Yes
CUST-10910,55,Female,15,One Year,DSL,Yes,No,70.04,1077.96,125.7,27,2,0,Electronic Check,7,No
CUST-10911,20,Male,31,One Year,Fiber Optic,Yes,Yes,69.09,2204.83,203.6,9,2,0,Credit Card,4,Yes
CUST-10912,70,Female,43,Month-to-Month,No,Yes,No,66.37,2643.6,265.9,21,3,1,Electronic Check,2,Yes
CUST-10913,40,Female,37,One Year,No,Yes,Yes,67.32,2315.37,177.4,53,1,0,Bank Transfer,3,No
CUST-10914,54,Male,29,Month-to-Month,Fiber Optic,Yes,No,57.36,1501.13,111.9,37,3,1,Mailed Check,1,No
CUST-10915,70,Male,26,One Year,DSL,No,No,100.46,2402.42,173.0,57,0,0,Credit Card,3,No
CUST-10916,54,Male,2,Month-to-Month,DSL,Yes,Yes,84.02,157.89,151.2,29,2,0,Electronic Check,3,Yes
CUST-10917,27,Female,15,One Year,DSL,Yes,Yes,65.46,989.91,57.9,42,2,1,Bank Transfer,0,No
CUST-10918,27,Female,4,Month-to-Month,DSL,Yes,No,53.82,209.12,128.6,45,1,0,Mailed Check,3,Yes
CUST-10919,36,Male,50,Month-to-Month,DSL,Yes,No,62.03,3143.95,54.6,33,2,0,Bank Transfer,1,No
CUST-10920,34,Male,38,One Year,Fiber Optic,Yes,Yes,75.44,2789.26,68.7,53,2,1,Bank Transfer,3,No
CUST-10921,38,Female,23,Month-to-Month,DSL,Yes,Yes,102.5,2318.22,77.3,58,1,1,Mailed Check,2,Yes
CUST-10922,31,Male,59,One Year,DSL,Yes,No,30.67,1658.72,265.8,6,2,0,Mailed Check,2,No
CUST-10923,26,Female,28,One Year,DSL,Yes,Yes,81.49,2319.33,314.0,25,0,0,Credit Card,2,No
CUST-10924,63,Male,66,One Year,Fiber Optic,No,Yes,93.17,6233.58,41.8,35,0,0,Mailed Check,3,No
CUST-10925,18,Male,8,Month-to-Month,Fiber Optic,Yes,No,27.83,210.65,322.2,17,2,0,Mailed Check,2,No
CUST-10926,68,Female,29,Month-to-Month,Fiber Optic,Yes,Yes,60.47,1664.7,78.6,44,1,0,Bank Transfer,4,No
CUST-10927,62,Male,11,One Year,DSL,Yes,Yes,38.39,393.98,247.2,27,1,0,Bank Transfer,4,Yes
CUST-10928,30,Male,18,Month-to-Month,Fiber Optic,Yes,Yes,75.76,1393.78,203.3,43,1,0,Bank Transfer,5,No
CUST-10929,21,Male,55,One Year,DSL,Yes,No,56.04,3119.34,237.2,40,1,0,Mailed Check,5,No
CUST-10930,18,Female,50,Month-to-Month,DSL,Yes,Yes,61.75,3060.86,75.1,25,2,0,Credit Card,2,No
CUST-10931,66,Male,14,Month-to-Month,No,Yes,No,54.72,716.92,16.9,12,1,0,Bank Transfer,4,No
CUST-10932,57,Male,9,Month-to-Month,No,Yes,No,83.0,691.56,107.7,43,0,0,Bank Transfer,3,No
CUST-10933,49,Male,11,Month-to-Month,Fiber Optic,No,Yes,70.73,706.09,218.4,54,0,0,Mailed Check,3,Yes
CUST-10934,51,Male,63,Month-to-Month,No,Yes,No,70.77,4043.16,356.1,37,1,1,Mailed Check,4,No
CUST-10935,45,Male,67,One Year,Fiber Optic,Yes,Yes,69.02,4291.71,87.3,40,1,0,Electronic Check,3,No
CUST-10936,48,Male,53,One Year,DSL,Yes,No,79.31,3846.47,171.1,44,0,0,Mailed Check,3,Yes
CUST-10937,25,Female,39,Month-to-Month,No,No,Yes,58.45,2241.75,112.6,54,2,1,Bank Transfer,2,No
CUST-10938,56,Female,56,Two Year,DSL,Yes,No,107.52,5742.42,178.4,38,2,1,Mailed Check,0,No
CUST-10939,43,Male,28,Month-to-Month,Fiber Optic,Yes,Yes,34.13,923.86,6.2,41,3,0,Electronic Check,3,No
CUST-10940,51,Female,39,Two Year,DSL,Yes,Yes,21.85,842.87,314.8,25,2,1,Credit Card,3,No
CUST-10941,71,Female,25,One Year,Fiber Optic,Yes,No,19.78,493.94,182.2,49,2,0,Electronic Check,1,No
CUST-10942,71,Male,21,One Year,Fiber Optic,Yes,Yes,15.0,314.13,262.5,2,2,2,Credit Card,2,No
CUST-10943,20,Female,10,Month-to-Month,Fiber Optic,Yes,No,81.83,768.49,159.1,1,4,0,Credit Card,5,Yes
CUST-10944,67,Female,43,Month-to-Month,DSL,Yes,Yes,78.78,3460.18,197.2,50,1,0,Bank Transfer,1,Yes
CUST-10945,29,Female,15,Month-to-Month,DSL,Yes,Yes,95.19,1481.62,281.6,3,4,1,Mailed Check,5,No
CUST-10946,18,Female,48,One Year,DSL,Yes,No,38.58,1754.42,191.9,29,0,1,Mailed Check,1,No
CUST-10947,71,Female,21,Month-to-Month,No,Yes,Yes,83.64,1585.29,195.1,14,3,0,Electronic Check,1,Yes
CUST-10948,61,Female,60,One Year,Fiber Optic,Yes,No,66.42,4124.18,108.5,45,2,0,Mailed Check,5,No
CUST-10949,22,Female,50,Month-to-Month,Fiber Optic,Yes,Yes,69.16,3591.24,131.9,34,2,1,Credit Card,3,No
CUST-10950,47,Female,23,Two Year,DSL,Yes,Yes,80.64,1683.42,88.8,22,2,0,Bank Transfer,1,No
CUST-10951,47,Male,13,Month-to-Month,No,Yes,No,46.09,539.7,113.6,36,2,1,Bank Transfer,6,Yes
CUST-10952,74,Male,69,Month-to-Month,DSL,Yes,Yes,129.68,9148.9,292.6,15,1,0,Credit Card,0,No
CUST-10953,34,Female,4,Month-to-Month,DSL,Yes,Yes,98.3,371.66,342.8,37,1,0,Credit Card,3,Yes
CUST-10954,65,Female,9,Month-to-Month,Fiber Optic,No,No,51.71,482.7,67.7,10,0,0,Credit Card,3,Yes
CUST-10955,64,Male,35,Month-to-Month,No,Yes,Yes,37.73,1231.43,215.6,9,2,0,Credit Card,5,No
CUST-10956,40,Female,21,One Year,DSL,Yes,Yes,62.8,1357.27,151.4,50,1,0,Mailed Check,3,No
CUST-10957,32,Female,58,Month-to-Month,DSL,Yes,No,69.56,3672.57,305.7,35,1,0,Credit Card,2,No
CUST-10958,54,Male,18,Month-to-Month,Fiber Optic,Yes,No,91.64,1549.06,192.1,46,2,0,Mailed Check,6,No
CUST-10959,38,Male,43,Two Year,DSL,Yes,Yes,35.78,1609.27,179.3,42,0,0,Bank Transfer,3,No
CUST-10960,31,Male,6,Month-to-Month,Fiber Optic,Yes,No,72.14,404.57,113.0,17,3,0,Mailed Check,1,No
CUST-10961,19,Female,67,Two Year,Fiber Optic,Yes,No,26.77,1650.02,42.1,47,3,0,Credit Card,2,No
CUST-10962,28,Female,12,Two Year,Fiber Optic,Yes,No,75.91,936.93,248.5,18,0,0,Electronic Check,3,No
CUST-10963,68,Male,12,Month-to-Month,DSL,Yes,Yes,62.31,686.16,211.8,49,2,0,Electronic Check,4,Yes
CUST-10964,56,Male,66,Month-to-Month,DSL,No,No,113.42,,214.0,25,1,0,Mailed Check,2,No
CUST-10965,55,Female,2,Month-to-Month,No,Yes,Yes,26.35,49.99,126.1,35,0,0,Electronic Check,3,Yes
CUST-10966,51,Male,15,One Year,No,Yes,No,99.27,1482.05,166.9,16,1,1,Bank Transfer,1,No
CUST-10967,55,Female,23,One Year,DSL,Yes,No,22.4,518.61,251.2,51,1,0,Mailed Check,3,No
CUST-10968,67,Female,29,One Year,DSL,Yes,No,31.82,952.48,268.4,45,1,0,Electronic Check,1,No
CUST-10969,51,Male,7,One Year,DSL,Yes,No,23.07,158.44,73.9,55,1,2,Bank Transfer,0,Yes
CUST-10970,35,Male,28,Month-to-Month,Fiber Optic,Yes,Yes,71.26,1913.5,123.0,49,1,0,Mailed Check,2,No
CUST-10971,47,Female,14,Two Year,Fiber Optic,Yes,Yes,35.66,476.19,54.9,25,2,0,Mailed Check,2,No
CUST-10972,32,Male,44,One Year,Fiber Optic,Yes,No,31.29,1413.98,198.1,55,1,0,Mailed Check,2,No
CUST-10973,44,Male,30,One Year,Fiber Optic,Yes,Yes,70.07,2120.12,259.6,16,1,0,Mailed Check,7,No
CUST-10974,68,Male,32,Two Year,Fiber Optic,Yes,No,76.29,2528.71,154.9,41,5,1,Credit Card,2,No
CUST-10975,51,Male,70,One Year,No,Yes,Yes,66.0,4826.08,120.3,24,1,0,Electronic Check,0,No
CUST-10976,69,Female,6,Month-to-Month,DSL,Yes,No,60.94,,149.8,53,0,0,Mailed Check,4,Yes
CUST-10977,74,Female,27,Month-to-Month,DSL,Yes,No,110.72,2928.01,387.6,12,3,0,Mailed Check,4,No
CUST-10978,55,Female,24,Month-to-Month,DSL,No,Yes,68.65,1638.99,287.3,35,1,1,Electronic Check,2,No
CUST-10979,50,Female,34,Month-to-Month,No,Yes,Yes,85.14,2676.43,245.8,59,1,0,Electronic Check,4,Yes
CUST-10980,41,Male,40,Two Year,Fiber Optic,Yes,No,68.57,2490.47,208.8,9,0,0,Bank Transfer,3,No
CUST-10981,32,Male,47,Month-to-Month,Fiber Optic,Yes,Yes,37.55,1818.09,178.9,48,1,1,Electronic Check,4,Yes
CUST-10982,47,Female,24,One Year,DSL,Yes,No,78.75,1852.82,98.4,37,1,0,Mailed Check,3,No
CUST-10983,72,Female,65,Month-to-Month,DSL,Yes,No,48.61,3114.2,84.4,32,4,0,Credit Card,2,No
CUST-10984,59,Male,18,Month-to-Month,DSL,No,Yes,62.73,1110.21,128.9,57,0,0,Electronic Check,5,No
CUST-10985,68,Female,44,Two Year,Fiber Optic,Yes,No,72.64,3238.49,94.2,19,0,0,Credit Card,3,No
CUST-10986,34,Female,57,Two Year,DSL,Yes,Yes,16.46,864.87,125.3,22,2,0,Mailed Check,6,No
CUST-10987,22,Male,28,Month-to-Month,DSL,No,Yes,24.76,687.81,170.8,45,3,0,Electronic Check,1,Yes
CUST-10988,46,Female,71,Month-to-Month,Fiber Optic,Yes,Yes,87.74,6045.28,177.7,34,3,1,Credit Card,4,Yes
CUST-10989,21,Male,23,Month-to-Month,DSL,Yes,No,48.41,1151.89,124.2,19,1,1,Bank Transfer,1,Yes
CUST-10990,27,Male,34,Month-to-Month,Fiber Optic,No,No,49.59,1648.87,224.6,50,2,0,Bank Transfer,3,No
CUST-10991,73,Female,11,Month-to-Month,DSL,Yes,Yes,69.16,792.29,163.0,12,0,0,Bank Transfer,3,Yes
CUST-10992,34,Male,35,Month-to-Month,No,Yes,Yes,55.36,1846.51,199.3,18,0,0,Bank Transfer,2,No
CUST-10993,27,Female,42,Two Year,Fiber Optic,Yes,Yes,75.44,3311.17,113.0,5,3,0,Credit Card,4,No
CUST-10994,34,Male,28,One Year,No,Yes,No,63.72,1839.96,242.4,26,0,0,Credit Card,4,Yes
CUST-10995,37,Female,24,Two Year,Fiber Optic,Yes,Yes,69.97,1658.52,131.9,52,1,0,Credit Card,3,No
CUST-10996,41,Female,8,One Year,No,Yes,No,47.45,361.78,324.8,27,0,2,Credit Card,2,No
CUST-10997,22,Female,53,Month-to-Month,No,Yes,Yes,69.84,3540.09,159.8,20,3,1,Bank Transfer,5,Yes
CUST-10998,51,Male,4,Two Year,Fiber Optic,Yes,No,92.63,376.42,171.5,8,0,0,Credit Card,3,No
CUST-10999,23,Male,5,Month-to-Month,No,Yes,No,50.81,250.77,233.4,54,1,0,Electronic Check,4,Yes
CUST-11000,70,Female,49,Two Year,DSL,Yes,No,87.88,4134.9,253.1,16,2,0,Mailed Check,3,No
CUST-11001,19,Male,30,Month-to-Month,Fiber Optic,No,Yes,63.71,1902.52,262.8,58,2,0,Electronic Check,3,No
CUST-11002,30,Female,63,Month-to-Month,DSL,No,No,83.36,5304.12,339.8,2,2,0,Credit Card,4,No
CUST-11003,60,Female,47,Two Year,Fiber Optic,No,No,68.22,2896.72,239.6,45,0,0,Credit Card,2,No
CUST-11004,60,Male,26,One Year,Fiber Optic,Yes,No,64.16,1523.83,174.0,1,2,0,Bank Transfer,2,No
CUST-11005,65,Female,57,Two Year,Fiber Optic,Yes,Yes,73.74,3842.43,132.3,5,0,0,Bank Transfer,0,No
CUST-11006,28,Male,37,Two Year,DSL,Yes,No,95.34,3297.55,168.0,31,2,1,Mailed Check,2,No
CUST-11007,68,Female,7,Month-to-Month,Fiber Optic,Yes,Yes,70.9,478.46,313.6,23,3,1,Bank Transfer,2,No
CUST-11008,64,Male,40,Month-to-Month,DSL,Yes,Yes,76.96,3141.65,55.2,21,0,0,Electronic Check,5,No
CUST-11009,74,Female,39,Month-to-Month,Fiber Optic,Yes,Yes,55.79,2072.82,106.3,12,0,0,Bank Transfer,4,No
CUST-11010,40,Female,62,One Year,DSL,Yes,No,104.27,5835.21,160.3,4,3,0,Bank Transfer,6,No
CUST-11011,72,Male,53,One Year,No,No,No,81.01,4175.48,105.1,37,1,0,Mailed Check,3,No
CUST-11012,33,Female,4,Month-to-Month,DSL,No,Yes,66.94,281.01,143.2,11,1,0,Credit Card,5,No
CUST-11013,48,Female,25,One Year,DSL,Yes,Yes,61.93,1474.48,342.6,42,1,0,Bank Transfer,2,No
CUST-11014,28,Male,7,One Year,No,Yes,No,89.45,653.82,153.2,40,0,0,Credit Card,5,Yes
CUST-11015,71,Female,28,Month-to-Month,Fiber Optic,Yes,Yes,49.84,1277.18,217.0,53,1,0,Electronic Check,1,No
CUST-11016,33,Male,69,Two Year,DSL,Yes,No,20.43,1305.31,30.8,9,3,1,Credit Card,5,No
CUST-11017,25,Female,67,One Year,Fiber Optic,Yes,No,66.81,4514.85,80.8,26,0,0,Bank Transfer,3,No
CUST-11018,21,Male,20,Two Year,DSL,Yes,Yes,94.75,1847.97,263.9,39,1,1,Credit Card,3,No
CUST-11019,57,Female,11,Month-to-Month,No,Yes,Yes,104.78,1169.6,330.1,27,1,1,Electronic Check,5,Yes
CUST-11020,21,Female,67,Month-to-Month,Fiber Optic,Yes,No,62.32,4298.76,199.9,29,1,0,Bank Transfer,2,No
CUST-11021,73,Female,7,Month-to-Month,DSL,No,Yes,66.09,433.79,152.5,46,2,1,Electronic Check,2,Yes
CUST-11022,42,Male,23,Month-to-Month,Fiber Optic,Yes,Yes,77.99,1798.12,224.7,43,1,1,Bank Transfer,2,Yes
CUST-11023,20,Male,61,Two Year,DSL,Yes,Yes,58.39,3530.23,1.0,50,2,0,Mailed Check,7,No
CUST-11024,49,Male,71,Month-to-Month,Fiber Optic,Yes,Yes,77.91,5693.3,200.6,25,0,0,Electronic Check,3,No
CUST-11025,20,Male,34,One Year,No,Yes,No,62.86,2061.4,85.9,18,0,1,Bank Transfer,2,No
CUST-11026,44,Female,19,Month-to-Month,No,Yes,No,90.28,1557.13,251.5,54,0,1,Electronic Check,7,Yes
CUST-11027,46,Female,58,Month-to-Month,DSL,Yes,No,83.07,4751.22,1.0,30,2,0,Bank Transfer,1,No
CUST-11028,49,Male,9,Month-to-Month,DSL,Yes,Yes,85.26,800.97,123.4,8,1,0,Mailed Check,5,Yes
CUST-11029,67,Male,48,One Year,DSL,Yes,Yes,59.87,2592.69,176.3,2,1,2,Credit Card,4,No
CUST-11030,68,Male,41,One Year,Fiber Optic,Yes,No,113.15,4342.42,111.4,22,0,2,Credit Card,2,Yes
CUST-11031,36,Female,48,Month-to-Month,Fiber Optic,Yes,No,77.1,3506.18,146.2,21,2,0,Mailed Check,2,No
CUST-11032,38,Male,45,Two Year,Fiber Optic,Yes,No,71.18,3250.75,261.4,39,2,0,Mailed Check,3,No
CUST-11033,22,Male,25,Month-to-Month,No,Yes,Yes,45.98,1090.29,177.8,26,2,0,Credit Card,0,No
CUST-11034,35,Female,25,Month-to-Month,DSL,No,No,62.57,1463.92,96.2,29,2,0,Electronic Check,2,No
CUST-11035,45,Female,19,Month-to-Month,DSL,Yes,Yes,67.86,1285.84,264.6,5,2,1,Mailed Check,1,Yes
CUST-11036,59,Male,39,Month-to-Month,DSL,No,No,45.31,1602.68,202.6,46,1,2,Credit Card,4,Yes
CUST-11037,39,Female,27,Two Year,DSL,Yes,No,57.69,1441.73,206.3,14,3,0,Credit Card,2,No
CUST-11038,38,Male,63,Month-to-Month,DSL,Yes,No,60.85,3684.83,99.7,35,3,0,Credit Card,5,No
CUST-11039,23,Female,68,Month-to-Month,Fiber Optic,Yes,No,66.4,4304.52,1.0,6,1,1,Electronic Check,2,No
CUST-11040,18,Male,19,Month-to-Month,DSL,Yes,No,20.93,378.61,98.4,23,4,1,Electronic Check,5,Yes
CUST-11041,22,Male,28,One Year,DSL,Yes,Yes,61.62,1580.92,89.3,17,0,0,Mailed Check,2,No
CUST-11042,58,Male,33,Month-to-Month,Fiber Optic,Yes,Yes,55.57,1749.69,124.8,24,2,1,Electronic Check,3,No
CUST-11043,29,Male,10,One Year,DSL,Yes,No,64.48,,104.2,40,0,1,Electronic Check,2,Yes
CUST-11044,43,Female,30,Month-to-Month,Fiber Optic,No,Yes,90.88,2623.01,190.1,29,1,0,Electronic Check,1,Yes
CUST-11045,63,Female,22,Month-to-Month,DSL,Yes,Yes,116.31,2527.92,259.3,52,2,0,Electronic Check,3,Yes
CUST-11046,51,Female,3,Two Year,Fiber Optic,Yes,Yes,81.96,227.33,276.9,30,2,0,Mailed Check,2,No
CUST-11047,66,Female,48,Month-to-Month,No,Yes,Yes,34.14,1491.98,255.3,24,2,0,Electronic Check,2,Yes
CUST-11048,31,Male,2,Two Year,DSL,Yes,No,56.36,116.33,99.2,35,2,1,Mailed Check,1,No
CUST-11049,43,Male,54,Month-to-Month,Fiber Optic,Yes,Yes,79.9,4097.6,185.3,47,0,0,Mailed Check,2,No
CUST-11050,62,Female,6,Two Year,No,Yes,No,77.08,440.54,320.9,37,0,1,Electronic Check,4,No
CUST-11051,44,Female,40,Month-to-Month,Fiber Optic,No,No,89.68,3700.75,37.4,51,1,0,Electronic Check,4,No
CUST-11052,26,Female,2,One Year,DSL,Yes,Yes,62.57,125.91,301.3,2,2,0,Mailed Check,1,No
CUST-11053,43,Female,2,Month-to-Month,Fiber Optic,Yes,No,55.91,113.32,90.4,21,1,0,Mailed Check,2,Yes
CUST-11054,74,Female,55,Month-to-Month,Fiber Optic,Yes,Yes,108.81,5998.32,206.4,40,0,1,Mailed Check,3,No
CUST-11055,64,Male,60,Month-to-Month,No,Yes,No,66.47,3652.67,217.2,41,2,0,Credit Card,1,No
CUST-11056,74,Male,6,Month-to-Month,DSL,Yes,Yes,39.58,247.86,197.1,5,0,0,Electronic Check,1,Yes
CUST-11057,39,Male,19,Month-to-Month,DSL,Yes,Yes,101.88,2006.12,380.6,35,2,0,Credit Card,4,No
CUST-11058,64,Female,27,Month-to-Month,DSL,Yes,Yes,27.6,697.08,152.9,44,3,1,Credit Card,2,No
CUST-11059,73,Female,1,One Year,DSL,Yes,Yes,15.0,15.31,32.4,35,1,0,Electronic Check,6,No
CUST-11060,47,Female,33,One Year,DSL,Yes,No,84.23,2672.32,212.1,56,1,0,Bank Transfer,1,No
CUST-11061,60,Female,40,One Year,DSL,Yes,Yes,87.77,3519.81,164.7,19,1,0,Credit Card,3,No
CUST-11062,65,Male,32,One Year,DSL,Yes,No,75.35,2229.98,229.9,16,2,0,Electronic Check,1,Yes
CUST-11063,34,Male,69,Month-to-Month,DSL,No,Yes,32.44,2195.35,259.4,25,2,0,Credit Card,1,Yes
CUST-11064,43,Female,17,Month-to-Month,No,Yes,No,63.53,992.52,177.0,58,5,1,Electronic Check,3,Yes
CUST-11065,53,Male,8,Month-to-Month,DSL,Yes,No,58.05,455.31,219.3,16,2,1,Mailed Check,4,Yes
CUST-11066,18,Male,57,Two Year,DSL,Yes,Yes,51.57,2752.95,193.0,31,1,2,Credit Card,3,No
CUST-11067,25,Female,42,Month-to-Month,DSL,Yes,Yes,100.3,4077.25,341.3,33,1,0,Credit Card,1,Yes
CUST-11068,66,Female,9,Month-to-Month,No,Yes,No,38.83,349.54,146.6,17,1,1,Credit Card,6,Yes
CUST-11069,52,Female,35,One Year,Fiber Optic,No,Yes,72.9,2632.03,118.2,21,2,0,Electronic Check,4,No
CUST-11070,69,Female,71,Month-to-Month,Fiber Optic,Yes,Yes,94.85,6227.88,259.3,52,4,1,Bank Transfer,2,No
CUST-11071,32,Female,53,Two Year,DSL,Yes,No,74.54,4084.9,96.4,35,2,2,Mailed Check,4,No
CUST-11072,64,Female,54,Two Year,No,Yes,No,96.03,4970.45,215.3,49,0,1,Bank Transfer,0,No
CUST-11073,73,Male,25,Month-to-Month,Fiber Optic,Yes,No,79.09,,164.7,23,2,1,Credit Card,2,No
CUST-11074,39,Male,67,Month-to-Month,DSL,Yes,No,75.73,4956.61,170.9,49,1,0,Electronic Check,2,No
CUST-11075,31,Female,62,Month-to-Month,Fiber Optic,Yes,No,74.17,4733.42,399.4,16,1,1,Credit Card,3,No
CUST-11076,43,Male,55,One Year,No,Yes,No,80.34,4416.15,291.1,38,0,0,Credit Card,3,No
CUST-11077,45,Female,46,Month-to-Month,Fiber Optic,Yes,No,55.36,2486.23,271.9,58,2,0,Bank Transfer,6,No
CUST-11078,40,Female,24,One Year,No,No,Yes,32.45,737.43,227.8,50,1,0,Credit Card,3,No
CUST-11079,31,Female,46,One Year,No,Yes,No,88.85,4272.39,117.8,14,0,1,Electronic Check,6,Yes
CUST-11080,41,Female,22,Month-to-Month,DSL,Yes,Yes,94.04,2110.54,203.5,52,3,1,Mailed Check,6,No
CUST-11081,19,Male,11,Month-to-Month,Fiber Optic,Yes,Yes,71.3,750.71,232.5,40,1,2,Bank Transfer,3,Yes
CUST-11082,62,Female,48,One Year,DSL,No,No,51.29,2277.3,197.9,51,0,0,Electronic Check,2,Yes
CUST-11083,43,Male,8,Month-to-Month,No,Yes,Yes,26.06,212.01,188.5,41,2,0,Credit Card,3,No
CUST-11084,31,Female,39,Two Year,DSL,Yes,Yes,67.15,2745.84,144.2,53,2,2,Mailed Check,1,No
CUST-11085,73,Female,35,Month-to-Month,No,Yes,Yes,31.28,1031.13,204.6,54,2,0,Mailed Check,1,Yes
CUST-11086,68,Female,49,One Year,DSL,Yes,No,27.78,1412.1,132.7,50,4,1,Mailed Check,4,No
CUST-11087,24,Male,46,Two Year,Fiber Optic,Yes,No,64.48,2725.25,243.3,33,2,0,Electronic Check,7,No
CUST-11088,20,Female,38,Two Year,DSL,Yes,Yes,45.91,1819.3,1.0,21,4,2,Mailed Check,1,Yes
CUST-11089,64,Female,8,Month-to-Month,DSL,Yes,Yes,73.63,595.99,302.3,17,4,0,Electronic Check,2,Yes
CUST-11090,40,Female,54,Month-to-Month,No,Yes,Yes,61.02,3136.88,62.0,4,0,1,Bank Transfer,3,No
CUST-11091,63,Male,37,One Year,DSL,Yes,No,49.83,,83.9,16,3,2,Electronic Check,4,No
CUST-11092,60,Male,40,Month-to-Month,Fiber Optic,Yes,No,22.38,892.08,216.8,56,1,1,Credit Card,7,No
CUST-11093,64,Male,34,Month-to-Month,DSL,Yes,Yes,43.68,1468.82,228.6,30,2,0,Electronic Check,5,No
CUST-11094,62,Female,17,Two Year,Fiber Optic,Yes,Yes,44.6,786.89,367.0,44,3,0,Electronic Check,3,No
CUST-11095,35,Male,33,Month-to-Month,DSL,Yes,No,34.37,1151.15,206.7,45,2,0,Credit Card,2,No
CUST-11096,55,Female,47,Month-to-Month,DSL,Yes,No,56.77,2617.64,176.4,34,2,0,Bank Transfer,4,No
CUST-11097,52,Male,52,Month-to-Month,No,Yes,Yes,36.32,1962.55,197.2,22,1,0,Electronic Check,4,No
CUST-11098,68,Male,9,One Year,Fiber Optic,Yes,Yes,60.91,542.11,323.1,44,1,0,Credit Card,3,No
CUST-11099,32,Female,33,One Year,DSL,Yes,Yes,71.01,2407.66,398.2,42,1,0,Credit Card,1,No
CUST-11100,42,Male,60,Month-to-Month,Fiber Optic,Yes,No,44.35,2730.56,163.4,29,0,0,Bank Transfer,4,No
CUST-11101,72,Female,21,Month-to-Month,DSL,Yes,No,75.64,1648.61,228.8,47,2,1,Bank Transfer,3,No
CUST-11102,54,Female,58,Month-to-Month,DSL,Yes,No,30.97,1634.85,173.3,5,1,1,Credit Card,2,No
CUST-11103,45,Male,69,One Year,Fiber Optic,Yes,No,37.2,2534.9,171.5,1,4,0,Bank Transfer,2,No
CUST-11104,27,Female,10,Month-to-Month,DSL,No,No,62.17,603.21,349.1,40,1,0,Credit Card,4,Yes
CUST-11105,56,Female,6,Two Year,Fiber Optic,Yes,No,82.18,480.05,96.7,53,1,2,Bank Transfer,4,Yes
CUST-11106,74,Male,13,Month-to-Month,Fiber Optic,Yes,Yes,86.68,1091.89,1.0,25,1,0,Credit Card,4,No
CUST-11107,34,Male,65,Two Year,Fiber Optic,Yes,Yes,105.31,7020.52,208.6,50,0,0,Mailed Check,1,No
CUST-11108,56,Female,20,Month-to-Month,No,No,No,55.59,1053.73,288.1,6,1,0,Bank Transfer,0,No
CUST-11109,39,Male,57,One Year,DSL,No,No,61.81,3415.41,199.8,23,1,1,Mailed Check,0,No
CUST-11110,43,Female,46,Month-to-Month,DSL,Yes,Yes,39.18,1676.3,225.2,33,3,1,Credit Card,4,No
CUST-11111,61,Female,8,Month-to-Month,DSL,Yes,Yes,33.66,252.52,247.7,14,1,1,Bank Transfer,3,No
CUST-11112,42,Male,10,Two Year,DSL,Yes,Yes,70.71,706.44,190.0,42,1,1,Bank Transfer,2,No
CUST-11113,34,Male,67,Two Year,No,No,Yes,45.6,2803.27,230.1,36,2,0,Mailed Check,2,No
CUST-11114,30,Male,11,Month-to-Month,Fiber Optic,Yes,Yes,95.81,978.21,228.6,18,1,1,Mailed Check,1,Yes
CUST-11115,37,Male,12,One Year,Fiber Optic,No,No,28.44,334.18,3.7,55,1,0,Electronic Check,2,No
CUST-11116,42,Female,10,One Year,Fiber Optic,Yes,No,77.16,699.51,190.2,51,0,1,Mailed Check,2,No
CUST-11117,21,Female,25,Two Year,DSL,Yes,No,39.86,915.82,38.4,57,0,0,Credit Card,0,No
CUST-11118,27,Male,49,Month-to-Month,Fiber Optic,Yes,No,44.49,2244.33,176.6,40,1,0,Credit Card,3,No
CUST-11119,20,Male,49,Month-to-Month,Fiber Optic,Yes,No,78.48,3949.05,135.4,44,1,1,Mailed Check,5,No
CUST-11120,58,Female,11,Month-to-Month,Fiber Optic,No,Yes,48.1,503.79,273.1,10,1,1,Mailed Check,1,Yes
CUST-11121,62,Female,62,Month-to-Month,DSL,Yes,Yes,52.11,3076.38,202.0,45,3,0,Credit Card,3,No
CUST-11122,35,Female,36,Two Year,Fiber Optic,No,Yes,44.7,1674.34,222.6,39,0,0,Electronic Check,2,No
CUST-11123,64,Female,39,Month-to-Month,Fiber Optic,Yes,No,109.63,3864.59,162.8,56,3,0,Electronic Check,6,Yes
CUST-11124,53,Male,53,Month-to-Month,Fiber Optic,Yes,Yes,49.56,2592.65,274.7,49,0,0,Bank Transfer,2,No
CUST-11125,64,Female,56,One Year,Fiber Optic,Yes,No,66.29,3673.66,36.2,58,1,0,Credit Card,5,No
CUST-11126,39,Female,1,One Year,Fiber Optic,Yes,Yes,59.95,61.04,99.4,12,1,0,Bank Transfer,2,Yes
CUST-11127,51,Male,56,Month-to-Month,Fiber Optic,Yes,No,70.54,4119.16,295.8,38,2,2,Electronic Check,3,Yes
CUST-11128,64,Female,4,Month-to-Month,No,No,Yes,49.63,189.26,140.8,23,3,0,Mailed Check,2,No
CUST-11129,25,Female,30,Two Year,DSL,Yes,No,59.98,1737.64,1.0,7,0,0,Electronic Check,1,No
CUST-11130,57,Male,12,Month-to-Month,No,Yes,Yes,74.85,898.82,310.7,45,0,0,Electronic Check,5,Yes
CUST-11131,66,Male,35,One Year,Fiber Optic,No,Yes,43.42,1588.22,276.9,46,1,2,Electronic Check,5,No
CUST-11132,61,Male,52,One Year,Fiber Optic,Yes,No,92.23,4957.19,244.0,25,2,0,Electronic Check,4,No
CUST-11133,36,Female,31,Month-to-Month,No,Yes,No,94.64,2934.01,188.5,55,3,1,Credit Card,2,Yes
CUST-11134,59,Female,68,Two Year,Fiber Optic,Yes,No,80.16,5606.28,329.5,55,2,0,Credit Card,2,No
CUST-11135,58,Male,52,One Year,No,Yes,No,66.75,3168.26,293.3,13,0,0,Credit Card,4,No
CUST-11136,54,Male,7,Month-to-Month,DSL,Yes,No,15.0,100.44,319.3,38,1,1,Electronic Check,2,Yes
CUST-11137,23,Female,22,One Year,DSL,Yes,No,75.61,1500.34,242.6,19,2,0,Bank Transfer,2,No
CUST-11138,69,Male,56,One Year,Fiber Optic,No,Yes,55.22,2865.41,191.1,45,2,0,Mailed Check,2,No
CUST-11139,43,Male,58,One Year,No,Yes,Yes,58.84,3394.2,144.1,22,3,0,Bank Transfer,3,No
CUST-11140,51,Male,64,Two Year,No,Yes,Yes,17.57,1161.4,65.8,41,0,0,Credit Card,2,No
CUST-11141,73,Female,12,Month-to-Month,Fiber Optic,Yes,No,77.34,923.36,225.2,11,0,0,Credit Card,2,No
CUST-11142,62,Female,7,Month-to-Month,Fiber Optic,No,No,28.79,201.45,232.7,42,2,0,Credit Card,4,Yes
CUST-11143,23,Female,55,Month-to-Month,DSL,Yes,No,67.96,3422.23,148.5,3,2,0,Bank Transfer,1,No
CUST-11144,54,Female,62,Month-to-Month,No,Yes,Yes,87.62,5430.97,235.2,19,1,0,Credit Card,2,No
CUST-11145,74,Female,55,Month-to-Month,DSL,Yes,Yes,53.27,2836.54,150.1,27,2,1,Credit Card,3,No
CUST-11146,50,Female,36,Two Year,Fiber Optic,Yes,No,95.4,3426.56,258.1,7,2,1,Electronic Check,3,No
CUST-11147,70,Male,24,One Year,Fiber Optic,Yes,Yes,46.33,1055.13,100.6,55,3,0,Credit Card,3,No
CUST-11148,39,Female,44,One Year,Fiber Optic,Yes,No,80.01,3475.46,85.0,37,0,1,Credit Card,4,No
CUST-11149,38,Female,17,One Year,Fiber Optic,Yes,Yes,32.38,530.43,158.3,56,0,0,Bank Transfer,2,No
CUST-11150,23,Male,2,Two Year,No,Yes,Yes,90.78,,254.6,56,2,0,Mailed Check,6,No
CUST-11151,23,Female,13,Month-to-Month,Fiber Optic,Yes,No,86.9,1041.66,75.7,27,2,1,Credit Card,2,No
CUST-11152,72,Female,31,Two Year,No,Yes,Yes,76.71,2281.4,274.5,59,2,1,Mailed Check,5,No
CUST-11153,65,Male,28,Month-to-Month,DSL,Yes,Yes,55.17,1477.01,32.2,47,0,0,Mailed Check,3,No
CUST-11154,21,Male,60,Two Year,Fiber Optic,Yes,No,29.95,1815.8,157.8,34,0,0,Credit Card,2,No
CUST-11155,47,Male,27,One Year,Fiber Optic,Yes,No,55.23,1500.1,52.8,11,3,2,Electronic Check,3,No
CUST-11156,28,Female,15,Month-to-Month,Fiber Optic,Yes,No,92.76,1441.95,1.0,38,1,1,Credit Card,3,Yes
CUST-11157,47,Male,33,One Year,No,Yes,No,68.25,2240.56,213.0,5,0,1,Bank Transfer,5,No
CUST-11158,48,Female,20,Month-to-Month,DSL,Yes,Yes,26.17,495.76,164.0,52,2,0,Credit Card,2,No
CUST-11159,41,Female,42,Month-to-Month,DSL,Yes,Yes,36.88,1576.04,54.3,7,1,1,Electronic Check,2,Yes
CUST-11160,72,Female,12,One Year,Fiber Optic,Yes,Yes,96.33,1126.54,133.5,36,1,1,Credit Card,3,No
CUST-11161,26,Female,23,Month-to-Month,DSL,Yes,Yes,77.2,1649.57,219.8,5,1,2,Bank Transfer,4,Yes
CUST-11162,72,Male,14,Month-to-Month,No,Yes,Yes,34.15,483.89,146.9,56,3,0,Bank Transfer,3,No
CUST-11163,20,Male,25,Two Year,DSL,Yes,No,20.85,479.49,162.1,5,2,2,Mailed Check,1,No
CUST-11164,68,Female,31,One Year,Fiber Optic,No,Yes,49.37,1418.32,144.1,27,2,1,Bank Transfer,3,No
CUST-11165,48,Male,54,Two Year,DSL,Yes,No,18.72,1024.84,127.6,29,0,1,Mailed Check,4,No
CUST-11166,57,Female,5,One Year,Fiber Optic,Yes,Yes,61.1,310.24,126.4,27,1,0,Electronic Check,1,Yes
CUST-11167,54,Female,13,Month-to-Month,Fiber Optic,Yes,Yes,126.29,1672.34,123.8,32,0,0,Bank Transfer,5,No
CUST-11168,53,Female,28,Month-to-Month,DSL,Yes,Yes,25.08,662.91,112.2,25,1,1,Bank Transfer,3,No
CUST-11169,41,Male,43,One Year,DSL,Yes,No,60.35,2672.87,88.4,42,1,1,Mailed Check,2,No
CUST-11170,48,Female,47,Two Year,Fiber Optic,Yes,Yes,97.8,4635.21,145.8,50,2,0,Bank Transfer,1,No
CUST-11171,23,Female,71,Month-to-Month,No,Yes,No,83.73,6094.02,122.4,34,1,1,Credit Card,4,No
CUST-11172,19,Male,38,Two Year,DSL,Yes,No,61.28,2343.29,83.5,15,1,0,Mailed Check,3,No
CUST-11173,37,Male,67,Two Year,Fiber Optic,Yes,Yes,61.34,4056.1,248.9,41,3,0,Electronic Check,3,No
CUST-11174,45,Male,62,One Year,No,Yes,No,36.1,2051.11,290.9,34,0,0,Bank Transfer,2,No
CUST-11175,28,Male,39,Two Year,Fiber Optic,Yes,No,58.31,2289.19,180.0,35,0,0,Electronic Check,4,No
CUST-11176,21,Female,37,Month-to-Month,No,Yes,No,71.09,2639.72,186.0,54,2,0,Electronic Check,5,Yes
CUST-11177,32,Male,8,Two Year,No,No,Yes,92.63,701.67,117.7,20,1,0,Credit Card,0,No
CUST-11178,23,Female,52,One Year,Fiber Optic,Yes,No,49.5,2600.7,276.0,56,3,1,Mailed Check,4,No
CUST-11179,71,Male,33,Month-to-Month,Fiber Optic,Yes,No,60.25,1953.59,336.4,24,0,0,Mailed Check,3,No
CUST-11180,66,Male,42,Two Year,DSL,Yes,Yes,41.27,1705.45,165.3,34,1,0,Bank Transfer,7,No
CUST-11181,47,Male,27,Month-to-Month,Fiber Optic,Yes,Yes,70.63,1821.46,133.1,34,1,0,Electronic Check,7,Yes
CUST-11182,73,Male,8,Month-to-Month,No,Yes,Yes,84.59,620.9,210.7,51,0,0,Mailed Check,4,Yes
CUST-11183,55,Male,23,One Year,Fiber Optic,Yes,Yes,80.74,1731.74,191.6,46,2,0,Bank Transfer,4,No
CUST-11184,68,Male,64,Month-to-Month,Fiber Optic,Yes,Yes,35.75,2323.06,135.0,27,1,0,Credit Card,1,No
CUST-11185,74,Female,20,Month-to-Month,Fiber Optic,Yes,Yes,68.67,1291.98,222.4,50,2,0,Electronic Check,4,Yes
CUST-11186,19,Male,16,Two Year,DSL,Yes,Yes,48.07,692.47,264.4,21,3,0,Credit Card,7,No
CUST-11187,32,Male,17,Month-to-Month,No,Yes,No,90.28,1610.81,109.3,33,1,0,Bank Transfer,6,Yes
CUST-11188,28,Male,19,Month-to-Month,Fiber Optic,Yes,No,60.97,1079.2,408.8,39,2,0,Electronic Check,5,Yes
CUST-11189,25,Male,8,Month-to-Month,DSL,Yes,No,27.01,215.71,42.0,40,2,1,Credit Card,4,Yes
CUST-11190,43,Female,38,Month-to-Month,No,Yes,No,59.5,2349.27,103.3,44,0,0,Electronic Check,5,No
CUST-11191,68,Male,38,One Year,Fiber Optic,Yes,Yes,76.46,2876.3,201.1,36,2,0,Bank Transfer,5,No
CUST-11192,62,Male,53,One Year,Fiber Optic,Yes,Yes,71.1,3843.12,382.2,55,3,0,Electronic Check,2,No
CUST-11193,61,Male,31,Two Year,Fiber Optic,Yes,No,52.21,1693.7,129.4,25,2,1,Credit Card,5,No
CUST-11194,22,Male,44,One Year,Fiber Optic,Yes,Yes,50.37,2280.67,84.1,7,5,0,Mailed Check,4,No
CUST-11195,23,Female,60,Month-to-Month,No,Yes,Yes,40.31,2379.14,229.4,50,1,0,Bank Transfer,4,No
CUST-11196,43,Male,17,Two Year,Fiber Optic,Yes,Yes,55.13,894.62,157.6,50,0,0,Electronic Check,2,No
CUST-11197,71,Female,39,One Year,Fiber Optic,Yes,Yes,43.61,1653.8,239.9,58,0,0,Electronic Check,7,No
CUST-11198,21,Male,42,One Year,DSL,Yes,Yes,89.25,3846.99,173.6,10,2,0,Electronic Check,3,No
CUST-11199,36,Female,48,One Year,No,Yes,Yes,42.47,2095.65,102.9,10,2,1,Electronic Check,3,No
CUST-11200,37,Female,12,Two Year,DSL,No,Yes,68.06,838.67,391.4,38,3,0,Electronic Check,3,No
CUST-11201,50,Male,18,One Year,No,No,No,66.36,1182.04,1.0,24,1,1,Credit Card,4,No
CUST-11202,37,Male,6,Month-to-Month,Fiber Optic,Yes,Yes,88.64,516.71,343.8,44,0,0,Credit Card,3,No
CUST-11203,66,Female,43,One Year,Fiber Optic,Yes,No,92.23,3754.51,264.0,10,2,2,Bank Transfer,6,Yes
CUST-11204,29,Female,35,Month-to-Month,No,Yes,No,82.4,2597.05,112.9,59,1,0,Bank Transfer,2,Yes
CUST-11205,64,Male,54,Month-to-Month,DSL,Yes,No,73.82,4044.77,348.5,45,4,0,Credit Card,1,No
CUST-11206,18,Female,62,Month-to-Month,Fiber Optic,No,Yes,38.78,2263.82,56.6,26,1,0,Mailed Check,1,No
CUST-11207,43,Female,69,Month-to-Month,Fiber Optic,Yes,No,38.28,2507.81,270.7,30,1,1,Credit Card,3,No
CUST-11208,31,Female,16,Month-to-Month,Fiber Optic,Yes,Yes,43.86,720.37,1.0,27,2,0,Mailed Check,3,No
CUST-11209,55,Male,8,Month-to-Month,Fiber Optic,Yes,Yes,83.8,608.61,76.9,44,1,2,Credit Card,3,Yes
CUST-11210,54,Female,31,One Year,Fiber Optic,Yes,No,66.83,2152.82,76.6,19,4,0,Bank Transfer,2,No
CUST-11211,28,Female,10,Two Year,Fiber Optic,Yes,Yes,86.72,780.66,112.4,1,0,0,Bank Transfer,3,No
CUST-11212,53,Female,56,Two Year,No,Yes,Yes,90.07,5250.09,181.0,33,1,0,Electronic Check,3,No
CUST-11213,30,Male,70,Month-to-Month,Fiber Optic,Yes,Yes,46.85,3175.26,105.7,11,2,1,Mailed Check,2,No
CUST-11214,60,Male,20,One Year,Fiber Optic,No,Yes,65.8,1204.56,1.0,50,4,0,Mailed Check,4,Yes
CUST-11215,20,Female,5,Two Year,No,Yes,Yes,64.68,323.76,221.7,58,2,1,Mailed Check,4,No
CUST-11216,50,Male,23,Month-to-Month,Fiber Optic,Yes,No,56.81,1351.55,184.4,54,1,0,Electronic Check,3,Yes
CUST-11217,23,Female,9,One Year,DSL,Yes,Yes,51.63,448.74,216.8,34,1,1,Mailed Check,2,Yes
CUST-11218,67,Male,58,One Year,Fiber Optic,Yes,Yes,94.62,5508.29,195.5,38,5,0,Electronic Check,4,Yes
CUST-11219,73,Male,59,Month-to-Month,DSL,Yes,No,66.3,4095.18,265.9,16,0,1,Electronic Check,4,No
CUST-11220,27,Female,54,Two Year,DSL,Yes,No,65.33,3302.41,173.2,59,2,1,Electronic Check,3,No
CUST-11221,22,Male,46,Two Year,DSL,Yes,No,44.93,2114.46,271.1,1,1,0,Electronic Check,2,No
CUST-11222,40,Male,22,Month-to-Month,DSL,Yes,No,81.88,1701.0,110.2,41,1,0,Credit Card,3,No
CUST-11223,27,Male,64,Month-to-Month,Fiber Optic,Yes,No,39.87,2459.69,115.3,28,2,1,Bank Transfer,4,No
CUST-11224,61,Female,8,Month-to-Month,DSL,Yes,No,76.37,575.69,303.8,15,5,0,Mailed Check,5,Yes
CUST-11225,19,Male,20,Month-to-Month,DSL,Yes,Yes,77.06,1490.19,302.0,16,0,1,Bank Transfer,3,Yes
CUST-11226,30,Male,51,Month-to-Month,DSL,Yes,No,54.69,2512.4,231.6,46,3,1,Mailed Check,2,No
CUST-11227,57,Female,39,Month-to-Month,DSL,Yes,No,72.94,2689.67,100.0,32,1,0,Bank Transfer,4,Yes
CUST-11228,19,Male,37,Month-to-Month,DSL,Yes,No,69.64,2491.12,92.7,39,0,1,Electronic Check,4,No
CUST-11229,37,Male,50,Two Year,Fiber Optic,Yes,No,64.02,3184.47,299.5,1,1,1,Bank Transfer,4,No
CUST-11230,18,Male,34,Month-to-Month,No,Yes,Yes,65.32,2211.12,294.5,48,2,0,Electronic Check,1,Yes
CUST-11231,54,Male,33,Month-to-Month,No,Yes,Yes,66.54,2168.52,174.3,9,2,0,Bank Transfer,0,Yes
CUST-11232,26,Male,31,Month-to-Month,No,Yes,No,68.25,1997.17,390.8,29,2,0,Electronic Check,3,No
CUST-11233,34,Female,54,Month-to-Month,DSL,Yes,Yes,66.51,3742.78,221.3,25,2,0,Bank Transfer,2,No
CUST-11234,26,Female,44,Month-to-Month,DSL,Yes,No,37.4,1577.79,80.4,11,0,0,Electronic Check,4,Yes
CUST-11235,28,Male,34,Month-to-Month,DSL,Yes,Yes,61.19,1940.1,155.2,42,2,0,Mailed Check,5,Yes
CUST-11236,32,Male,71,Month-to-Month,Fiber Optic,Yes,No,71.62,4999.47,180.5,11,0,1,Credit Card,2,No
CUST-11237,41,Male,62,Two Year,DSL,Yes,No,67.43,4232.25,187.8,6,0,3,Electronic Check,3,No
CUST-11238,55,Female,23,Two Year,Fiber Optic,No,Yes,88.84,1842.74,292.5,34,1,1,Bank Transfer,2,No
CUST-11239,72,Female,46,Month-to-Month,DSL,Yes,Yes,80.5,3486.2,93.9,50,0,0,Mailed Check,3,No
CUST-11240,52,Male,56,Month-to-Month,DSL,Yes,Yes,43.24,2478.94,60.2,44,4,1,Electronic Check,5,Yes
CUST-11241,47,Male,7,One Year,No,No,No,60.83,415.61,234.2,14,2,0,Bank Transfer,4,Yes
CUST-11242,48,Female,61,One Year,Fiber Optic,Yes,No,57.22,3355.25,134.4,8,1,0,Credit Card,0,No
CUST-11243,66,Male,3,Month-to-Month,No,Yes,Yes,64.89,202.39,398.1,25,0,0,Credit Card,4,Yes
CUST-11244,22,Female,38,Two Year,Fiber Optic,No,Yes,64.93,2253.74,264.9,4,0,0,Bank Transfer,6,No
CUST-11245,61,Female,34,One Year,No,Yes,No,80.29,2708.94,132.7,50,3,1,Electronic Check,6,No
CUST-11246,67,Male,44,Month-to-Month,Fiber Optic,Yes,No,69.43,2906.23,289.2,31,0,0,Mailed Check,5,Yes
CUST-11247,31,Female,30,One Year,No,Yes,Yes,95.76,2616.04,245.7,21,2,0,Bank Transfer,4,No
CUST-11248,70,Male,17,Two Year,DSL,Yes,Yes,71.03,1125.47,237.0,45,0,0,Credit Card,0,No
CUST-11249,73,Male,59,One Year,Fiber Optic,Yes,No,44.24,2594.99,169.0,32,2,0,Bank Transfer,5,No
CUST-11250,28,Male,10,Month-to-Month,Fiber Optic,Yes,No,53.32,482.14,217.8,55,1,0,Bank Transfer,2,No
CUST-11251,26,Male,18,Month-to-Month,Fiber Optic,Yes,No,80.09,1425.53,1.0,14,0,0,Mailed Check,2,Yes
CUST-11252,51,Male,45,Month-to-Month,No,No,Yes,24.65,1157.53,298.5,52,3,0,Mailed Check,3,Yes
CUST-11253,29,Male,59,Month-to-Month,No,Yes,No,31.35,,1.0,28,1,0,Bank Transfer,3,No
CUST-11254,52,Female,62,One Year,Fiber Optic,Yes,No,65.27,3851.85,140.2,25,0,0,Bank Transfer,3,No
CUST-11255,52,Female,59,Two Year,Fiber Optic,Yes,No,88.77,4822.26,36.4,28,4,1,Mailed Check,0,No
CUST-11256,18,Female,49,One Year,Fiber Optic,Yes,Yes,97.68,4641.58,134.9,15,2,0,Mailed Check,5,No
CUST-11257,57,Female,63,Two Year,No,Yes,Yes,59.57,3598.83,173.3,52,1,1,Electronic Check,2,No
CUST-11258,39,Male,32,Month-to-Month,Fiber Optic,Yes,Yes,91.52,3062.65,72.3,56,1,1,Electronic Check,2,Yes
CUST-11259,46,Female,10,Two Year,DSL,Yes,No,66.81,700.49,1.0,51,0,0,Electronic Check,4,No
CUST-11260,25,Female,11,One Year,Fiber Optic,Yes,Yes,26.71,282.52,198.6,46,0,0,Electronic Check,0,No
CUST-11261,28,Female,70,Month-to-Month,DSL,Yes,Yes,64.8,4183.63,367.8,44,1,0,Bank Transfer,3,No
CUST-11262,58,Male,62,One Year,Fiber Optic,Yes,No,49.53,3183.23,148.4,22,0,0,Bank Transfer,4,No
CUST-11263,54,Female,47,Month-to-Month,DSL,Yes,Yes,87.96,4212.8,266.3,47,0,0,Electronic Check,3,No
CUST-11264,31,Male,34,One Year,Fiber Optic,Yes,Yes,64.36,2137.23,315.4,6,0,1,Bank Transfer,5,No
CUST-11265,47,Female,17,Month-to-Month,Fiber Optic,Yes,Yes,33.05,536.46,9.0,51,2,1,Mailed Check,4,No
CUST-11266,52,Male,54,Month-to-Month,DSL,Yes,No,27.51,1436.85,138.8,2,0,1,Mailed Check,6,Yes
CUST-11267,38,Male,40,One Year,DSL,Yes,No,64.48,2670.2,65.1,6,4,0,Electronic Check,2,Yes
CUST-11268,54,Female,19,One Year,Fiber Optic,No,No,15.0,264.39,107.4,55,2,2,Bank Transfer,4,No
CUST-11269,22,Male,67,Month-to-Month,DSL,Yes,No,52.05,3560.65,333.2,23,2,0,Mailed Check,3,No
CUST-11270,36,Male,53,Month-to-Month,DSL,Yes,Yes,70.78,3386.44,200.1,26,0,0,Bank Transfer,3,No
CUST-11271,31,Female,64,Month-to-Month,No,Yes,No,38.57,2562.49,251.0,11,1,0,Mailed Check,3,No
CUST-11272,43,Female,47,One Year,No,Yes,Yes,89.85,4117.56,176.0,1,0,1,Bank Transfer,5,No
CUST-11273,21,Female,6,Two Year,No,Yes,Yes,94.78,531.15,71.1,28,1,0,Mailed Check,3,No
CUST-11274,42,Male,16,Two Year,No,Yes,Yes,39.58,570.22,241.0,22,3,1,Mailed Check,8,No
CUST-11275,62,Male,18,Month-to-Month,DSL,Yes,Yes,57.55,1019.26,292.7,41,0,0,Mailed Check,6,Yes
CUST-11276,59,Male,52,One Year,DSL,Yes,Yes,89.87,4377.3,208.6,13,2,1,Electronic Check,2,No
CUST-11277,42,Female,48,Month-to-Month,DSL,Yes,Yes,64.97,3102.0,224.0,41,2,0,Bank Transfer,2,No
CUST-11278,35,Male,43,One Year,No,Yes,No,30.14,1221.08,68.9,47,1,0,Electronic Check,6,Yes
CUST-11279,57,Male,39,Month-to-Month,Fiber Optic,Yes,Yes,61.42,2187.47,243.6,50,2,0,Bank Transfer,3,Yes
CUST-11280,25,Male,49,Month-to-Month,DSL,Yes,No,43.68,2088.43,301.1,36,3,1,Mailed Check,2,No
CUST-11281,56,Male,12,One Year,Fiber Optic,Yes,Yes,92.7,1095.35,216.4,22,4,0,Credit Card,2,No
CUST-11282,57,Male,10,Month-to-Month,Fiber Optic,Yes,Yes,80.15,775.76,18.3,4,1,0,Electronic Check,3,Yes
CUST-11283,31,Male,71,One Year,Fiber Optic,Yes,Yes,57.16,3931.35,327.2,44,1,0,Mailed Check,2,No
CUST-11284,49,Male,55,Two Year,No,Yes,Yes,68.55,3726.69,95.0,41,2,0,Electronic Check,3,No
CUST-11285,68,Female,1,Month-to-Month,Fiber Optic,Yes,Yes,32.3,31.62,214.9,18,2,0,Credit Card,3,Yes
CUST-11286,55,Female,49,Month-to-Month,No,Yes,No,46.16,2080.63,265.8,58,0,0,Bank Transfer,2,No
CUST-11287,50,Female,36,Two Year,Fiber Optic,Yes,No,103.83,3474.59,277.2,38,0,0,Bank Transfer,5,No
CUST-11288,40,Male,21,One Year,Fiber Optic,No,Yes,66.34,1283.46,18.0,17,1,1,Credit Card,5,No
CUST-11289,32,Male,37,Month-to-Month,No,Yes,Yes,88.25,3278.29,190.5,25,0,0,Credit Card,2,No
CUST-11290,50,Female,24,Month-to-Month,No,Yes,No,70.8,1664.01,184.6,17,2,0,Bank Transfer,5,Yes
CUST-11291,42,Male,55,One Year,DSL,Yes,Yes,97.86,5191.11,309.5,29,3,0,Credit Card,3,No
CUST-11292,34,Female,25,One Year,DSL,Yes,Yes,15.03,383.17,221.3,45,1,0,Mailed Check,0,No
CUST-11293,50,Male,7,Month-to-Month,Fiber Optic,Yes,No,60.29,400.45,310.3,44,1,1,Electronic Check,4,Yes
CUST-11294,64,Male,71,Month-to-Month,Fiber Optic,No,No,106.12,7423.13,228.6,46,0,1,Electronic Check,5,No
CUST-11295,72,Female,71,Two Year,Fiber Optic,Yes,No,88.9,5751.16,173.3,8,2,0,Electronic Check,1,No
CUST-11296,19,Female,24,One Year,No,Yes,No,98.13,2382.58,197.4,29,1,1,Electronic Check,3,No
CUST-11297,31,Female,11,Two Year,DSL,Yes,Yes,64.83,716.18,317.1,15,1,1,Electronic Check,2,No
CUST-11298,70,Female,12,One Year,Fiber Optic,Yes,Yes,51.57,631.44,63.3,41,1,0,Electronic Check,4,No
CUST-11299,57,Female,35,Two Year,DSL,Yes,Yes,39.32,1421.16,261.5,33,1,0,Bank Transfer,1,No
CUST-11300,57,Male,63,Month-to-Month,No,Yes,No,37.58,2399.99,123.5,49,0,0,Bank Transfer,5,Yes
CUST-11301,68,Male,68,One Year,No,Yes,No,85.18,5946.74,104.2,10,4,0,Electronic Check,1,No
CUST-11302,56,Male,57,Month-to-Month,Fiber Optic,Yes,Yes,77.83,4222.69,272.1,55,1,1,Electronic Check,6,No
CUST-11303,68,Female,13,One Year,DSL,Yes,Yes,63.34,783.48,100.5,58,3,0,Credit Card,3,No
CUST-11304,23,Female,23,Month-to-Month,Fiber Optic,Yes,Yes,77.7,1861.52,213.9,37,0,1,Credit Card,5,Yes
CUST-11305,23,Female,39,Month-to-Month,Fiber Optic,Yes,Yes,68.56,2773.27,136.0,11,1,1,Credit Card,1,No
CUST-11306,20,Female,12,Two Year,Fiber Optic,No,Yes,89.06,1049.78,1.0,35,0,1,Electronic Check,2,No
CUST-11307,24,Female,34,Two Year,No,Yes,No,88.82,,223.0,57,1,0,Credit Card,1,No
CUST-11308,68,Female,71,Month-to-Month,No,Yes,No,38.35,2804.26,191.4,34,2,0,Electronic Check,2,No
CUST-11309,25,Male,31,One Year,Fiber Optic,No,Yes,71.84,2112.37,8.1,32,0,0,Bank Transfer,2,No
CUST-11310,59,Male,62,Month-to-Month,Fiber Optic,Yes,Yes,23.28,1332.29,117.1,22,1,0,Mailed Check,2,No
CUST-11311,69,Male,13,Month-to-Month,DSL,Yes,Yes,68.33,,17.4,4,0,0,Bank Transfer,5,No
CUST-11312,32,Male,31,Two Year,Fiber Optic,Yes,Yes,80.11,2250.95,245.9,53,1,1,Electronic Check,1,No
CUST-11313,64,Male,2,Month-to-Month,Fiber Optic,Yes,Yes,32.16,61.55,304.9,2,2,1,Electronic Check,6,No
CUST-11314,46,Female,15,Two Year,DSL,Yes,No,54.59,836.17,256.5,33,1,0,Bank Transfer,4,No
CUST-11315,50,Female,57,Month-to-Month,DSL,Yes,Yes,65.24,3511.48,269.0,9,2,0,Bank Transfer,2,No
CUST-11316,69,Female,34,One Year,DSL,No,No,70.85,2504.53,133.4,35,3,0,Credit Card,3,No
CUST-11317,47,Female,68,One Year,DSL,Yes,No,58.03,4117.19,229.2,38,0,0,Credit Card,2,No
CUST-11318,56,Female,29,Month-to-Month,Fiber Optic,Yes,No,35.69,1058.17,179.2,31,0,1,Mailed Check,2,Yes
CUST-11319,44,Female,66,Month-to-Month,Fiber Optic,Yes,Yes,63.65,4403.16,196.7,14,1,2,Credit Card,3,No
CUST-11320,53,Male,16,Two Year,Fiber Optic,Yes,No,23.69,371.31,266.2,57,3,1,Credit Card,4,No
CUST-11321,46,Female,39,One Year,Fiber Optic,Yes,Yes,59.18,2274.28,285.8,31,1,1,Credit Card,1,No
CUST-11322,55,Female,37,Month-to-Month,Fiber Optic,Yes,Yes,53.97,2047.66,144.9,33,1,0,Mailed Check,2,No
CUST-11323,74,Female,21,Month-to-Month,No,Yes,Yes,61.64,1260.68,53.3,44,1,0,Credit Card,1,Yes
CUST-11324,50,Female,44,Month-to-Month,Fiber Optic,Yes,No,51.02,2157.35,163.1,53,2,0,Credit Card,2,No
CUST-11325,54,Male,19,Month-to-Month,No,Yes,Yes,27.31,514.85,160.3,16,1,0,Bank Transfer,1,No
CUST-11326,44,Male,71,Month-to-Month,Fiber Optic,Yes,Yes,55.84,3959.28,205.6,20,0,0,Bank Transfer,7,No
CUST-11327,72,Female,8,Month-to-Month,Fiber Optic,Yes,Yes,88.27,715.08,255.0,51,5,2,Credit Card,3,Yes
CUST-11328,50,Male,66,Two Year,DSL,No,Yes,96.54,6373.11,7.7,50,1,2,Bank Transfer,4,No
CUST-11329,21,Male,41,One Year,Fiber Optic,Yes,Yes,125.98,5226.43,119.6,14,0,0,Electronic Check,3,Yes
CUST-11330,39,Female,70,Two Year,No,Yes,Yes,107.29,7519.19,93.3,35,2,2,Bank Transfer,2,No
CUST-11331,19,Female,61,One Year,No,Yes,No,35.08,2080.11,292.6,46,1,0,Mailed Check,1,No
CUST-11332,27,Female,26,Two Year,No,No,Yes,54.79,1310.92,161.2,49,1,1,Credit Card,5,No
CUST-11333,22,Female,71,One Year,DSL,Yes,No,64.43,4656.03,133.8,45,0,0,Electronic Check,3,No
CUST-11334,27,Female,70,One Year,Fiber Optic,Yes,No,62.86,3980.5,228.4,33,2,0,Bank Transfer,2,No
CUST-11335,50,Male,29,Two Year,Fiber Optic,Yes,Yes,66.74,2030.06,126.6,29,2,0,Electronic Check,5,Yes
CUST-11336,71,Female,66,One Year,Fiber Optic,Yes,No,125.19,8463.06,178.6,8,4,0,Electronic Check,4,No
CUST-11337,55,Female,19,Month-to-Month,DSL,Yes,No,37.95,721.51,343.3,53,0,1,Credit Card,3,No
CUST-11338,30,Female,68,One Year,No,Yes,No,47.16,3351.16,340.8,34,3,0,Electronic Check,2,No
CUST-11339,48,Male,58,Two Year,No,Yes,No,106.1,6103.77,143.3,51,3,0,Mailed Check,2,No
CUST-11340,64,Female,70,One Year,Fiber Optic,Yes,No,49.6,3154.19,163.6,47,0,2,Electronic Check,2,No
CUST-11341,53,Female,57,One Year,DSL,Yes,Yes,74.84,4197.23,124.3,14,3,0,Credit Card,2,No
CUST-11342,62,Female,37,One Year,DSL,Yes,No,90.87,3165.77,6.7,14,1,0,Mailed Check,5,No
CUST-11343,41,Male,61,Two Year,Fiber Optic,Yes,Yes,77.16,4496.94,273.3,50,4,0,Mailed Check,3,No
CUST-11344,69,Female,30,Month-to-Month,DSL,Yes,No,69.79,2028.67,397.9,15,3,1,Mailed Check,3,No
CUST-11345,73,Female,71,One Year,No,Yes,Yes,88.47,6383.07,140.1,42,2,0,Mailed Check,2,No
CUST-11346,32,Female,25,Month-to-Month,Fiber Optic,Yes,No,42.67,1040.55,106.5,50,1,0,Electronic Check,2,Yes
CUST-11347,46,Male,65,One Year,Fiber Optic,No,Yes,52.59,3319.91,155.4,20,1,0,Bank Transfer,3,No
CUST-11348,25,Female,6,One Year,Fiber Optic,Yes,No,78.39,444.61,187.7,28,3,1,Bank Transfer,2,Yes
CUST-11349,22,Female,18,Month-to-Month,DSL,Yes,No,15.0,264.86,77.8,4,0,0,Bank Transfer,1,No
CUST-11350,46,Female,10,Month-to-Month,No,Yes,No,100.41,941.1,138.7,7,1,1,Bank Transfer,1,Yes
CUST-11351,64,Male,11,One Year,Fiber Optic,Yes,No,72.58,749.8,271.3,2,3,0,Bank Transfer,5,No
CUST-11352,21,Female,65,Month-to-Month,No,Yes,Yes,68.83,4534.75,191.5,9,4,1,Credit Card,6,Yes
CUST-11353,29,Female,65,Month-to-Month,Fiber Optic,Yes,No,24.24,1499.0,294.3,23,0,1,Bank Transfer,1,No
CUST-11354,62,Female,52,Two Year,Fiber Optic,Yes,No,32.83,,212.8,36,2,0,Credit Card,6,No
CUST-11355,19,Male,67,Month-to-Month,DSL,Yes,No,55.04,3509.02,82.0,12,1,0,Bank Transfer,4,No
CUST-11356,44,Male,31,Month-to-Month,Fiber Optic,Yes,No,85.19,2629.76,128.2,23,2,1,Bank Transfer,0,No
CUST-11357,48,Female,17,Two Year,Fiber Optic,Yes,Yes,15.0,,202.4,31,2,0,Mailed Check,3,No
CUST-11358,68,Male,55,Month-to-Month,Fiber Optic,Yes,Yes,84.71,4865.4,79.0,42,2,0,Electronic Check,5,No
CUST-11359,68,Male,36,Month-to-Month,Fiber Optic,Yes,No,56.0,2040.06,67.3,11,1,0,Mailed Check,4,No
CUST-11360,53,Male,26,One Year,DSL,Yes,No,59.41,1489.56,72.7,1,0,0,Bank Transfer,2,No
CUST-11361,53,Female,53,One Year,No,Yes,Yes,71.34,3572.56,226.4,13,1,0,Credit Card,4,No
CUST-11362,43,Female,17,Two Year,No,Yes,No,71.73,1121.18,147.0,39,1,0,Bank Transfer,4,No
CUST-11363,60,Male,25,Two Year,DSL,Yes,Yes,47.19,1172.85,286.4,29,2,0,Bank Transfer,2,No
CUST-11364,44,Male,2,One Year,No,Yes,No,80.62,157.45,99.3,6,2,0,Electronic Check,3,No
CUST-11365,22,Male,5,Month-to-Month,DSL,Yes,No,15.0,75.12,1.0,31,1,1,Mailed Check,4,Yes
CUST-11366,37,Female,4,Month-to-Month,Fiber Optic,Yes,Yes,53.74,201.11,168.2,9,0,0,Electronic Check,1,No
CUST-11367,28,Female,36,Month-to-Month,DSL,Yes,No,68.84,2350.73,328.3,56,1,2,Mailed Check,4,No
CUST-11368,27,Male,6,Month-to-Month,No,Yes,No,56.38,319.27,183.1,18,1,0,Mailed Check,4,Yes
CUST-11369,57,Male,21,One Year,DSL,Yes,Yes,19.33,413.91,56.5,59,1,0,Bank Transfer,2,No
CUST-11370,55,Male,26,One Year,Fiber Optic,Yes,Yes,83.95,2020.49,33.8,3,1,0,Mailed Check,5,No
CUST-11371,23,Male,55,Month-to-Month,Fiber Optic,Yes,Yes,33.79,1842.23,287.8,32,3,0,Mailed Check,2,No
CUST-11372,25,Female,39,Two Year,DSL,Yes,No,63.31,2241.2,107.3,45,3,0,Electronic Check,2,No
CUST-11373,40,Male,33,Month-to-Month,Fiber Optic,Yes,Yes,68.83,2231.48,318.8,3,3,1,Mailed Check,5,No
CUST-11374,64,Female,14,Month-to-Month,DSL,Yes,Yes,65.5,834.09,238.9,45,4,0,Electronic Check,2,Yes
CUST-11375,43,Male,56,One Year,Fiber Optic,No,Yes,94.23,4888.4,110.7,30,1,1,Mailed Check,0,No
CUST-11376,63,Male,21,Month-to-Month,No,No,Yes,63.67,1226.03,285.0,6,0,0,Electronic Check,2,Yes
CUST-11377,60,Male,46,Month-to-Month,No,Yes,No,75.69,3314.65,96.8,50,2,0,Bank Transfer,2,No
CUST-11378,29,Male,16,Month-to-Month,No,Yes,No,63.6,968.31,49.7,27,2,0,Mailed Check,6,No
CUST-11379,43,Male,16,Month-to-Month,Fiber Optic,Yes,Yes,80.32,1315.92,102.0,2,1,0,Electronic Check,2,Yes
CUST-11380,30,Female,29,One Year,DSL,Yes,No,99.84,2703.84,249.2,20,0,0,Electronic Check,3,Yes
CUST-11381,57,Male,8,Two Year,Fiber Optic,Yes,No,68.44,499.86,282.4,17,0,0,Bank Transfer,8,No
CUST-11382,35,Male,3,Month-to-Month,DSL,Yes,Yes,84.55,251.25,144.4,33,2,1,Bank Transfer,5,Yes
CUST-11383,42,Male,19,Month-to-Month,No,No,Yes,101.38,1932.23,11.9,17,2,1,Electronic Check,3,No
CUST-11384,50,Female,66,One Year,DSL,Yes,No,98.93,6165.19,39.9,37,2,0,Electronic Check,2,No
CUST-11385,64,Female,22,Two Year,No,Yes,No,55.37,1206.47,83.9,29,2,0,Electronic Check,0,No
CUST-11386,57,Female,46,Month-to-Month,DSL,Yes,No,90.91,4250.48,63.5,9,1,1,Mailed Check,3,No
CUST-11387,60,Female,13,Month-to-Month,No,Yes,Yes,71.22,881.54,203.9,4,0,1,Mailed Check,5,Yes
CUST-11388,29,Male,33,One Year,DSL,Yes,No,92.93,3001.69,354.4,46,1,1,Electronic Check,3,No
CUST-11389,61,Male,5,One Year,DSL,Yes,No,79.22,365.2,251.6,40,4,0,Bank Transfer,2,No
CUST-11390,53,Male,27,Month-to-Month,Fiber Optic,Yes,No,71.89,1753.81,78.5,55,2,1,Bank Transfer,1,Yes
CUST-11391,65,Female,24,One Year,DSL,Yes,No,75.85,1906.33,117.5,13,1,1,Credit Card,6,No
CUST-11392,21,Male,67,Month-to-Month,Fiber Optic,Yes,No,71.38,4519.23,135.1,6,4,1,Credit Card,6,No
CUST-11393,22,Male,63,Month-to-Month,Fiber Optic,Yes,No,72.36,4293.53,215.0,46,0,0,Bank Transfer,6,No
CUST-11394,73,Female,48,Month-to-Month,DSL,Yes,Yes,61.03,3064.16,321.4,9,1,0,Mailed Check,3,Yes
CUST-11395,54,Female,63,Two Year,No,Yes,No,58.71,3732.89,137.9,26,3,1,Bank Transfer,2,No
CUST-11396,25,Female,12,Month-to-Month,Fiber Optic,Yes,Yes,109.08,1292.98,318.5,49,2,0,Bank Transfer,1,Yes
CUST-11397,59,Male,28,Month-to-Month,Fiber Optic,Yes,No,76.94,2164.87,369.4,39,1,0,Electronic Check,1,No
CUST-11398,66,Male,44,Month-to-Month,Fiber Optic,Yes,Yes,50.67,2243.95,148.5,41,1,1,Bank Transfer,3,Yes
CUST-11399,45,Female,43,Two Year,Fiber Optic,Yes,No,58.06,2532.78,146.2,47,0,0,Credit Card,4,No
CUST-11400,48,Male,17,Month-to-Month,DSL,Yes,Yes,91.41,1414.23,147.5,42,3,0,Mailed Check,2,Yes
CUST-11401,26,Female,40,Month-to-Month,DSL,Yes,No,46.6,1793.03,185.6,14,1,0,Credit Card,5,Yes
CUST-11402,71,Female,49,Month-to-Month,Fiber Optic,Yes,Yes,27.95,1293.22,147.8,48,0,1,Mailed Check,5,No
CUST-11403,68,Male,57,One Year,Fiber Optic,No,Yes,29.79,1546.2,259.6,34,3,1,Credit Card,3,No
CUST-11404,46,Female,64,Month-to-Month,Fiber Optic,No,No,21.78,1340.8,40.6,4,0,1,Electronic Check,2,No
CUST-11405,31,Female,57,Month-to-Month,Fiber Optic,Yes,No,32.53,1840.17,131.9,21,1,0,Electronic Check,4,No
CUST-11406,57,Female,70,Month-to-Month,Fiber Optic,Yes,Yes,35.48,2301.74,209.6,31,2,0,Mailed Check,3,No
CUST-11407,58,Male,43,Two Year,DSL,Yes,Yes,99.63,4051.7,258.3,47,1,1,Electronic Check,1,No
CUST-11408,39,Female,23,One Year,DSL,Yes,Yes,63.85,1462.49,377.6,43,2,0,Mailed Check,4,No
CUST-11409,28,Female,27,One Year,Fiber Optic,Yes,No,55.92,1490.06,64.0,21,3,1,Bank Transfer,1,No
CUST-11410,40,Female,58,Two Year,DSL,Yes,No,28.91,1727.62,121.3,43,1,0,Mailed Check,0,No
CUST-11411,18,Female,37,Two Year,DSL,Yes,No,61.42,2315.0,1.0,29,0,0,Credit Card,1,Yes
CUST-11412,63,Female,6,Month-to-Month,DSL,Yes,Yes,21.57,135.22,80.1,55,0,0,Mailed Check,2,Yes
CUST-11413,54,Female,65,Two Year,No,Yes,Yes,55.76,3586.63,20.8,58,1,0,Bank Transfer,4,No
CUST-11414,38,Female,6,Month-to-Month,Fiber Optic,Yes,No,116.61,703.0,133.1,24,0,0,Bank Transfer,3,No
CUST-11415,43,Male,50,Month-to-Month,DSL,Yes,Yes,81.6,4198.63,159.4,45,2,0,Bank Transfer,1,No
CUST-11416,63,Male,22,Two Year,DSL,Yes,No,59.76,1348.9,222.3,16,2,1,Electronic Check,5,No
CUST-11417,53,Female,25,Month-to-Month,Fiber Optic,No,Yes,82.45,2077.34,153.1,9,1,0,Electronic Check,3,Yes
CUST-11418,71,Male,51,Month-to-Month,Fiber Optic,Yes,No,51.96,2583.81,222.3,21,5,0,Credit Card,2,No
CUST-11419,40,Male,48,Month-to-Month,Fiber Optic,Yes,No,44.98,2031.62,190.3,2,1,0,Electronic Check,2,No
CUST-11420,74,Female,70,One Year,No,No,Yes,107.6,7769.88,87.0,2,3,0,Mailed Check,4,No
CUST-11421,18,Male,65,Month-to-Month,Fiber Optic,Yes,No,36.44,2407.68,28.2,37,4,0,Bank Transfer,5,Yes
CUST-11422,71,Female,60,One Year,DSL,Yes,No,56.15,3455.54,232.5,37,2,0,Electronic Check,7,No
CUST-11423,72,Female,46,Two Year,Fiber Optic,Yes,Yes,72.65,3078.29,328.2,5,2,0,Electronic Check,6,No
CUST-11424,68,Female,36,One Year,No,Yes,Yes,41.59,1418.22,408.2,46,0,0,Credit Card,5,No
CUST-11425,57,Female,58,Month-to-Month,Fiber Optic,Yes,No,81.27,4542.71,264.2,6,0,0,Electronic Check,0,No
CUST-11426,32,Female,38,Two Year,Fiber Optic,No,Yes,57.34,2235.03,311.2,48,3,1,Electronic Check,3,No
CUST-11427,38,Male,11,Month-to-Month,DSL,Yes,No,81.6,928.06,221.5,48,1,0,Bank Transfer,3,No
CUST-11428,64,Female,12,Month-to-Month,Fiber Optic,Yes,Yes,79.65,901.07,207.2,8,2,1,Credit Card,6,Yes
CUST-11429,26,Male,42,Month-to-Month,Fiber Optic,Yes,Yes,58.92,2481.98,190.0,32,1,1,Bank Transfer,2,Yes
CUST-11430,70,Female,39,One Year,No,Yes,Yes,107.77,3831.79,170.5,59,1,1,Electronic Check,2,No
CUST-11431,26,Female,71,Month-to-Month,Fiber Optic,Yes,Yes,48.37,3301.83,234.6,37,1,0,Mailed Check,2,No
CUST-11432,27,Female,11,Month-to-Month,Fiber Optic,Yes,Yes,98.72,1056.6,133.1,13,3,0,Bank Transfer,5,Yes
CUST-11433,69,Male,36,Month-to-Month,DSL,Yes,Yes,94.37,3447.75,166.7,3,3,0,Mailed Check,5,Yes
CUST-11434,74,Female,52,Month-to-Month,DSL,Yes,No,109.27,5874.07,74.0,9,3,0,Mailed Check,4,No
CUST-11435,70,Female,31,One Year,Fiber Optic,Yes,No,69.35,2043.63,222.7,4,1,0,Bank Transfer,5,No
CUST-11436,43,Female,33,Two Year,DSL,Yes,No,45.29,1463.42,93.7,28,0,0,Credit Card,6,No
CUST-11437,58,Female,13,One Year,Fiber Optic,Yes,Yes,116.92,1515.58,183.0,40,3,0,Mailed Check,4,No
CUST-11438,52,Male,18,Month-to-Month,DSL,Yes,No,56.63,967.66,225.0,16,1,0,Bank Transfer,3,No
CUST-11439,69,Female,41,Month-to-Month,Fiber Optic,Yes,Yes,44.66,1918.64,232.7,57,2,0,Electronic Check,0,Yes
CUST-11440,42,Male,58,Two Year,No,Yes,Yes,60.26,3604.71,249.4,11,0,0,Bank Transfer,4,No
CUST-11441,43,Female,56,Month-to-Month,Fiber Optic,Yes,Yes,40.46,2139.92,160.8,55,1,1,Electronic Check,4,Yes
CUST-11442,28,Male,24,Two Year,DSL,Yes,Yes,78.15,1830.95,223.7,19,2,0,Credit Card,1,No
CUST-11443,55,Male,31,Month-to-Month,Fiber Optic,No,No,49.86,1444.61,136.2,42,3,0,Mailed Check,5,No
CUST-11444,19,Female,55,Two Year,No,Yes,Yes,57.81,3106.98,2.6,59,2,0,Credit Card,2,No
CUST-11445,24,Female,10,Month-to-Month,Fiber Optic,Yes,No,89.19,894.13,227.7,22,1,0,Credit Card,2,Yes
CUST-11446,35,Male,60,Month-to-Month,DSL,Yes,Yes,80.59,4413.89,206.9,39,2,0,Mailed Check,1,No
CUST-11447,44,Female,2,One Year,DSL,Yes,No,65.39,134.77,271.2,12,1,2,Electronic Check,4,Yes
CUST-11448,51,Female,15,One Year,DSL,No,No,69.27,1027.68,177.7,55,4,0,Bank Transfer,0,No
CUST-11449,44,Female,3,Month-to-Month,DSL,Yes,Yes,65.31,205.42,35.7,30,2,2,Electronic Check,4,Yes
CUST-11450,34,Male,43,One Year,No,Yes,No,54.22,2107.26,171.8,40,1,0,Mailed Check,3,No
CUST-11451,60,Female,31,One Year,No,Yes,No,64.94,2062.91,259.8,42,1,0,Electronic Check,5,No
CUST-11452,61,Female,70,Month-to-Month,DSL,Yes,No,77.27,5510.56,222.8,5,5,0,Electronic Check,3,Yes
CUST-11453,68,Female,67,Month-to-Month,DSL,Yes,No,61.85,3812.14,166.8,37,2,0,Electronic Check,3,Yes
CUST-11454,71,Male,56,Month-to-Month,DSL,Yes,No,75.49,4017.32,30.3,45,2,0,Mailed Check,2,No
CUST-11455,41,Female,63,Month-to-Month,No,Yes,Yes,44.08,2867.9,87.7,32,2,0,Credit Card,2,Yes
CUST-11456,42,Male,15,One Year,Fiber Optic,Yes,No,49.9,731.86,223.0,34,3,0,Bank Transfer,2,No
CUST-11457,24,Female,10,Month-to-Month,Fiber Optic,Yes,Yes,46.64,447.83,30.1,12,2,0,Credit Card,0,No
CUST-11458,69,Male,38,Month-to-Month,Fiber Optic,Yes,Yes,50.87,2002.31,151.4,43,0,2,Bank Transfer,3,No
CUST-11459,23,Female,47,Month-to-Month,Fiber Optic,Yes,No,97.18,4174.67,183.5,2,7,0,Mailed Check,3,Yes
CUST-11460,70,Female,57,Month-to-Month,Fiber Optic,Yes,Yes,83.15,4601.95,283.5,47,1,1,Mailed Check,3,No
CUST-11461,41,Male,50,Month-to-Month,DSL,Yes,Yes,38.08,1899.92,235.3,52,3,0,Electronic Check,5,No
CUST-11462,50,Male,71,Month-to-Month,Fiber Optic,Yes,Yes,75.94,5344.73,266.7,7,3,1,Bank Transfer,2,No
CUST-11463,66,Male,15,Month-to-Month,Fiber Optic,Yes,Yes,55.24,778.59,207.2,32,2,0,Credit Card,1,No
CUST-11464,46,Female,18,Two Year,DSL,Yes,Yes,47.94,849.54,103.9,40,2,1,Bank Transfer,1,No
CUST-11465,60,Female,2,Month-to-Month,DSL,Yes,No,27.86,56.07,124.8,35,3,1,Bank Transfer,1,Yes
CUST-11466,39,Female,43,One Year,Fiber Optic,No,Yes,89.3,3792.8,96.1,49,2,2,Mailed Check,2,No
CUST-11467,43,Female,26,Month-to-Month,Fiber Optic,Yes,No,30.9,805.54,233.2,52,2,0,Bank Transfer,5,No
CUST-11468,45,Male,71,Month-to-Month,Fiber Optic,Yes,Yes,63.7,4244.16,117.5,6,5,0,Electronic Check,3,Yes
CUST-11469,67,Female,38,Month-to-Month,No,Yes,No,41.34,1610.08,144.5,22,0,1,Credit Card,8,No
CUST-11470,38,Female,42,Month-to-Month,DSL,No,No,84.4,3429.43,182.0,25,1,0,Bank Transfer,2,No
CUST-11471,66,Female,5,Two Year,DSL,Yes,Yes,56.64,296.82,327.7,47,1,0,Bank Transfer,5,No
CUST-11472,24,Female,11,Two Year,DSL,Yes,No,61.64,612.6,239.1,13,0,0,Electronic Check,5,No
CUST-11473,34,Female,65,One Year,Fiber Optic,Yes,No,62.48,3886.76,110.4,23,2,0,Credit Card,1,No
CUST-11474,37,Female,34,One Year,Fiber Optic,Yes,No,72.56,2287.12,193.7,45,2,0,Credit Card,0,No
CUST-11475,58,Female,1,Month-to-Month,Fiber Optic,Yes,Yes,65.33,64.24,328.6,44,3,1,Electronic Check,6,Yes
CUST-11476,66,Male,2,Month-to-Month,DSL,Yes,No,63.92,119.72,235.4,46,0,0,Mailed Check,3,No
CUST-11477,37,Female,20,Two Year,Fiber Optic,Yes,No,52.04,1051.86,36.2,9,2,1,Credit Card,1,No
CUST-11478,71,Female,61,One Year,No,Yes,Yes,25.63,1613.9,97.6,42,2,0,Mailed Check,3,No
CUST-11479,39,Female,21,One Year,No,Yes,Yes,37.04,724.66,90.7,59,2,0,Electronic Check,5,No
CUST-11480,45,Female,68,Month-to-Month,No,Yes,Yes,82.96,5213.12,309.7,37,2,0,Bank Transfer,5,No
CUST-11481,57,Male,12,Month-to-Month,Fiber Optic,No,Yes,57.35,709.74,293.1,53,1,0,Bank Transfer,3,No
CUST-11482,66,Male,22,Two Year,No,Yes,No,48.4,1016.02,123.7,37,2,1,Electronic Check,1,No
CUST-11483,24,Male,20,Month-to-Month,DSL,Yes,Yes,29.86,576.41,121.8,53,2,0,Credit Card,1,No
CUST-11484,18,Male,1,Month-to-Month,DSL,No,Yes,22.01,20.54,184.0,30,1,1,Mailed Check,2,Yes
CUST-11485,49,Male,30,Month-to-Month,DSL,No,No,47.42,1371.1,186.7,20,1,0,Electronic Check,6,Yes
CUST-11486,30,Male,24,Two Year,Fiber Optic,Yes,Yes,87.2,1956.13,93.4,38,0,0,Bank Transfer,4,No
CUST-11487,47,Female,14,Month-to-Month,No,No,Yes,51.07,714.9,157.6,44,1,0,Bank Transfer,4,No
CUST-11488,40,Male,36,Two Year,DSL,Yes,No,75.01,2632.4,49.2,49,1,1,Credit Card,3,No
CUST-11489,68,Male,69,Month-to-Month,Fiber Optic,Yes,Yes,49.92,3507.2,294.5,16,0,2,Credit Card,3,No
CUST-11490,73,Female,24,Two Year,Fiber Optic,Yes,Yes,80.97,1840.11,21.6,50,1,1,Mailed Check,3,No
CUST-11491,36,Male,60,One Year,No,Yes,Yes,56.21,3291.12,20.6,57,2,1,Mailed Check,1,No
CUST-11492,49,Female,55,Month-to-Month,Fiber Optic,Yes,No,34.2,1766.12,219.2,22,1,0,Mailed Check,3,No
CUST-11493,47,Female,24,One Year,No,Yes,No,58.28,1454.91,68.7,38,0,0,Electronic Check,4,No
CUST-11494,46,Male,24,Month-to-Month,DSL,Yes,No,110.85,2602.64,134.9,10,2,0,Mailed Check,3,Yes
CUST-11495,66,Female,54,Month-to-Month,DSL,Yes,Yes,109.75,5488.05,185.7,20,1,0,Electronic Check,2,No
CUST-11496,62,Male,26,Two Year,Fiber Optic,Yes,No,77.16,1887.63,240.8,53,2,0,Electronic Check,1,No
CUST-11497,46,Male,66,Month-to-Month,Fiber Optic,Yes,No,61.57,3707.79,160.1,41,1,0,Credit Card,2,Yes
CUST-11498,47,Female,38,Month-to-Month,DSL,Yes,Yes,72.6,2494.43,340.1,2,1,0,Electronic Check,4,Yes
CUST-11499,33,Female,65,Month-to-Month,Fiber Optic,Yes,No,72.92,4639.73,180.0,3,1,0,Credit Card,3,No
CUST-11500,57,Male,51,Month-to-Month,Fiber Optic,Yes,No,64.0,3102.66,287.2,42,3,0,Mailed Check,1,No
CUST-11501,36,Female,35,Two Year,Fiber Optic,Yes,Yes,76.02,2779.28,205.1,8,2,0,Electronic Check,5,No
CUST-11502,35,Female,43,Month-to-Month,DSL,Yes,Yes,70.21,2794.72,371.8,9,1,0,Mailed Check,3,No
CUST-11503,18,Male,29,Two Year,Fiber Optic,Yes,Yes,57.1,1687.51,275.3,28,0,0,Electronic Check,2,No
CUST-11504,31,Male,37,Two Year,Fiber Optic,Yes,Yes,35.12,1231.08,183.9,21,1,0,Electronic Check,4,No
CUST-11505,68,Female,58,Month-to-Month,DSL,No,No,53.5,2896.75,236.6,51,3,0,Credit Card,5,No
CUST-11506,64,Male,54,Month-to-Month,Fiber Optic,Yes,No,84.99,4798.03,156.5,33,1,0,Mailed Check,0,No
CUST-11507,67,Male,39,Two Year,DSL,Yes,Yes,64.21,2555.24,155.6,34,2,2,Electronic Check,4,No
CUST-11508,19,Male,42,Month-to-Month,DSL,Yes,No,72.51,3028.95,62.7,52,4,0,Bank Transfer,1,No
CUST-11509,71,Male,28,Month-to-Month,Fiber Optic,Yes,No,57.92,1629.17,107.3,4,0,0,Electronic Check,7,Yes
CUST-11510,45,Male,29,Month-to-Month,DSL,No,Yes,38.51,1171.19,365.5,48,0,1,Mailed Check,2,No
CUST-11511,66,Male,43,One Year,No,Yes,No,59.03,2510.32,71.6,53,2,0,Credit Card,3,No
CUST-11512,67,Male,3,One Year,Fiber Optic,Yes,No,39.44,108.3,121.0,25,2,1,Bank Transfer,3,Yes
CUST-11513,47,Female,10,Month-to-Month,No,Yes,Yes,37.84,344.24,171.6,32,2,1,Mailed Check,2,No
CUST-11514,55,Male,59,Month-to-Month,DSL,Yes,Yes,95.14,5613.21,174.6,12,5,0,Electronic Check,3,Yes
CUST-11515,68,Female,14,Two Year,Fiber Optic,Yes,Yes,54.5,761.96,214.5,2,1,0,Credit Card,5,No
CUST-11516,21,Female,47,One Year,DSL,Yes,Yes,46.46,2210.32,137.8,47,1,0,Credit Card,4,No
CUST-11517,18,Female,42,One Year,No,Yes,Yes,105.45,4058.28,220.1,50,2,1,Mailed Check,3,No
CUST-11518,25,Male,32,One Year,Fiber Optic,Yes,Yes,85.37,2845.85,282.8,48,5,0,Electronic Check,2,No
CUST-11519,46,Male,32,Month-to-Month,DSL,Yes,No,55.71,1751.83,294.0,53,1,0,Bank Transfer,4,Yes
CUST-11520,72,Female,42,One Year,No,Yes,No,75.69,3170.82,155.9,12,2,1,Mailed Check,6,No
CUST-11521,56,Male,32,Month-to-Month,Fiber Optic,Yes,Yes,59.11,1712.26,235.0,50,2,0,Bank Transfer,2,No
CUST-11522,20,Female,26,Month-to-Month,DSL,Yes,Yes,47.68,1294.41,76.8,46,1,2,Credit Card,4,No
CUST-11523,49,Male,1,One Year,Fiber Optic,Yes,No,76.87,75.67,115.0,26,0,1,Credit Card,6,No
CUST-11524,27,Male,56,Month-to-Month,Fiber Optic,Yes,No,56.89,3136.47,74.4,21,0,1,Credit Card,6,No
CUST-11525,27,Female,2,Two Year,DSL,Yes,Yes,66.89,139.34,175.9,44,3,0,Bank Transfer,1,No
CUST-11526,36,Female,30,Month-to-Month,Fiber Optic,Yes,Yes,90.53,2822.91,102.7,37,3,0,Electronic Check,4,No
CUST-11527,63,Female,71,Two Year,DSL,Yes,No,87.78,5815.09,43.1,55,2,1,Mailed Check,4,No
CUST-11528,51,Male,52,Two Year,Fiber Optic,Yes,Yes,51.25,2770.71,145.3,36,3,0,Mailed Check,2,No
CUST-11529,50,Female,9,Month-to-Month,Fiber Optic,Yes,Yes,77.15,701.64,24.4,18,0,1,Mailed Check,3,Yes
CUST-11530,40,Male,22,One Year,Fiber Optic,Yes,Yes,36.8,730.94,299.4,24,1,1,Bank Transfer,2,No
CUST-11531,72,Male,34,Month-to-Month,Fiber Optic,Yes,Yes,76.26,2426.84,129.8,30,1,1,Electronic Check,1,Yes
CUST-11532,45,Male,49,Two Year,DSL,Yes,Yes,68.71,3238.67,268.7,17,0,1,Credit Card,1,No
CUST-11533,49,Female,1,Month-to-Month,DSL,Yes,Yes,74.47,73.53,135.7,16,2,0,Credit Card,2,Yes
CUST-11534,67,Female,53,One Year,DSL,Yes,No,57.56,3066.54,72.5,42,3,0,Bank Transfer,1,No
CUST-11535,24,Female,40,Month-to-Month,Fiber Optic,Yes,No,117.1,4363.29,285.8,17,1,1,Mailed Check,1,Yes
CUST-11536,46,Male,45,Month-to-Month,Fiber Optic,Yes,No,42.47,1959.89,188.0,44,2,0,Electronic Check,1,Yes
CUST-11537,25,Male,68,Month-to-Month,No,No,Yes,89.29,6234.79,349.8,12,0,0,Electronic Check,1,No
CUST-11538,18,Female,9,Month-to-Month,DSL,Yes,Yes,39.21,351.21,138.0,27,0,0,Electronic Check,3,Yes
CUST-11539,74,Male,22,One Year,Fiber Optic,Yes,No,77.61,1772.58,140.0,55,0,1,Electronic Check,0,No
CUST-11540,72,Male,18,One Year,Fiber Optic,Yes,No,79.39,1460.38,270.4,4,0,0,Electronic Check,4,No
CUST-11541,20,Female,43,One Year,Fiber Optic,Yes,Yes,66.37,2663.39,271.1,35,1,1,Mailed Check,2,No
CUST-11542,41,Female,39,Month-to-Month,No,Yes,Yes,52.62,2092.82,193.8,1,2,0,Credit Card,5,No
CUST-11543,40,Female,6,Month-to-Month,DSL,Yes,Yes,68.53,428.85,480.2,12,2,2,Mailed Check,2,Yes
CUST-11544,25,Male,48,Month-to-Month,DSL,Yes,Yes,71.68,3167.59,154.7,29,0,1,Credit Card,4,No
CUST-11545,71,Male,7,Two Year,Fiber Optic,Yes,Yes,109.75,804.21,65.7,8,0,0,Mailed Check,3,No
CUST-11546,74,Male,69,Two Year,DSL,Yes,No,43.19,2693.27,89.8,8,1,0,Credit Card,3,No
CUST-11547,64,Male,16,Month-to-Month,DSL,Yes,Yes,51.1,799.88,155.3,12,0,0,Mailed Check,4,Yes
CUST-11548,54,Male,1,Month-to-Month,DSL,Yes,No,72.12,73.28,316.7,36,2,0,Bank Transfer,0,Yes
CUST-11549,20,Female,37,Month-to-Month,DSL,Yes,No,58.6,2208.45,163.2,48,1,0,Electronic Check,1,No
CUST-11550,68,Male,37,One Year,Fiber Optic,Yes,Yes,62.5,2336.09,320.9,34,1,0,Electronic Check,1,Yes
CUST-11551,50,Male,64,One Year,DSL,Yes,No,91.76,5751.68,219.1,36,1,1,Mailed Check,3,No
CUST-11552,45,Male,62,One Year,Fiber Optic,Yes,No,15.0,927.81,277.5,55,0,1,Mailed Check,4,No
CUST-11553,64,Female,61,Month-to-Month,Fiber Optic,Yes,Yes,50.05,3068.28,214.8,4,0,0,Electronic Check,3,No
CUST-11554,25,Female,33,One Year,Fiber Optic,Yes,Yes,21.44,689.25,214.1,11,1,0,Bank Transfer,1,No
CUST-11555,51,Female,66,One Year,No,Yes,No,35.1,2291.93,247.7,59,1,0,Credit Card,1,No
CUST-11556,52,Male,30,Month-to-Month,DSL,Yes,No,125.12,3854.78,129.0,3,1,1,Credit Card,3,Yes
CUST-11557,49,Female,20,Month-to-Month,No,Yes,No,79.95,1514.14,130.0,10,3,1,Bank Transfer,3,Yes
CUST-11558,41,Female,60,Month-to-Month,Fiber Optic,Yes,Yes,88.79,5212.76,211.5,12,5,0,Electronic Check,2,Yes
CUST-11559,31,Female,24,Month-to-Month,Fiber Optic,Yes,Yes,62.99,1362.51,354.7,49,0,0,Mailed Check,4,Yes
CUST-11560,49,Male,4,Two Year,Fiber Optic,Yes,Yes,83.97,336.93,41.3,9,0,0,Credit Card,1,No
CUST-11561,73,Female,37,Month-to-Month,Fiber Optic,Yes,Yes,20.84,716.57,1.0,21,2,0,Credit Card,1,No
CUST-11562,63,Male,4,Two Year,No,Yes,No,90.96,353.71,156.3,34,1,0,Credit Card,4,No
CUST-11563,60,Male,18,One Year,No,No,No,44.5,746.16,272.8,22,1,1,Electronic Check,4,No
CUST-11564,33,Female,66,Month-to-Month,DSL,Yes,No,51.72,3084.22,184.6,18,2,1,Mailed Check,3,No
CUST-11565,21,Male,48,One Year,DSL,Yes,No,77.63,3623.71,74.8,44,1,0,Electronic Check,3,Yes
CUST-11566,69,Female,33,Month-to-Month,Fiber Optic,No,No,72.91,2318.75,187.1,6,4,0,Electronic Check,2,No
CUST-11567,54,Male,58,Month-to-Month,No,Yes,No,67.12,3751.93,24.0,25,1,0,Credit Card,3,No
CUST-11568,71,Female,28,Month-to-Month,DSL,No,No,30.92,806.3,236.6,50,1,1,Mailed Check,4,Yes
CUST-11569,38,Female,35,Month-to-Month,Fiber Optic,Yes,Yes,67.5,2461.92,152.2,45,4,1,Electronic Check,6,Yes
CUST-11570,31,Female,10,Month-to-Month,Fiber Optic,Yes,No,89.01,801.56,172.6,15,3,1,Electronic Check,2,No
CUST-11571,48,Male,65,Month-to-Month,Fiber Optic,Yes,Yes,51.69,3473.18,218.4,1,3,0,Bank Transfer,5,No
CUST-11572,72,Female,42,Month-to-Month,Fiber Optic,Yes,Yes,97.87,4153.85,198.5,55,0,2,Bank Transfer,6,Yes
CUST-11573,65,Male,9,Month-to-Month,Fiber Optic,Yes,Yes,43.18,359.79,131.3,40,3,0,Mailed Check,1,Yes
CUST-11574,35,Female,60,Two Year,No,Yes,Yes,65.16,3795.55,273.0,18,4,0,Credit Card,1,No
CUST-11575,24,Male,15,Month-to-Month,Fiber Optic,No,No,103.38,1625.64,251.7,52,2,0,Electronic Check,2,Yes
CUST-11576,27,Male,57,One Year,Fiber Optic,Yes,Yes,47.97,2724.87,20.3,56,1,1,Bank Transfer,4,No
CUST-11577,24,Female,69,Month-to-Month,DSL,Yes,No,91.35,5793.27,159.3,44,0,1,Mailed Check,1,No
CUST-11578,50,Female,22,One Year,Fiber Optic,Yes,Yes,114.37,2437.25,82.8,31,0,1,Credit Card,7,No
CUST-11579,40,Female,64,Month-to-Month,DSL,Yes,Yes,69.28,4301.92,65.9,20,2,2,Bank Transfer,2,No
CUST-11580,38,Female,41,Two Year,DSL,Yes,Yes,51.82,2167.83,228.2,44,0,0,Credit Card,6,No
CUST-11581,36,Female,71,Month-to-Month,Fiber Optic,Yes,No,45.68,3364.66,142.3,25,2,0,Credit Card,4,No
CUST-11582,65,Male,56,Two Year,Fiber Optic,Yes,No,97.62,4987.49,167.2,33,2,0,Bank Transfer,5,No
CUST-11583,36,Female,23,Month-to-Month,Fiber Optic,Yes,Yes,96.92,2111.25,119.7,10,2,1,Electronic Check,3,No
CUST-11584,53,Female,25,Month-to-Month,DSL,Yes,Yes,101.23,2390.97,213.3,29,2,1,Bank Transfer,0,Yes
CUST-11585,46,Male,6,One Year,Fiber Optic,Yes,No,64.18,404.11,241.1,55,1,0,Bank Transfer,2,No
CUST-11586,35,Female,34,Month-to-Month,Fiber Optic,Yes,Yes,90.95,3042.46,375.3,19,1,0,Electronic Check,6,Yes
CUST-11587,19,Female,63,Month-to-Month,Fiber Optic,Yes,Yes,63.78,4146.62,163.7,59,1,1,Mailed Check,5,No
CUST-11588,18,Male,9,Month-to-Month,DSL,No,Yes,42.92,372.34,49.6,28,0,0,Electronic Check,3,Yes
CUST-11589,64,Female,60,One Year,Fiber Optic,Yes,Yes,93.1,5632.97,134.6,58,3,0,Electronic Check,3,No
CUST-11590,22,Female,49,Two Year,No,Yes,Yes,105.85,4890.95,256.2,27,3,0,Credit Card,0,No
CUST-11591,37,Female,51,Month-to-Month,DSL,Yes,Yes,39.48,2087.51,110.5,59,2,0,Mailed Check,3,No
CUST-11592,28,Male,60,Two Year,DSL,Yes,No,39.01,2266.34,46.6,19,3,1,Credit Card,5,No
CUST-11593,59,Female,70,Month-to-Month,Fiber Optic,Yes,No,66.0,4714.98,112.3,43,2,0,Credit Card,1,No
CUST-11594,19,Male,37,Month-to-Month,Fiber Optic,Yes,No,88.9,3086.59,132.0,55,1,0,Bank Transfer,3,Yes
CUST-11595,20,Female,31,Two Year,Fiber Optic,Yes,No,36.65,1140.74,82.6,31,1,0,Electronic Check,2,No
CUST-11596,40,Male,41,Two Year,Fiber Optic,Yes,No,70.68,2784.21,199.6,54,2,1,Electronic Check,3,No
CUST-11597,72,Female,62,One Year,Fiber Optic,Yes,No,50.24,,172.9,35,4,1,Credit Card,2,No
CUST-11598,29,Male,58,Month-to-Month,Fiber Optic,Yes,No,82.52,4604.05,251.1,14,1,0,Electronic Check,4,No
CUST-11599,37,Male,14,Month-to-Month,DSL,Yes,Yes,45.05,619.66,139.9,50,3,1,Mailed Check,0,No
CUST-11600,22,Male,36,Month-to-Month,DSL,Yes,Yes,84.3,2800.4,230.2,59,3,1,Electronic Check,1,No
CUST-11601,54,Male,36,Month-to-Month,Fiber Optic,Yes,No,61.04,2038.32,135.7,59,1,0,Credit Card,4,No
CUST-11602,55,Male,8,Month-to-Month,DSL,Yes,No,41.57,322.49,78.3,6,2,0,Electronic Check,1,No
CUST-11603,47,Male,26,Two Year,No,Yes,No,66.59,1647.21,131.1,58,1,0,Credit Card,8,No
CUST-11604,26,Female,36,Two Year,No,No,No,16.55,575.61,34.4,55,3,0,Mailed Check,0,No
CUST-11605,51,Female,48,Month-to-Month,No,Yes,Yes,51.02,2373.35,340.9,9,0,0,Bank Transfer,3,No
CUST-11606,70,Male,28,Month-to-Month,No,Yes,Yes,73.44,1893.89,192.8,57,1,0,Credit Card,2,Yes
CUST-11607,61,Male,68,Two Year,Fiber Optic,Yes,No,20.71,1305.73,108.4,41,2,1,Credit Card,4,No
CUST-11608,52,Male,62,Month-to-Month,No,Yes,Yes,15.0,955.32,146.0,27,2,0,Electronic Check,5,Yes
CUST-11609,69,Male,51,One Year,DSL,Yes,Yes,15.0,707.17,1.0,58,2,1,Bank Transfer,3,No
CUST-11610,39,Female,42,Month-to-Month,DSL,Yes,No,98.18,4123.09,309.1,17,0,0,Mailed Check,6,Yes
CUST-11611,61,Male,29,Month-to-Month,Fiber Optic,Yes,Yes,63.08,1761.23,300.3,36,3,1,Bank Transfer,2,No
CUST-11612,41,Female,10,Two Year,DSL,Yes,No,51.69,540.28,189.7,4,1,0,Credit Card,2,No
CUST-11613,34,Female,39,Month-to-Month,No,Yes,No,88.63,3145.19,208.8,58,3,1,Mailed Check,5,No
CUST-11614,27,Male,1,Month-to-Month,Fiber Optic,Yes,Yes,54.89,56.24,65.9,24,1,0,Mailed Check,1,No
CUST-11615,47,Male,39,Month-to-Month,Fiber Optic,Yes,Yes,71.71,2723.19,72.5,51,2,1,Bank Transfer,2,Yes
CUST-11616,73,Female,21,Two Year,DSL,Yes,Yes,65.64,1241.7,27.2,16,2,0,Credit Card,6,No
CUST-11617,63,Female,65,Two Year,Fiber Optic,Yes,No,53.23,3250.79,165.5,17,1,0,Bank Transfer,1,No
CUST-11618,40,Male,15,Month-to-Month,DSL,Yes,Yes,72.35,1043.09,275.5,3,3,0,Electronic Check,6,Yes
CUST-11619,49,Male,4,Month-to-Month,No,Yes,Yes,84.33,319.49,145.5,54,1,0,Credit Card,3,Yes
CUST-11620,34,Male,60,One Year,DSL,Yes,No,60.38,3457.48,211.3,39,1,0,Mailed Check,3,No
CUST-11621,67,Female,61,Month-to-Month,Fiber Optic,Yes,Yes,53.49,3385.25,268.1,57,2,1,Bank Transfer,0,No
CUST-11622,68,Female,20,One Year,DSL,Yes,Yes,56.44,1077.03,33.8,37,0,0,Electronic Check,1,No
CUST-11623,34,Male,10,Month-to-Month,DSL,No,Yes,15.0,144.42,346.1,53,2,0,Mailed Check,1,Yes
CUST-11624,31,Female,34,Month-to-Month,Fiber Optic,Yes,Yes,72.08,2485.45,284.2,3,1,1,Electronic Check,3,Yes
CUST-11625,26,Female,48,One Year,DSL,Yes,No,34.77,1700.8,226.3,44,0,0,Credit Card,1,No
CUST-11626,57,Male,33,Month-to-Month,Fiber Optic,Yes,Yes,80.74,2431.59,263.2,51,5,0,Electronic Check,2,No
CUST-11627,19,Male,61,Two Year,DSL,Yes,Yes,62.74,,267.4,41,0,0,Mailed Check,1,No
CUST-11628,62,Female,10,Month-to-Month,DSL,Yes,No,67.63,657.62,206.3,35,0,1,Electronic Check,5,Yes
CUST-11629,42,Female,54,Month-to-Month,Fiber Optic,Yes,No,82.51,4099.44,308.5,3,2,0,Bank Transfer,5,No
CUST-11630,56,Male,65,Two Year,DSL,Yes,Yes,41.84,2555.63,139.3,16,2,0,Credit Card,9,No
CUST-11631,26,Male,1,Month-to-Month,Fiber Optic,No,No,74.23,67.31,221.6,57,1,1,Electronic Check,1,No
CUST-11632,71,Male,5,One Year,No,Yes,No,71.69,341.97,298.9,20,1,1,Electronic Check,1,No
CUST-11633,39,Male,15,Month-to-Month,DSL,Yes,Yes,60.38,849.83,1.0,45,0,0,Mailed Check,1,Yes
CUST-11634,60,Male,28,One Year,DSL,Yes,No,41.8,1120.44,219.4,6,4,0,Bank Transfer,0,No
CUST-11635,63,Female,23,One Year,DSL,Yes,No,79.88,1813.45,245.2,33,4,0,Bank Transfer,3,No
CUST-11636,21,Female,17,Month-to-Month,Fiber Optic,Yes,Yes,82.59,1417.86,26.2,43,2,0,Bank Transfer,1,Yes
CUST-11637,43,Female,13,Two Year,Fiber Optic,Yes,No,67.84,873.81,205.4,50,1,1,Bank Transfer,0,No
CUST-11638,46,Female,14,One Year,Fiber Optic,Yes,No,38.24,536.3,108.6,27,4,0,Electronic Check,3,Yes
CUST-11639,62,Male,11,Month-to-Month,Fiber Optic,Yes,No,51.81,586.92,215.7,30,1,0,Bank Transfer,2,Yes
CUST-11640,51,Male,28,One Year,DSL,Yes,Yes,63.49,1832.96,171.5,35,3,1,Credit Card,3,No
CUST-11641,40,Male,42,One Year,Fiber Optic,Yes,Yes,82.21,3553.32,94.8,18,0,0,Bank Transfer,3,No
CUST-11642,54,Female,61,Month-to-Month,Fiber Optic,Yes,No,25.41,1430.62,279.9,30,1,0,Mailed Check,5,No
CUST-11643,28,Female,64,Month-to-Month,Fiber Optic,No,Yes,50.9,3054.52,142.3,43,0,0,Bank Transfer,3,No
CUST-11644,23,Female,31,Month-to-Month,No,Yes,No,54.93,1660.85,204.3,26,1,1,Mailed Check,4,No
CUST-11645,35,Male,10,Month-to-Month,Fiber Optic,Yes,Yes,62.92,600.14,298.3,15,1,0,Credit Card,1,Yes
CUST-11646,38,Female,8,One Year,No,Yes,Yes,32.47,238.91,97.5,32,2,0,Bank Transfer,3,No
CUST-11647,59,Male,21,Month-to-Month,DSL,Yes,No,59.56,1179.67,180.7,35,0,0,Credit Card,4,No
CUST-11648,53,Male,59,Two Year,DSL,Yes,No,57.24,3533.57,135.4,12,2,0,Electronic Check,2,No
CUST-11649,58,Male,50,Month-to-Month,DSL,Yes,Yes,39.06,1859.33,155.5,21,1,0,Bank Transfer,3,No
CUST-11650,55,Male,69,Month-to-Month,Fiber Optic,Yes,Yes,62.05,4122.34,374.0,12,1,2,Credit Card,3,No
CUST-11651,51,Male,70,One Year,DSL,No,No,51.47,3246.07,221.1,49,1,1,Credit Card,2,No
CUST-11652,34,Male,30,Month-to-Month,DSL,Yes,No,77.39,2340.07,208.2,1,0,0,Mailed Check,4,No
CUST-11653,54,Female,17,Month-to-Month,Fiber Optic,Yes,No,42.87,701.12,227.2,11,0,1,Credit Card,6,Yes
CUST-11654,42,Male,20,Month-to-Month,DSL,Yes,Yes,67.25,1231.31,218.7,55,1,1,Credit Card,2,No
CUST-11655,55,Male,48,Month-to-Month,DSL,No,Yes,44.79,2247.28,15.7,25,1,1,Bank Transfer,2,No
CUST-11656,29,Female,2,Month-to-Month,DSL,Yes,No,50.01,101.68,386.7,47,5,0,Electronic Check,3,No
CUST-11657,40,Male,37,Two Year,No,No,No,72.43,2703.82,48.2,9,1,0,Credit Card,2,No
CUST-11658,70,Female,1,Month-to-Month,DSL,Yes,Yes,70.87,73.97,335.9,39,1,0,Credit Card,5,No
CUST-11659,59,Female,4,Two Year,Fiber Optic,Yes,No,54.57,209.79,235.6,43,3,1,Mailed Check,3,No
CUST-11660,39,Female,54,One Year,Fiber Optic,Yes,Yes,58.26,3170.52,196.3,27,2,0,Electronic Check,3,No
CUST-11661,38,Male,25,Month-to-Month,Fiber Optic,Yes,No,28.66,667.01,152.5,29,2,1,Credit Card,4,Yes
CUST-11662,44,Male,3,Month-to-Month,DSL,Yes,No,100.07,301.58,414.5,50,2,0,Bank Transfer,6,Yes
CUST-11663,74,Female,9,Two Year,Fiber Optic,Yes,Yes,82.19,667.3,234.4,27,1,0,Bank Transfer,2,No
CUST-11664,48,Male,34,Two Year,Fiber Optic,Yes,No,81.29,2539.84,181.6,55,2,2,Mailed Check,4,No
CUST-11665,23,Male,43,Month-to-Month,Fiber Optic,Yes,Yes,25.12,1041.05,131.8,28,0,0,Electronic Check,3,Yes
CUST-11666,44,Female,22,Month-to-Month,DSL,Yes,Yes,50.11,994.18,121.0,57,2,1,Electronic Check,5,No
CUST-11667,57,Female,70,Month-to-Month,DSL,Yes,No,56.64,3843.06,184.6,39,0,0,Credit Card,2,No
CUST-11668,51,Male,2,Month-to-Month,No,Yes,Yes,16.72,32.72,96.2,18,3,0,Mailed Check,1,No
CUST-11669,29,Female,66,One Year,Fiber Optic,Yes,No,87.25,5719.58,241.2,15,0,0,Bank Transfer,4,No
CUST-11670,62,Female,32,Two Year,Fiber Optic,Yes,Yes,101.35,2967.72,121.9,16,1,0,Credit Card,6,No
CUST-11671,74,Female,16,Month-to-Month,Fiber Optic,Yes,No,116.55,1728.95,270.4,47,3,1,Bank Transfer,1,Yes
CUST-11672,70,Male,1,One Year,No,Yes,Yes,38.85,38.54,268.4,23,4,1,Electronic Check,2,Yes
CUST-11673,24,Male,48,One Year,Fiber Optic,Yes,No,67.93,3256.49,175.0,30,2,0,Mailed Check,3,Yes
CUST-11674,27,Male,50,Month-to-Month,Fiber Optic,Yes,No,98.07,4432.2,232.2,36,3,1,Electronic Check,1,Yes
CUST-11675,62,Female,13,Month-to-Month,No,Yes,No,58.66,748.13,236.7,56,2,0,Bank Transfer,0,No
CUST-11676,34,Male,15,One Year,Fiber Optic,Yes,No,50.83,775.98,48.4,35,0,0,Bank Transfer,1,Yes
CUST-11677,43,Female,53,Two Year,DSL,Yes,Yes,18.35,885.38,335.9,28,1,1,Electronic Check,3,No
CUST-11678,38,Male,44,One Year,DSL,Yes,Yes,93.32,3949.95,157.0,46,1,0,Bank Transfer,3,No
CUST-11679,45,Male,8,Month-to-Month,Fiber Optic,No,No,64.52,489.82,242.6,53,3,0,Credit Card,2,Yes
CUST-11680,63,Female,46,Month-to-Month,No,Yes,No,46.77,2231.13,245.1,3,0,0,Credit Card,2,Yes
CUST-11681,19,Male,69,Month-to-Month,Fiber Optic,Yes,Yes,72.1,4616.06,1.0,55,1,1,Bank Transfer,2,Yes
CUST-11682,71,Female,19,One Year,Fiber Optic,Yes,Yes,68.83,1239.44,120.9,16,3,0,Credit Card,1,No
CUST-11683,60,Male,38,One Year,Fiber Optic,Yes,No,69.21,2721.42,255.6,15,1,1,Credit Card,2,No
CUST-11684,18,Male,11,Month-to-Month,Fiber Optic,Yes,No,59.57,622.24,185.6,19,4,0,Credit Card,3,Yes
CUST-11685,68,Female,43,Two Year,Fiber Optic,Yes,No,105.56,4446.95,242.0,10,3,0,Credit Card,2,No
CUST-11686,70,Female,20,One Year,DSL,Yes,Yes,61.66,1115.99,188.3,53,2,1,Mailed Check,4,No
CUST-11687,53,Female,20,One Year,No,Yes,Yes,105.48,2210.3,290.6,49,3,0,Mailed Check,2,No
CUST-11688,68,Male,21,Two Year,Fiber Optic,Yes,Yes,79.1,1700.54,190.3,4,1,0,Mailed Check,1,No
CUST-11689,43,Male,57,Month-to-Month,Fiber Optic,Yes,Yes,73.78,4185.11,308.2,22,1,0,Bank Transfer,4,No
CUST-11690,46,Male,50,Two Year,DSL,Yes,No,62.17,2825.98,91.8,18,1,2,Credit Card,0,No
CUST-11691,38,Female,26,Month-to-Month,DSL,No,No,89.35,2116.88,168.5,22,3,0,Mailed Check,3,No
CUST-11692,28,Female,30,Month-to-Month,Fiber Optic,Yes,Yes,67.82,1997.46,126.6,42,1,0,Electronic Check,2,Yes
CUST-11693,57,Female,31,Two Year,Fiber Optic,Yes,Yes,41.7,1218.71,215.0,55,0,3,Credit Card,5,No
CUST-11694,28,Male,42,Two Year,Fiber Optic,Yes,Yes,40.86,1704.83,154.9,16,2,0,Bank Transfer,3,No
CUST-11695,53,Male,68,Month-to-Month,Fiber Optic,Yes,No,75.56,5085.31,159.3,56,2,2,Credit Card,6,Yes
CUST-11696,66,Female,61,One Year,Fiber Optic,Yes,Yes,42.32,2648.12,116.6,3,2,2,Electronic Check,3,No
CUST-11697,56,Male,61,One Year,No,Yes,Yes,63.44,3646.19,138.5,44,1,1,Bank Transfer,4,No
CUST-11698,57,Female,70,Two Year,DSL,Yes,No,91.43,6314.85,179.1,58,1,1,Electronic Check,5,No
CUST-11699,52,Male,68,Month-to-Month,Fiber Optic,Yes,No,72.6,5018.77,1.0,59,3,0,Mailed Check,4,No
CUST-11700,71,Male,17,Two Year,Fiber Optic,Yes,No,46.95,777.09,1.0,51,1,0,Credit Card,4,No
CUST-11701,51,Female,19,Month-to-Month,Fiber Optic,Yes,Yes,100.25,1951.6,185.3,53,3,0,Bank Transfer,6,Yes
CUST-11702,72,Male,51,Month-to-Month,Fiber Optic,No,No,78.7,3691.37,1.0,35,1,0,Bank Transfer,4,No
CUST-11703,64,Male,70,Month-to-Month,Fiber Optic,Yes,Yes,90.44,6394.64,162.6,41,1,0,Electronic Check,2,Yes
CUST-11704,41,Female,63,Month-to-Month,No,Yes,No,15.0,984.17,146.1,39,1,0,Bank Transfer,2,No
CUST-11705,71,Female,30,Two Year,DSL,Yes,No,73.27,2087.72,228.8,16,1,0,Electronic Check,4,Yes
CUST-11706,39,Male,25,Month-to-Month,Fiber Optic,Yes,No,86.05,2054.34,119.5,21,1,0,Mailed Check,4,No
CUST-11707,22,Female,71,Two Year,DSL,Yes,Yes,107.51,6965.55,321.3,21,1,1,Electronic Check,1,No
CUST-11708,73,Male,26,Month-to-Month,DSL,Yes,No,28.4,735.61,256.3,1,0,1,Electronic Check,3,No
CUST-11709,50,Female,56,One Year,Fiber Optic,Yes,Yes,95.15,5237.11,43.9,57,0,0,Bank Transfer,3,Yes
CUST-11710,53,Male,22,Two Year,DSL,Yes,Yes,106.11,2115.11,154.4,30,0,0,Mailed Check,3,No
CUST-11711,64,Male,19,One Year,No,Yes,Yes,15.0,288.66,317.4,47,0,1,Mailed Check,2,No
CUST-11712,37,Female,31,One Year,No,Yes,No,76.96,2443.96,117.2,34,1,0,Mailed Check,3,No
CUST-11713,36,Male,26,One Year,DSL,Yes,Yes,80.44,2166.87,175.2,48,1,1,Mailed Check,2,No
CUST-11714,52,Male,42,Two Year,Fiber Optic,Yes,No,56.82,2343.15,306.4,39,1,0,Bank Transfer,5,No
CUST-11715,69,Female,41,Two Year,Fiber Optic,Yes,No,52.75,2093.3,131.3,46,3,0,Bank Transfer,3,No
CUST-11716,60,Female,23,Month-to-Month,No,Yes,Yes,81.7,1938.14,281.1,23,2,0,Bank Transfer,4,Yes
CUST-11717,34,Male,47,Two Year,Fiber Optic,Yes,No,49.63,2238.85,98.1,34,2,0,Mailed Check,0,No
CUST-11718,62,Female,13,Month-to-Month,DSL,Yes,Yes,59.57,773.11,1.0,56,1,1,Electronic Check,4,Yes
CUST-11719,60,Female,66,Month-to-Month,Fiber Optic,Yes,Yes,85.31,5587.13,290.6,30,1,0,Mailed Check,3,No
CUST-11720,51,Male,66,Two Year,Fiber Optic,Yes,No,108.85,6866.74,219.5,56,1,0,Mailed Check,1,No
CUST-11721,26,Male,16,Month-to-Month,Fiber Optic,Yes,No,78.45,1146.04,225.4,57,2,0,Mailed Check,4,No
CUST-11722,43,Female,28,Two Year,No,Yes,Yes,68.34,1728.31,81.6,50,2,3,Electronic Check,2,No
CUST-11723,19,Female,35,Month-to-Month,No,Yes,No,52.09,1757.95,88.8,33,0,1,Credit Card,5,No
CUST-11724,70,Female,41,Month-to-Month,Fiber Optic,Yes,No,39.73,1583.61,283.5,16,1,0,Electronic Check,4,Yes
CUST-11725,26,Male,31,Month-to-Month,Fiber Optic,Yes,Yes,92.74,2942.22,201.9,41,4,0,Credit Card,0,No
CUST-11726,26,Male,32,Month-to-Month,No,Yes,No,61.16,1883.07,169.4,30,1,0,Bank Transfer,2,No
CUST-11727,57,Male,54,One Year,DSL,Yes,No,93.77,4770.77,199.9,3,3,3,Credit Card,3,No
CUST-11728,34,Male,59,Month-to-Month,DSL,Yes,Yes,56.76,3246.08,315.8,58,1,0,Mailed Check,2,No
CUST-11729,18,Male,41,Month-to-Month,DSL,Yes,No,48.77,1870.99,245.1,45,2,1,Mailed Check,5,No
CUST-11730,42,Male,66,Month-to-Month,No,Yes,No,75.52,4554.19,137.3,2,2,0,Credit Card,2,No
CUST-11731,60,Male,54,Month-to-Month,Fiber Optic,Yes,Yes,63.09,3123.94,53.7,26,1,0,Mailed Check,3,No
CUST-11732,57,Female,40,One Year,DSL,No,No,34.86,1321.71,232.9,18,0,0,Credit Card,1,No
CUST-11733,59,Female,28,Month-to-Month,No,Yes,Yes,110.43,2788.72,96.8,2,3,1,Mailed Check,3,Yes
CUST-11734,42,Male,37,One Year,Fiber Optic,Yes,No,49.33,1702.98,73.6,40,1,0,Bank Transfer,2,No
CUST-11735,56,Male,65,Two Year,No,Yes,Yes,88.19,5836.27,298.4,3,3,0,Electronic Check,4,No
CUST-11736,52,Male,55,One Year,DSL,Yes,No,86.05,4426.03,258.5,17,0,0,Bank Transfer,3,No
CUST-11737,20,Female,4,Two Year,Fiber Optic,Yes,Yes,33.51,122.86,214.7,24,3,0,Bank Transfer,3,No
CUST-11738,67,Male,10,Month-to-Month,Fiber Optic,No,No,39.94,416.32,68.5,2,3,0,Credit Card,3,Yes
CUST-11739,54,Female,47,Month-to-Month,Fiber Optic,Yes,Yes,57.46,2682.72,341.0,6,1,2,Bank Transfer,5,Yes
CUST-11740,61,Female,14,Two Year,Fiber Optic,Yes,Yes,43.36,551.8,272.6,40,0,1,Electronic Check,3,No
CUST-11741,61,Female,38,One Year,No,Yes,Yes,108.16,3737.45,152.7,26,2,0,Credit Card,0,No
CUST-11742,68,Female,12,One Year,Fiber Optic,Yes,No,60.0,714.11,133.6,57,2,0,Bank Transfer,6,No
CUST-11743,47,Female,45,One Year,No,Yes,Yes,87.24,3851.29,187.1,49,3,1,Mailed Check,2,No
CUST-11744,55,Male,17,Month-to-Month,DSL,Yes,No,77.84,1204.52,136.9,57,1,0,Bank Transfer,1,No
CUST-11745,51,Male,35,Month-to-Month,DSL,Yes,No,71.6,2339.72,379.1,56,0,1,Credit Card,3,Yes
CUST-11746,29,Female,66,One Year,DSL,Yes,No,66.01,4528.12,145.3,6,0,1,Mailed Check,3,No
CUST-11747,36,Male,41,One Year,Fiber Optic,Yes,Yes,95.93,3877.29,83.9,12,0,1,Bank Transfer,4,No
CUST-11748,54,Female,67,Month-to-Month,Fiber Optic,Yes,No,44.37,2871.86,323.0,21,3,1,Bank Transfer,1,No
CUST-11749,61,Female,29,Two Year,No,Yes,Yes,108.16,2940.67,128.8,16,0,1,Mailed Check,2,No
CUST-11750,66,Male,18,Month-to-Month,Fiber Optic,Yes,No,32.82,543.53,250.8,6,2,0,Mailed Check,0,No
CUST-11751,34,Male,20,Month-to-Month,Fiber Optic,Yes,No,84.54,1623.84,240.8,34,3,0,Mailed Check,1,Yes
CUST-11752,27,Male,14,Two Year,Fiber Optic,Yes,Yes,29.87,434.22,174.7,59,0,0,Mailed Check,1,No
CUST-11753,74,Male,34,One Year,DSL,Yes,Yes,57.11,1761.75,92.4,3,2,0,Mailed Check,3,No
CUST-11754,72,Male,49,Month-to-Month,DSL,Yes,Yes,67.33,3459.66,175.7,41,2,0,Electronic Check,0,No
CUST-11755,66,Female,54,Month-to-Month,Fiber Optic,No,Yes,52.83,2656.47,74.7,19,1,0,Electronic Check,1,No
CUST-11756,64,Male,31,Month-to-Month,Fiber Optic,No,No,60.46,1801.75,177.9,29,1,0,Electronic Check,1,No
CUST-11757,29,Male,58,One Year,Fiber Optic,Yes,Yes,30.33,1595.11,249.6,32,1,0,Bank Transfer,3,No
CUST-11758,33,Male,42,Month-to-Month,Fiber Optic,No,No,40.31,1672.23,334.6,10,0,0,Electronic Check,3,No
CUST-11759,41,Female,58,Two Year,Fiber Optic,Yes,Yes,77.46,,82.1,55,3,0,Mailed Check,3,No
CUST-11760,36,Male,30,Two Year,Fiber Optic,Yes,No,65.74,1972.21,157.5,27,1,1,Electronic Check,3,No
CUST-11761,25,Female,25,Two Year,No,Yes,No,47.74,1171.3,132.8,29,1,0,Electronic Check,3,No
CUST-11762,48,Male,63,Month-to-Month,DSL,Yes,No,98.11,5932.0,204.6,13,1,0,Bank Transfer,2,No
CUST-11763,38,Male,19,One Year,Fiber Optic,Yes,Yes,34.5,662.49,43.0,20,0,0,Mailed Check,5,No
CUST-11764,34,Female,8,Month-to-Month,Fiber Optic,Yes,No,55.96,404.59,96.4,28,2,0,Bank Transfer,3,Yes
CUST-11765,40,Male,3,Month-to-Month,No,Yes,Yes,52.36,154.12,27.7,27,1,0,Credit Card,3,No
CUST-11766,54,Male,67,Month-to-Month,DSL,Yes,Yes,80.38,4938.91,50.6,13,2,0,Electronic Check,1,No
CUST-11767,71,Female,17,Month-to-Month,Fiber Optic,Yes,No,66.2,1086.46,120.6,25,0,0,Credit Card,4,No
CUST-11768,33,Male,14,Two Year,DSL,Yes,No,62.3,888.48,330.4,29,0,0,Electronic Check,6,No
CUST-11769,23,Female,9,Month-to-Month,Fiber Optic,No,Yes,18.89,156.64,211.3,52,4,0,Credit Card,2,Yes
CUST-11770,25,Female,62,Month-to-Month,DSL,Yes,No,86.63,5587.9,185.8,58,3,0,Bank Transfer,7,No
CUST-11771,42,Female,21,Two Year,DSL,Yes,No,59.55,1292.16,301.2,15,2,0,Credit Card,1,No
CUST-11772,35,Female,37,Month-to-Month,Fiber Optic,Yes,Yes,67.89,2417.07,214.5,45,1,1,Bank Transfer,0,Yes
CUST-11773,42,Female,11,One Year,DSL,Yes,No,46.29,458.73,223.0,45,1,3,Credit Card,2,Yes
CUST-11774,29,Male,20,Month-to-Month,DSL,Yes,No,42.35,862.64,137.4,30,1,0,Mailed Check,2,No
CUST-11775,32,Male,35,Month-to-Month,DSL,Yes,Yes,102.48,3702.06,122.6,58,3,0,Electronic Check,3,Yes
CUST-11776,43,Male,53,Two Year,DSL,Yes,No,20.67,1014.67,62.0,38,1,1,Mailed Check,4,No
CUST-11777,58,Female,47,Month-to-Month,No,Yes,No,38.65,1884.54,125.9,32,1,0,Electronic Check,7,Yes
CUST-11778,62,Female,52,One Year,Fiber Optic,Yes,No,102.01,5501.4,154.8,50,2,0,Credit Card,1,No
CUST-11779,43,Female,8,Month-to-Month,No,Yes,Yes,81.02,629.16,211.0,7,2,0,Electronic Check,5,Yes
CUST-11780,64,Female,4,Month-to-Month,Fiber Optic,Yes,No,56.86,231.92,176.7,35,0,1,Bank Transfer,3,Yes
CUST-11781,49,Male,27,Month-to-Month,No,Yes,Yes,96.16,2509.97,147.1,33,2,0,Credit Card,3,Yes
CUST-11782,27,Male,44,Month-to-Month,Fiber Optic,Yes,Yes,76.17,3299.89,97.9,12,2,0,Electronic Check,2,Yes
CUST-11783,33,Female,40,Month-to-Month,Fiber Optic,Yes,Yes,70.82,2685.43,215.9,23,1,0,Electronic Check,2,Yes
CUST-11784,24,Female,47,One Year,Fiber Optic,Yes,No,70.64,3067.49,135.2,5,2,0,Mailed Check,4,No
CUST-11785,34,Male,44,Month-to-Month,Fiber Optic,Yes,No,76.63,3412.11,211.8,43,1,0,Credit Card,4,Yes
CUST-11786,40,Female,48,Month-to-Month,Fiber Optic,Yes,Yes,77.64,3354.83,7.8,44,1,1,Electronic Check,2,Yes
CUST-11787,43,Female,52,Month-to-Month,DSL,No,Yes,119.9,6153.33,210.3,55,3,0,Electronic Check,4,No
CUST-11788,38,Female,68,Two Year,DSL,Yes,Yes,60.13,4210.29,247.2,31,2,1,Credit Card,1,No
CUST-11789,39,Male,11,Two Year,Fiber Optic,Yes,Yes,60.9,625.15,235.8,16,1,0,Electronic Check,1,Yes
CUST-11790,24,Male,4,One Year,Fiber Optic,Yes,No,34.08,129.5,162.3,33,4,0,Electronic Check,4,Yes
CUST-11791,31,Female,48,Two Year,DSL,Yes,No,63.7,3021.28,262.4,53,3,0,Bank Transfer,2,No
CUST-11792,32,Male,26,Month-to-Month,Fiber Optic,Yes,No,111.57,2718.16,65.4,50,0,0,Electronic Check,2,No
CUST-11793,70,Female,39,Month-to-Month,Fiber Optic,Yes,No,89.61,3589.58,172.0,1,0,0,Electronic Check,1,No
CUST-11794,24,Female,58,One Year,No,Yes,No,51.41,2847.57,162.6,22,2,0,Bank Transfer,1,No
CUST-11795,26,Male,19,One Year,DSL,Yes,Yes,65.75,1233.31,273.3,28,3,0,Credit Card,3,No
CUST-11796,68,Female,58,Month-to-Month,DSL,Yes,Yes,32.59,1765.31,1.0,5,5,0,Electronic Check,1,No
CUST-11797,65,Female,28,Month-to-Month,No,Yes,No,40.77,1034.49,84.8,4,2,0,Bank Transfer,6,No
CUST-11798,25,Male,66,Two Year,Fiber Optic,No,Yes,68.74,4201.36,337.3,1,0,1,Mailed Check,6,No
CUST-11799,67,Female,10,Two Year,DSL,Yes,No,52.64,477.41,1.0,15,1,2,Credit Card,2,Yes
CUST-11800,40,Female,58,Month-to-Month,No,Yes,No,38.89,2188.61,253.3,37,0,0,Electronic Check,1,No
CUST-11801,46,Female,14,One Year,Fiber Optic,Yes,No,77.25,1068.52,117.0,39,0,0,Bank Transfer,3,No
CUST-11802,35,Male,15,Month-to-Month,Fiber Optic,Yes,Yes,62.94,856.02,202.9,49,5,1,Mailed Check,6,No
CUST-11803,48,Female,33,Month-to-Month,No,No,Yes,25.81,778.12,307.2,52,0,0,Credit Card,3,No
CUST-11804,47,Male,17,Month-to-Month,No,Yes,No,15.0,248.07,206.4,38,1,1,Electronic Check,1,No
CUST-11805,69,Female,24,Month-to-Month,Fiber Optic,Yes,No,50.75,1242.21,309.1,45,0,0,Credit Card,3,Yes
CUST-11806,56,Female,30,Month-to-Month,DSL,No,Yes,25.29,754.3,135.7,24,0,1,Mailed Check,2,No
CUST-11807,52,Female,62,Two Year,DSL,Yes,No,18.28,,147.6,23,2,0,Electronic Check,3,No
CUST-11808,35,Female,13,Month-to-Month,DSL,Yes,No,93.22,1252.01,250.8,47,2,1,Credit Card,2,Yes
CUST-11809,59,Male,62,One Year,DSL,Yes,Yes,62.56,4024.63,140.5,7,1,0,Bank Transfer,4,No
CUST-11810,56,Male,47,Month-to-Month,Fiber Optic,Yes,Yes,58.36,2602.33,233.8,56,0,0,Credit Card,2,No
CUST-11811,34,Female,16,Month-to-Month,No,Yes,No,60.29,957.31,286.5,31,1,0,Bank Transfer,3,Yes
CUST-11812,31,Female,66,Two Year,No,Yes,No,36.55,2349.22,258.2,7,1,0,Bank Transfer,1,No
CUST-11813,48,Female,43,One Year,Fiber Optic,Yes,Yes,75.27,3370.29,37.9,13,1,0,Bank Transfer,3,No
CUST-11814,41,Female,8,Two Year,Fiber Optic,Yes,No,61.73,482.14,149.3,4,3,1,Credit Card,5,No
CUST-11815,52,Female,3,Two Year,DSL,Yes,No,46.06,144.26,205.4,59,1,0,Bank Transfer,3,No
CUST-11816,61,Female,12,Month-to-Month,DSL,No,No,49.81,555.82,158.0,54,4,0,Electronic Check,3,No
CUST-11817,62,Female,16,Month-to-Month,DSL,Yes,Yes,34.31,522.52,187.1,18,0,1,Bank Transfer,8,Yes
CUST-11818,51,Female,59,Two Year,Fiber Optic,Yes,No,54.84,3291.22,206.6,40,1,0,Electronic Check,4,No
CUST-11819,20,Male,49,Two Year,DSL,Yes,Yes,59.01,2942.21,132.6,19,3,0,Electronic Check,4,No
CUST-11820,54,Male,63,One Year,No,Yes,No,54.19,3447.52,162.6,16,3,0,Electronic Check,3,No
CUST-11821,60,Male,62,One Year,Fiber Optic,Yes,No,66.38,4234.67,73.7,52,3,1,Electronic Check,4,No
CUST-11822,57,Female,49,One Year,DSL,Yes,Yes,63.04,3105.58,137.0,18,3,0,Credit Card,5,No
CUST-11823,43,Female,51,Month-to-Month,DSL,Yes,Yes,70.77,3592.71,42.6,16,0,0,Electronic Check,3,No
CUST-11824,72,Female,33,One Year,Fiber Optic,No,No,88.58,2832.05,190.5,48,0,0,Electronic Check,3,No
CUST-11825,40,Male,30,Two Year,No,Yes,No,79.83,2323.2,162.6,31,2,0,Bank Transfer,4,No
CUST-11826,61,Female,59,One Year,Fiber Optic,Yes,Yes,88.86,5037.88,97.6,25,1,0,Bank Transfer,2,No
CUST-11827,56,Male,15,Month-to-Month,DSL,Yes,Yes,43.81,652.57,340.7,2,3,1,Bank Transfer,3,No
CUST-11828,32,Female,23,Month-to-Month,Fiber Optic,Yes,Yes,52.28,1155.54,157.9,46,5,1,Electronic Check,4,Yes
CUST-11829,73,Male,45,Month-to-Month,DSL,Yes,Yes,81.34,3375.25,205.8,54,0,0,Electronic Check,2,No
CUST-11830,66,Male,62,Month-to-Month,No,Yes,No,81.79,4644.91,122.5,51,1,1,Electronic Check,5,Yes
CUST-11831,21,Male,71,Two Year,Fiber Optic,Yes,No,48.03,3542.0,142.7,28,1,1,Electronic Check,4,No
CUST-11832,46,Female,15,Month-to-Month,Fiber Optic,Yes,No,80.29,1088.38,209.2,16,2,1,Mailed Check,2,Yes
CUST-11833,39,Male,46,Month-to-Month,Fiber Optic,Yes,Yes,41.41,1744.51,150.1,54,2,0,Mailed Check,2,No
CUST-11834,42,Female,64,Month-to-Month,Fiber Optic,Yes,No,77.03,4766.23,180.3,36,0,0,Bank Transfer,2,Yes
CUST-11835,30,Female,46,One Year,DSL,Yes,Yes,64.34,2780.4,252.6,45,3,0,Credit Card,5,No
CUST-11836,35,Female,56,Month-to-Month,DSL,Yes,No,30.39,1635.26,133.4,40,1,0,Bank Transfer,2,No
CUST-11837,50,Female,44,Month-to-Month,Fiber Optic,Yes,Yes,54.15,2186.31,60.1,35,0,1,Electronic Check,2,No
CUST-11838,33,Female,29,Month-to-Month,No,Yes,Yes,119.56,3188.6,42.6,24,2,0,Electronic Check,4,Yes
CUST-11839,62,Male,62,Month-to-Month,Fiber Optic,Yes,No,70.07,,309.5,35,1,0,Bank Transfer,4,No
CUST-11840,59,Female,52,Month-to-Month,DSL,Yes,Yes,122.51,6458.86,263.8,30,1,2,Bank Transfer,3,Yes
CUST-11841,61,Female,54,Month-to-Month,No,Yes,No,28.9,1428.94,239.0,37,2,0,Credit Card,4,No
CUST-11842,19,Female,57,Two Year,DSL,Yes,No,83.77,4775.69,140.8,11,3,1,Bank Transfer,3,No
CUST-11843,72,Female,66,Month-to-Month,DSL,Yes,No,15.0,981.48,60.0,45,2,0,Credit Card,2,No
CUST-11844,52,Female,22,Month-to-Month,DSL,Yes,No,64.99,1439.79,154.6,34,2,0,Electronic Check,1,Yes
CUST-11845,59,Male,20,One Year,Fiber Optic,No,Yes,80.78,1569.02,171.6,38,2,0,Credit Card,3,No
CUST-11846,51,Male,33,Month-to-Month,Fiber Optic,Yes,Yes,85.95,2667.58,78.2,39,3,1,Bank Transfer,2,No
CUST-11847,47,Female,25,One Year,Fiber Optic,Yes,No,45.02,1125.0,47.7,24,1,0,Electronic Check,4,No
CUST-11848,72,Male,46,Month-to-Month,Fiber Optic,No,No,90.98,3999.7,24.3,29,3,0,Credit Card,5,No
CUST-11849,30,Male,57,One Year,DSL,Yes,Yes,51.66,2746.87,239.2,4,3,0,Mailed Check,3,No
CUST-11850,30,Female,5,One Year,Fiber Optic,Yes,No,60.9,292.71,71.5,41,3,0,Electronic Check,5,Yes
CUST-11851,35,Male,55,Two Year,DSL,Yes,Yes,54.17,3022.52,207.8,50,3,0,Bank Transfer,4,No
CUST-11852,49,Female,61,Month-to-Month,Fiber Optic,Yes,Yes,36.59,2168.09,144.2,30,4,0,Credit Card,3,No
CUST-11853,49,Male,8,Month-to-Month,Fiber Optic,No,Yes,104.24,788.04,233.1,14,1,0,Mailed Check,6,Yes
CUST-11854,52,Male,16,Month-to-Month,Fiber Optic,Yes,Yes,66.2,1085.45,210.2,24,1,1,Bank Transfer,1,Yes
CUST-11855,56,Male,48,Two Year,Fiber Optic,Yes,Yes,92.18,4567.32,159.1,38,1,0,Mailed Check,6,No
CUST-11856,63,Female,61,Two Year,Fiber Optic,Yes,Yes,91.12,5363.71,191.7,52,1,1,Electronic Check,2,No
CUST-11857,69,Male,15,Month-to-Month,DSL,Yes,Yes,40.8,585.2,170.1,34,1,1,Credit Card,1,Yes
CUST-11858,46,Male,65,Month-to-Month,No,Yes,Yes,95.4,6150.8,124.6,36,0,0,Bank Transfer,5,No
CUST-11859,66,Female,22,Month-to-Month,DSL,No,Yes,77.59,1551.13,268.2,15,2,0,Bank Transfer,3,No
CUST-11860,46,Female,3,Month-to-Month,DSL,No,No,38.98,117.37,141.9,35,0,1,Bank Transfer,2,Yes
CUST-11861,70,Male,54,Month-to-Month,Fiber Optic,Yes,Yes,76.22,4187.26,172.2,29,1,0,Mailed Check,1,No
CUST-11862,61,Female,14,Month-to-Month,Fiber Optic,Yes,Yes,39.43,529.73,52.6,36,0,0,Credit Card,3,Yes
CUST-11863,74,Male,36,One Year,DSL,Yes,Yes,105.16,3506.34,204.7,4,2,0,Credit Card,3,No
CUST-11864,33,Male,67,Two Year,No,No,Yes,85.34,5170.72,125.0,15,0,0,Electronic Check,0,No
CUST-11865,73,Female,10,Two Year,No,Yes,Yes,63.22,629.41,137.1,11,0,0,Credit Card,4,No
CUST-11866,61,Female,49,Month-to-Month,Fiber Optic,Yes,Yes,96.62,4451.97,104.4,55,1,1,Bank Transfer,2,No
CUST-11867,64,Female,65,One Year,Fiber Optic,Yes,No,25.45,1603.93,168.8,49,2,0,Mailed Check,1,No
CUST-11868,74,Male,57,Two Year,Fiber Optic,Yes,No,46.27,2526.5,1.0,15,2,0,Mailed Check,8,No
CUST-11869,27,Female,27,Month-to-Month,DSL,Yes,No,58.69,1467.74,241.4,57,3,1,Credit Card,2,Yes
CUST-11870,47,Male,5,One Year,Fiber Optic,Yes,No,120.89,590.1,176.5,21,1,0,Bank Transfer,4,No
CUST-11871,42,Female,71,Month-to-Month,No,Yes,Yes,38.24,2630.71,137.9,35,2,0,Electronic Check,2,No
CUST-11872,56,Male,57,Month-to-Month,No,Yes,Yes,22.32,1264.13,40.7,23,2,0,Credit Card,2,Yes
CUST-11873,37,Female,15,Month-to-Month,No,Yes,No,28.89,406.39,219.0,55,1,0,Mailed Check,0,No
CUST-11874,22,Male,30,Month-to-Month,DSL,Yes,Yes,87.66,2451.49,122.9,56,1,0,Mailed Check,2,No
CUST-11875,18,Female,20,One Year,DSL,Yes,Yes,50.15,1025.22,297.5,10,1,0,Bank Transfer,2,No
CUST-11876,47,Male,37,Month-to-Month,DSL,Yes,Yes,61.02,2269.77,223.8,4,4,1,Credit Card,2,Yes
CUST-11877,66,Female,3,Month-to-Month,Fiber Optic,Yes,No,84.07,256.2,318.1,45,2,3,Bank Transfer,2,Yes
CUST-11878,20,Female,41,Month-to-Month,DSL,Yes,No,61.05,,192.3,25,0,0,Bank Transfer,3,Yes
CUST-11879,62,Male,39,Two Year,Fiber Optic,Yes,No,70.1,2552.39,277.0,2,2,0,Credit Card,1,No
CUST-11880,31,Female,26,Month-to-Month,Fiber Optic,Yes,Yes,78.38,2010.02,221.6,38,3,0,Bank Transfer,0,Yes
CUST-11881,73,Male,2,One Year,Fiber Optic,Yes,Yes,54.23,111.56,139.4,19,1,0,Mailed Check,5,No
CUST-11882,47,Male,23,One Year,Fiber Optic,Yes,No,60.84,1446.64,196.8,24,4,0,Mailed Check,1,Yes
CUST-11883,67,Female,23,Month-to-Month,No,Yes,No,71.05,1674.65,104.9,8,0,1,Credit Card,0,No
CUST-11884,21,Male,16,Month-to-Month,DSL,Yes,Yes,86.7,1257.51,366.2,6,2,0,Mailed Check,1,Yes
CUST-11885,35,Female,9,One Year,DSL,No,No,45.19,416.12,170.9,20,3,0,Credit Card,1,No
CUST-11886,54,Female,13,Month-to-Month,Fiber Optic,Yes,No,15.0,201.8,182.4,14,2,0,Credit Card,0,No
CUST-11887,42,Male,28,Month-to-Month,Fiber Optic,Yes,No,81.99,2085.69,215.1,40,2,0,Mailed Check,7,Yes
CUST-11888,65,Female,27,One Year,Fiber Optic,Yes,No,88.19,2291.7,82.2,6,1,2,Mailed Check,5,No
CUST-11889,18,Male,51,Month-to-Month,DSL,No,Yes,70.0,3500.35,298.9,12,2,1,Bank Transfer,2,No
CUST-11890,70,Male,64,Month-to-Month,DSL,Yes,No,71.71,4290.73,87.7,41,0,0,Mailed Check,4,No
CUST-11891,63,Female,52,Month-to-Month,Fiber Optic,No,No,50.89,2586.75,67.4,7,0,0,Electronic Check,5,No
CUST-11892,32,Female,38,Month-to-Month,No,Yes,No,77.5,3041.87,165.0,57,0,1,Credit Card,2,Yes
CUST-11893,26,Male,65,One Year,No,Yes,No,86.33,5780.03,64.9,45,2,0,Credit Card,2,No
CUST-11894,32,Male,18,One Year,Fiber Optic,Yes,No,66.41,1244.36,320.6,30,0,0,Credit Card,4,No
CUST-11895,66,Female,63,One Year,Fiber Optic,Yes,No,127.28,7799.06,159.2,16,2,0,Credit Card,3,No
CUST-11896,74,Female,51,One Year,No,Yes,Yes,25.91,1270.65,1.0,8,1,0,Bank Transfer,2,No
CUST-11897,41,Female,9,Month-to-Month,Fiber Optic,Yes,No,69.07,621.55,198.0,14,1,1,Credit Card,4,No
CUST-11898,21,Female,13,Month-to-Month,Fiber Optic,Yes,No,35.64,445.95,229.8,48,1,2,Bank Transfer,5,No
CUST-11899,29,Male,40,Month-to-Month,No,Yes,Yes,87.0,3153.9,142.1,20,3,0,Bank Transfer,7,Yes
CUST-11900,54,Female,55,Month-to-Month,Fiber Optic,Yes,Yes,25.46,1411.49,58.0,28,0,0,Electronic Check,2,No
CUST-11901,54,Male,43,Two Year,No,Yes,No,31.65,1282.22,170.7,6,1,0,Mailed Check,3,No
CUST-11902,60,Male,44,Two Year,DSL,Yes,Yes,49.17,1963.06,136.6,30,0,0,Mailed Check,2,No
CUST-11903,23,Female,68,Month-to-Month,Fiber Optic,No,No,71.65,4400.05,92.2,55,0,0,Bank Transfer,4,No
CUST-11904,56,Male,33,Month-to-Month,No,Yes,Yes,50.11,1719.29,84.3,4,1,1,Electronic Check,3,Yes
CUST-11905,73,Female,24,Month-to-Month,DSL,Yes,No,50.36,1133.48,194.1,36,3,0,Credit Card,4,No
CUST-11906,63,Male,36,Month-to-Month,Fiber Optic,Yes,Yes,60.48,2105.83,261.3,58,1,0,Credit Card,2,No
CUST-11907,41,Female,10,Month-to-Month,DSL,Yes,Yes,58.94,614.5,221.5,3,0,1,Bank Transfer,3,No
CUST-11908,28,Male,20,Month-to-Month,No,Yes,Yes,102.19,1982.75,24.5,10,4,0,Mailed Check,1,Yes
CUST-11909,30,Male,12,Two Year,Fiber Optic,Yes,No,82.15,898.84,235.4,38,3,0,Bank Transfer,1,No
CUST-11910,51,Female,62,One Year,DSL,Yes,Yes,56.89,3466.48,249.5,27,1,0,Electronic Check,2,No
CUST-11911,42,Female,18,Month-to-Month,Fiber Optic,Yes,Yes,117.43,1930.33,305.4,18,1,1,Mailed Check,3,Yes
CUST-11912,24,Male,63,Month-to-Month,Fiber Optic,Yes,No,77.29,4451.79,94.5,45,3,0,Credit Card,3,Yes
CUST-11913,69,Male,25,Month-to-Month,Fiber Optic,Yes,Yes,40.78,1047.76,174.9,11,0,1,Credit Card,4,No
CUST-11914,21,Female,12,Two Year,Fiber Optic,Yes,No,71.41,808.43,231.1,36,2,1,Bank Transfer,3,No
CUST-11915,25,Male,21,Two Year,No,Yes,No,78.39,1649.15,132.5,40,4,2,Electronic Check,2,No
CUST-11916,37,Female,25,Two Year,Fiber Optic,Yes,No,47.81,1166.97,229.7,35,5,0,Electronic Check,2,No
CUST-11917,46,Male,11,Month-to-Month,Fiber Optic,Yes,Yes,38.69,397.22,177.8,44,2,0,Electronic Check,4,Yes
CUST-11918,71,Female,64,One Year,DSL,No,No,67.16,4202.27,103.8,13,1,0,Electronic Check,4,No
CUST-11919,70,Male,50,Month-to-Month,No,Yes,Yes,55.99,2548.52,111.5,56,2,0,Mailed Check,3,No
CUST-11920,68,Female,62,One Year,DSL,Yes,No,101.98,6019.79,292.4,55,1,1,Electronic Check,4,No
CUST-11921,62,Female,49,Month-to-Month,Fiber Optic,Yes,No,83.53,4004.67,90.3,23,2,0,Bank Transfer,3,No
CUST-11922,63,Male,14,Month-to-Month,No,Yes,Yes,48.98,640.64,74.9,43,2,0,Electronic Check,1,Yes
CUST-11923,27,Female,1,One Year,DSL,No,Yes,75.65,75.58,211.0,9,1,1,Credit Card,2,No
CUST-11924,60,Male,25,Month-to-Month,Fiber Optic,No,Yes,96.68,2194.08,177.2,4,3,0,Mailed Check,3,Yes
CUST-11925,51,Female,59,Month-to-Month,DSL,Yes,Yes,30.15,1730.33,62.0,43,1,0,Mailed Check,3,No
CUST-11926,74,Female,69,Month-to-Month,Fiber Optic,Yes,No,39.43,2740.39,133.3,40,0,0,Bank Transfer,4,No
CUST-11927,43,Female,5,Month-to-Month,Fiber Optic,Yes,No,64.72,312.11,106.5,50,1,2,Credit Card,2,Yes
CUST-11928,58,Male,19,Month-to-Month,No,Yes,Yes,65.89,1290.95,122.2,31,2,0,Bank Transfer,4,Yes
CUST-11929,66,Female,23,Month-to-Month,No,No,No,63.7,1457.52,407.2,3,3,1,Bank Transfer,1,Yes
CUST-11930,20,Male,9,Month-to-Month,Fiber Optic,Yes,No,57.23,537.62,152.8,36,4,1,Bank Transfer,1,Yes
CUST-11931,73,Female,50,Month-to-Month,Fiber Optic,Yes,No,56.85,2679.39,100.7,57,0,0,Electronic Check,4,No
CUST-11932,23,Male,16,Two Year,Fiber Optic,Yes,Yes,74.61,1242.49,362.0,17,1,1,Electronic Check,2,No
CUST-11933,22,Male,33,Month-to-Month,Fiber Optic,Yes,No,93.35,3052.9,259.9,16,1,1,Electronic Check,4,No
CUST-11934,22,Male,2,Month-to-Month,Fiber Optic,No,No,52.98,107.21,245.2,39,4,0,Bank Transfer,1,Yes
CUST-11935,71,Female,14,Month-to-Month,No,Yes,No,125.96,1825.73,105.0,2,2,0,Bank Transfer,2,No
CUST-11936,64,Male,1,Two Year,Fiber Optic,Yes,Yes,114.02,112.05,287.2,5,2,1,Bank Transfer,4,No
CUST-11937,40,Female,58,One Year,DSL,Yes,Yes,98.23,5864.43,253.5,33,0,0,Electronic Check,5,No
CUST-11938,66,Male,16,Month-to-Month,Fiber Optic,Yes,No,80.56,1264.8,193.2,54,2,0,Electronic Check,2,Yes
CUST-11939,26,Male,47,One Year,Fiber Optic,No,No,115.2,5359.61,25.5,13,1,0,Bank Transfer,1,No
CUST-11940,52,Male,44,One Year,DSL,No,No,57.75,2456.55,178.2,12,5,0,Bank Transfer,3,No
CUST-11941,37,Male,14,One Year,Fiber Optic,No,Yes,44.18,570.18,335.7,19,1,1,Electronic Check,1,No
CUST-11942,66,Female,24,One Year,Fiber Optic,Yes,No,51.85,1223.28,199.8,22,1,1,Bank Transfer,4,Yes
CUST-11943,59,Male,55,Two Year,Fiber Optic,Yes,Yes,39.93,2298.53,146.1,40,2,0,Electronic Check,1,No
CUST-11944,52,Male,15,Two Year,Fiber Optic,Yes,Yes,68.05,1039.2,159.4,8,0,0,Electronic Check,3,No
CUST-11945,67,Female,34,One Year,Fiber Optic,Yes,No,72.5,2494.89,165.7,44,0,1,Bank Transfer,3,No
CUST-11946,35,Male,2,Month-to-Month,No,Yes,Yes,70.02,139.55,108.0,4,1,0,Bank Transfer,2,Yes
CUST-11947,34,Male,27,One Year,No,Yes,Yes,64.69,1663.12,176.3,7,4,1,Bank Transfer,5,No
CUST-11948,41,Male,23,Two Year,Fiber Optic,Yes,No,68.33,1454.42,309.8,48,0,0,Credit Card,2,No
CUST-11949,20,Male,68,Month-to-Month,DSL,Yes,No,108.41,6883.0,299.7,22,4,0,Credit Card,6,Yes
CUST-11950,49,Female,14,Two Year,No,Yes,Yes,80.5,1015.37,112.1,18,0,0,Credit Card,1,No
CUST-11951,52,Female,63,Month-to-Month,Fiber Optic,Yes,No,88.06,5553.45,294.8,6,1,0,Mailed Check,3,No
CUST-11952,55,Male,65,Month-to-Month,DSL,No,Yes,69.77,4633.83,248.5,50,1,0,Mailed Check,6,No
CUST-11953,30,Female,68,Two Year,DSL,Yes,Yes,24.61,1573.63,237.0,4,0,0,Credit Card,3,No
CUST-11954,73,Female,63,Month-to-Month,DSL,Yes,Yes,19.65,1131.21,218.9,53,1,0,Bank Transfer,4,No
CUST-11955,64,Male,64,Month-to-Month,DSL,No,Yes,117.07,7120.55,96.3,41,2,0,Credit Card,1,No
CUST-11956,42,Female,32,Month-to-Month,DSL,Yes,No,51.7,1561.44,143.5,45,3,1,Mailed Check,3,No
CUST-11957,26,Male,13,Month-to-Month,No,Yes,Yes,49.58,623.68,255.0,51,3,0,Electronic Check,4,No
CUST-11958,21,Female,66,Month-to-Month,Fiber Optic,Yes,No,71.14,4411.72,71.4,12,1,3,Credit Card,2,No
CUST-11959,31,Female,19,Month-to-Month,Fiber Optic,Yes,No,78.76,1423.05,86.3,48,1,0,Electronic Check,4,Yes
CUST-11960,54,Female,24,Month-to-Month,No,Yes,No,81.92,2037.12,207.6,37,4,0,Electronic Check,3,Yes
CUST-11961,51,Male,11,Two Year,Fiber Optic,Yes,Yes,109.36,1143.08,108.9,2,2,0,Credit Card,4,No
CUST-11962,28,Female,59,Two Year,No,Yes,No,102.52,6156.51,254.2,3,1,1,Electronic Check,3,No
CUST-11963,58,Male,15,Month-to-Month,No,Yes,No,44.73,666.84,112.1,45,4,0,Electronic Check,2,Yes
CUST-11964,73,Male,10,One Year,Fiber Optic,Yes,Yes,89.22,848.15,202.0,21,2,1,Credit Card,6,No
CUST-11965,20,Female,41,Month-to-Month,No,Yes,Yes,55.4,2322.89,209.5,39,3,2,Credit Card,2,No
CUST-11966,45,Male,27,Month-to-Month,Fiber Optic,Yes,Yes,61.56,1644.27,136.6,13,1,0,Electronic Check,4,Yes
CUST-11967,46,Female,60,Month-to-Month,DSL,Yes,No,37.65,2036.02,158.4,48,1,0,Electronic Check,3,No
CUST-11968,26,Male,52,Two Year,Fiber Optic,Yes,No,22.67,1073.11,118.8,54,0,0,Electronic Check,3,No
CUST-11969,20,Male,28,Two Year,Fiber Optic,Yes,Yes,64.21,1821.07,178.3,14,1,0,Mailed Check,2,No
CUST-11970,42,Female,65,Month-to-Month,No,Yes,No,41.1,2583.28,93.4,30,2,1,Mailed Check,5,No
CUST-11971,51,Female,17,Month-to-Month,Fiber Optic,Yes,Yes,88.2,1440.66,159.9,18,2,1,Bank Transfer,1,No
CUST-11972,29,Female,44,Month-to-Month,Fiber Optic,Yes,No,57.97,2351.41,247.4,13,0,0,Credit Card,5,No
CUST-11973,59,Female,10,Month-to-Month,DSL,Yes,Yes,72.71,671.55,77.7,14,0,0,Electronic Check,2,Yes
CUST-11974,26,Male,63,One Year,DSL,Yes,No,99.19,6371.84,136.2,41,0,0,Electronic Check,6,No
CUST-11975,32,Male,47,Month-to-Month,DSL,Yes,Yes,27.87,1341.79,226.6,40,2,0,Electronic Check,2,No
CUST-11976,57,Male,38,One Year,Fiber Optic,No,Yes,46.88,1752.94,1.0,57,1,0,Mailed Check,1,No
CUST-11977,42,Female,70,Month-to-Month,No,No,No,69.52,4595.19,347.0,25,4,1,Credit Card,6,Yes
CUST-11978,22,Male,53,Two Year,DSL,Yes,Yes,72.81,4012.92,274.1,37,3,0,Bank Transfer,1,No
CUST-11979,28,Female,44,One Year,Fiber Optic,Yes,No,92.59,4047.86,41.5,27,2,0,Mailed Check,4,No
CUST-11980,51,Male,54,Month-to-Month,DSL,Yes,No,86.68,4771.98,1.0,23,1,0,Credit Card,4,No
CUST-11981,41,Female,20,One Year,DSL,Yes,Yes,67.42,1214.22,182.7,7,1,1,Electronic Check,2,No
CUST-11982,32,Male,31,Two Year,Fiber Optic,Yes,No,72.59,2177.26,79.2,48,2,0,Credit Card,5,No
CUST-11983,55,Male,7,Month-to-Month,DSL,Yes,Yes,73.28,528.68,266.5,10,2,1,Mailed Check,5,Yes
CUST-11984,25,Female,58,Month-to-Month,Fiber Optic,Yes,Yes,28.26,1558.33,215.5,25,3,0,Mailed Check,1,No
CUST-11985,22,Male,10,Two Year,DSL,Yes,Yes,61.09,616.39,191.1,57,1,0,Mailed Check,4,Yes
CUST-11986,65,Female,10,Month-to-Month,DSL,Yes,No,71.21,711.14,128.7,54,1,0,Mailed Check,5,Yes
CUST-11987,43,Male,39,Month-to-Month,Fiber Optic,Yes,Yes,76.46,2751.83,324.0,35,1,0,Electronic Check,8,Yes
CUST-11988,35,Male,28,Month-to-Month,Fiber Optic,Yes,No,41.89,1191.96,247.8,24,1,1,Electronic Check,3,No
CUST-11989,23,Female,30,Two Year,DSL,Yes,No,33.28,915.41,234.3,49,4,1,Mailed Check,0,No
CUST-11990,54,Female,37,One Year,Fiber Optic,Yes,Yes,59.14,2208.28,288.0,42,3,1,Electronic Check,1,No
CUST-11991,65,Male,67,Two Year,No,No,No,114.18,8022.2,88.3,11,1,0,Mailed Check,4,No
CUST-11992,30,Male,43,Month-to-Month,Fiber Optic,Yes,No,44.52,1998.01,295.6,20,2,0,Bank Transfer,1,Yes
CUST-11993,45,Male,52,Month-to-Month,DSL,No,Yes,94.35,5004.5,156.2,10,2,1,Credit Card,3,No
CUST-11994,22,Male,56,One Year,Fiber Optic,Yes,Yes,104.62,5742.59,210.1,50,3,0,Bank Transfer,1,No
CUST-11995,30,Male,68,One Year,Fiber Optic,Yes,Yes,66.14,4503.02,165.9,21,2,3,Electronic Check,4,Yes
CUST-11996,34,Male,9,Month-to-Month,DSL,Yes,No,48.0,435.98,11.0,28,0,0,Electronic Check,1,No
CUST-11997,67,Female,23,Month-to-Month,No,Yes,No,77.82,1613.13,266.2,28,3,0,Credit Card,1,No
CUST-11998,57,Female,63,Month-to-Month,No,Yes,Yes,69.87,4029.22,15.8,55,1,1,Electronic Check,3,No
CUST-11999,62,Female,61,One Year,No,Yes,Yes,43.52,2627.0,93.0,27,2,0,Mailed Check,2,No
CUST-12000,49,Male,40,Two Year,No,Yes,No,48.53,1748.98,139.2,33,2,1,Credit Card,2,No
CUST-12001,46,Male,44,One Year,Fiber Optic,Yes,Yes,76.34,3481.01,4.2,4,1,0,Bank Transfer,2,No
CUST-12002,68,Male,24,Two Year,Fiber Optic,Yes,No,88.34,2063.87,80.9,35,3,0,Bank Transfer,1,No
CUST-12003,20,Female,51,Month-to-Month,Fiber Optic,Yes,Yes,56.93,2725.35,202.0,20,0,0,Electronic Check,3,No
CUST-12004,73,Female,58,Two Year,No,Yes,No,63.27,3519.47,148.8,6,2,0,Bank Transfer,3,No
CUST-12005,57,Male,33,Two Year,Fiber Optic,Yes,No,81.72,2771.23,156.2,58,2,1,Electronic Check,3,No
CUST-12006,51,Male,16,Month-to-Month,DSL,Yes,Yes,60.69,1008.99,97.6,6,2,1,Electronic Check,7,Yes
CUST-12007,57,Female,22,Two Year,Fiber Optic,Yes,Yes,57.52,1160.96,184.2,17,1,0,Bank Transfer,1,No
CUST-12008,44,Female,57,Month-to-Month,No,Yes,Yes,46.12,2672.73,150.7,19,0,0,Bank Transfer,3,Yes
CUST-12009,30,Female,62,Two Year,DSL,Yes,Yes,45.68,2794.59,32.3,49,2,0,Mailed Check,1,No
CUST-12010,62,Male,71,Two Year,Fiber Optic,Yes,Yes,131.72,9238.26,161.9,17,1,0,Electronic Check,7,No
CUST-12011,50,Male,70,One Year,No,Yes,No,60.09,4277.46,68.2,49,2,1,Mailed Check,4,No
CUST-12012,23,Male,30,One Year,Fiber Optic,Yes,Yes,99.13,2775.92,260.8,3,3,3,Mailed Check,3,No
CUST-12013,41,Female,23,Month-to-Month,No,Yes,Yes,107.1,2413.19,144.8,46,2,0,Credit Card,4,No
CUST-12014,36,Female,32,Month-to-Month,Fiber Optic,Yes,No,60.41,1832.41,406.9,34,2,0,Bank Transfer,5,No
CUST-12015,33,Male,57,Month-to-Month,DSL,Yes,No,74.21,3866.94,267.0,4,1,0,Bank Transfer,6,No
CUST-12016,57,Male,9,One Year,No,Yes,Yes,67.56,556.82,168.3,23,1,0,Bank Transfer,3,No
CUST-12017,45,Female,31,One Year,DSL,Yes,No,24.7,704.8,232.2,59,0,1,Mailed Check,0,No
CUST-12018,50,Male,71,Two Year,Fiber Optic,Yes,No,26.2,1845.76,1.0,59,3,0,Credit Card,7,No
CUST-12019,65,Female,9,Month-to-Month,DSL,Yes,No,66.22,545.84,266.6,18,1,1,Bank Transfer,3,No
CUST-12020,58,Female,13,Two Year,DSL,Yes,Yes,54.38,696.7,106.2,34,1,0,Bank Transfer,4,No
CUST-12021,30,Male,58,Two Year,Fiber Optic,No,Yes,112.29,6436.26,188.1,29,2,0,Credit Card,3,No
CUST-12022,60,Female,3,One Year,Fiber Optic,Yes,No,59.09,183.58,114.5,44,0,0,Electronic Check,1,No
CUST-12023,62,Male,35,Month-to-Month,Fiber Optic,No,No,113.77,3957.89,124.1,15,0,0,Credit Card,1,No
CUST-12024,42,Female,21,Month-to-Month,No,Yes,No,53.09,1168.22,163.7,45,1,2,Credit Card,7,No
CUST-12025,70,Female,64,Month-to-Month,DSL,Yes,Yes,112.81,6531.42,186.9,11,1,0,Bank Transfer,3,No
CUST-12026,59,Male,52,One Year,DSL,Yes,No,77.66,4061.02,177.6,39,2,0,Electronic Check,3,No
CUST-12027,53,Female,34,One Year,Fiber Optic,Yes,No,79.08,,179.8,9,2,1,Mailed Check,4,No
CUST-12028,44,Male,35,Two Year,Fiber Optic,Yes,Yes,52.21,1844.54,33.7,59,2,0,Electronic Check,1,No
CUST-12029,55,Male,15,Month-to-Month,No,Yes,Yes,79.42,1141.12,389.9,47,3,2,Bank Transfer,3,No
CUST-12030,24,Female,6,Month-to-Month,DSL,Yes,No,107.32,638.57,200.9,35,2,0,Electronic Check,1,Yes
CUST-12031,22,Male,32,One Year,No,Yes,No,61.38,1858.94,219.4,10,2,1,Bank Transfer,4,No
CUST-12032,60,Male,52,Two Year,Fiber Optic,Yes,Yes,56.52,2715.28,149.4,40,3,0,Credit Card,4,No
CUST-12033,62,Male,28,Two Year,Fiber Optic,Yes,No,58.83,1661.29,101.3,38,2,0,Credit Card,3,No
CUST-12034,74,Male,64,Two Year,DSL,Yes,No,105.5,6993.0,193.6,29,5,1,Credit Card,4,Yes
CUST-12035,68,Male,19,Month-to-Month,Fiber Optic,Yes,No,86.38,1522.29,206.0,46,4,0,Mailed Check,4,Yes
CUST-12036,48,Male,15,One Year,DSL,No,No,101.19,1575.69,297.2,6,1,1,Credit Card,3,No
CUST-12037,40,Female,6,Two Year,DSL,Yes,No,72.84,402.53,367.0,19,0,1,Electronic Check,4,No
CUST-12038,59,Male,38,Month-to-Month,Fiber Optic,Yes,Yes,65.98,2533.19,312.9,26,0,1,Credit Card,1,Yes
CUST-12039,27,Female,26,Month-to-Month,No,Yes,Yes,75.6,2051.92,21.0,9,0,1,Bank Transfer,1,Yes
CUST-12040,49,Female,51,Month-to-Month,Fiber Optic,No,No,91.75,4314.76,138.6,41,0,0,Bank Transfer,0,No
CUST-12041,60,Male,53,Month-to-Month,Fiber Optic,Yes,Yes,58.82,3009.17,210.2,52,0,1,Electronic Check,2,No
CUST-12042,70,Female,56,One Year,Fiber Optic,Yes,No,99.22,5281.94,144.0,48,2,0,Credit Card,6,No
CUST-12043,47,Female,59,Month-to-Month,Fiber Optic,Yes,No,74.15,4192.29,176.1,45,1,0,Credit Card,4,No
CUST-12044,56,Male,70,Month-to-Month,No,Yes,Yes,15.0,1063.62,1.0,13,1,0,Electronic Check,3,No
CUST-12045,48,Male,58,Month-to-Month,Fiber Optic,Yes,No,87.09,5047.07,262.3,26,0,0,Mailed Check,1,No
CUST-12046,35,Male,13,One Year,DSL,Yes,No,33.19,451.02,11.2,44,4,0,Bank Transfer,2,No
CUST-12047,53,Female,43,Month-to-Month,DSL,Yes,Yes,86.48,3450.24,38.5,54,3,0,Bank Transfer,1,No
CUST-12048,19,Female,51,One Year,Fiber Optic,No,Yes,87.54,4381.9,88.7,53,1,1,Credit Card,4,No
CUST-12049,31,Male,19,Month-to-Month,Fiber Optic,Yes,No,73.25,1346.34,171.2,20,1,0,Electronic Check,3,No
CUST-12050,30,Male,21,Month-to-Month,DSL,No,Yes,78.59,1712.82,34.0,2,0,0,Electronic Check,4,Yes
CUST-12051,46,Female,24,Month-to-Month,No,Yes,No,92.47,2000.89,84.6,4,2,2,Credit Card,2,Yes
CUST-12052,29,Female,26,Month-to-Month,Fiber Optic,Yes,Yes,52.61,1434.03,283.4,7,2,1,Mailed Check,7,Yes
CUST-12053,56,Female,45,Month-to-Month,Fiber Optic,Yes,Yes,84.84,3710.75,169.9,19,2,0,Electronic Check,4,Yes
CUST-12054,19,Female,28,Month-to-Month,DSL,Yes,Yes,94.08,2617.99,219.0,35,0,0,Electronic Check,1,Yes
CUST-12055,49,Male,29,Two Year,Fiber Optic,Yes,No,109.0,3015.62,68.7,11,0,1,Mailed Check,3,No
CUST-12056,30,Female,17,One Year,No,Yes,Yes,37.36,652.83,175.2,19,2,2,Electronic Check,2,No
CUST-12057,63,Female,68,Month-to-Month,No,Yes,Yes,75.21,5033.98,167.8,32,0,0,Credit Card,3,No
CUST-12058,44,Female,44,Month-to-Month,DSL,Yes,No,40.96,1801.2,108.4,57,3,0,Bank Transfer,8,No
CUST-12059,66,Female,61,Two Year,DSL,Yes,Yes,39.9,2427.42,175.4,14,3,1,Bank Transfer,2,No
CUST-12060,58,Male,68,One Year,Fiber Optic,Yes,Yes,73.98,4802.24,9.7,49,0,0,Credit Card,3,No
CUST-12061,34,Male,25,Month-to-Month,Fiber Optic,Yes,Yes,66.94,1525.23,219.5,5,1,1,Credit Card,4,No
CUST-12062,57,Female,67,One Year,Fiber Optic,Yes,Yes,93.63,6405.93,144.0,25,2,1,Credit Card,2,No
CUST-12063,48,Female,2,One Year,No,Yes,No,56.35,106.33,156.9,14,1,0,Mailed Check,7,Yes
CUST-12064,51,Male,49,One Year,Fiber Optic,Yes,Yes,61.65,3103.44,256.7,39,3,0,Credit Card,3,No
CUST-12065,41,Male,70,Month-to-Month,DSL,Yes,Yes,70.29,4877.48,218.9,12,0,0,Mailed Check,2,No
CUST-12066,62,Female,26,Month-to-Month,No,Yes,No,43.45,1076.67,151.3,49,1,0,Mailed Check,0,No
CUST-12067,52,Female,27,Month-to-Month,DSL,Yes,No,46.92,1253.08,79.5,20,2,0,Credit Card,4,No
CUST-12068,65,Male,18,Two Year,No,Yes,No,92.9,1666.89,299.6,54,1,0,Credit Card,5,No
CUST-12069,23,Male,54,One Year,Fiber Optic,Yes,No,51.28,2785.74,59.4,53,2,0,Electronic Check,1,No
CUST-12070,36,Male,1,Month-to-Month,No,Yes,No,94.56,96.77,236.6,18,2,0,Electronic Check,1,Yes
CUST-12071,47,Male,61,Two Year,DSL,Yes,No,80.18,4519.09,36.2,1,1,0,Bank Transfer,5,No
CUST-12072,24,Male,3,Two Year,DSL,Yes,No,26.31,82.22,262.6,43,3,1,Mailed Check,7,No
CUST-12073,27,Male,68,Two Year,Fiber Optic,Yes,No,78.26,5117.47,271.0,4,0,0,Mailed Check,1,No
CUST-12074,58,Female,41,Two Year,Fiber Optic,Yes,No,78.06,3293.49,7.9,12,4,0,Mailed Check,2,No
CUST-12075,49,Male,37,Two Year,DSL,No,Yes,75.57,2608.95,220.4,26,1,1,Bank Transfer,2,No
CUST-12076,51,Male,51,Month-to-Month,No,Yes,No,61.45,2834.2,213.0,32,1,0,Mailed Check,4,No
CUST-12077,45,Male,15,Two Year,No,Yes,No,41.5,613.79,243.3,37,2,1,Bank Transfer,3,No
CUST-12078,32,Male,8,Two Year,Fiber Optic,Yes,No,98.66,748.79,212.9,15,0,1,Mailed Check,2,No
CUST-12079,47,Female,38,Month-to-Month,DSL,Yes,Yes,62.46,2486.62,93.4,52,1,1,Bank Transfer,5,No
CUST-12080,54,Female,56,Month-to-Month,Fiber Optic,Yes,Yes,42.91,2200.31,160.4,35,2,2,Bank Transfer,2,No
CUST-12081,46,Male,47,Two Year,Fiber Optic,Yes,Yes,76.44,3258.9,329.8,26,2,2,Electronic Check,3,Yes
CUST-12082,39,Female,10,Month-to-Month,Fiber Optic,Yes,No,46.43,421.01,80.3,15,3,1,Credit Card,0,Yes
CUST-12083,21,Female,49,Two Year,No,Yes,Yes,41.27,1885.79,209.1,8,1,0,Bank Transfer,2,No
CUST-12084,37,Female,41,Month-to-Month,DSL,Yes,Yes,55.61,2250.09,283.6,28,0,0,Credit Card,1,No
CUST-12085,49,Female,30,Month-to-Month,DSL,No,Yes,48.37,1416.03,90.8,30,1,3,Mailed Check,1,No
CUST-12086,53,Female,5,Month-to-Month,DSL,Yes,Yes,42.19,200.93,52.5,54,0,1,Credit Card,6,Yes
CUST-12087,67,Female,71,Month-to-Month,Fiber Optic,Yes,No,85.16,5522.26,66.1,43,0,0,Mailed Check,2,No
CUST-12088,21,Male,31,One Year,Fiber Optic,Yes,No,62.15,1801.53,215.5,44,1,0,Credit Card,3,No
CUST-12089,44,Male,52,One Year,DSL,Yes,Yes,96.31,4645.64,65.3,3,0,1,Bank Transfer,2,No
CUST-12090,34,Male,23,Month-to-Month,DSL,Yes,No,43.64,1015.61,167.8,6,2,0,Bank Transfer,6,Yes
CUST-12091,29,Male,48,Month-to-Month,DSL,Yes,Yes,21.81,1064.67,303.4,31,3,0,Electronic Check,4,Yes
CUST-12092,39,Male,40,Month-to-Month,DSL,Yes,Yes,68.72,2794.3,175.4,26,2,0,Bank Transfer,3,No
CUST-12093,34,Female,6,Month-to-Month,Fiber Optic,Yes,No,111.4,698.72,110.0,8,2,0,Credit Card,3,Yes
CUST-12094,27,Male,38,One Year,DSL,Yes,No,78.27,3071.33,191.3,39,4,0,Credit Card,3,No
CUST-12095,71,Male,41,Month-to-Month,DSL,Yes,No,145.38,5809.6,173.8,29,3,0,Electronic Check,1,Yes
CUST-12096,18,Female,27,Month-to-Month,No,Yes,Yes,73.3,1904.37,220.7,17,1,0,Mailed Check,5,No
CUST-12097,39,Female,69,Month-to-Month,Fiber Optic,Yes,No,70.89,5074.18,325.7,16,1,1,Credit Card,4,No
CUST-12098,43,Male,57,Month-to-Month,Fiber Optic,Yes,Yes,15.0,847.89,215.7,54,1,0,Credit Card,3,No
CUST-12099,73,Female,17,Month-to-Month,DSL,Yes,Yes,75.7,1215.04,363.0,49,2,1,Electronic Check,3,Yes
CUST-12100,35,Female,71,Month-to-Month,Fiber Optic,Yes,Yes,69.22,4839.28,221.0,45,1,0,Bank Transfer,3,No
CUST-12101,67,Female,47,Two Year,Fiber Optic,Yes,No,54.81,2701.84,110.9,4,1,0,Mailed Check,3,No
CUST-12102,31,Female,13,Two Year,DSL,Yes,Yes,61.58,822.49,385.9,10,3,0,Credit Card,4,No
CUST-12103,64,Male,11,Two Year,DSL,Yes,Yes,63.3,656.05,168.8,16,2,0,Credit Card,4,No
CUST-12104,46,Female,24,Month-to-Month,No,No,No,60.5,1514.35,85.1,19,2,0,Bank Transfer,4,No
CUST-12105,29,Male,4,Month-to-Month,No,Yes,Yes,117.24,491.1,389.1,39,0,0,Bank Transfer,5,Yes
CUST-12106,53,Male,46,Month-to-Month,DSL,Yes,Yes,55.73,2396.11,114.0,50,2,0,Credit Card,1,No
CUST-12107,52,Female,18,One Year,DSL,Yes,Yes,69.23,1288.93,110.5,13,1,1,Mailed Check,7,Yes
CUST-12108,69,Female,43,Two Year,No,Yes,Yes,54.9,2437.38,130.4,4,1,0,Electronic Check,1,No
CUST-12109,29,Female,33,Month-to-Month,DSL,Yes,No,84.59,2528.97,194.8,32,1,1,Electronic Check,1,Yes
CUST-12110,24,Male,10,Month-to-Month,Fiber Optic,Yes,No,69.42,694.51,263.8,53,3,0,Electronic Check,3,Yes
CUST-12111,46,Female,59,One Year,No,No,Yes,58.0,3236.5,1.0,18,0,1,Electronic Check,3,No
CUST-12112,28,Female,31,Two Year,No,Yes,Yes,16.85,522.97,263.4,16,0,0,Credit Card,0,No
CUST-12113,50,Female,28,Two Year,Fiber Optic,Yes,No,71.08,2063.95,130.1,25,0,1,Credit Card,7,No
CUST-12114,23,Female,60,One Year,DSL,No,No,57.26,3349.08,142.8,50,0,0,Electronic Check,3,No
CUST-12115,64,Female,3,Two Year,DSL,Yes,No,63.48,183.23,334.4,16,2,1,Electronic Check,3,Yes
CUST-12116,32,Male,55,Month-to-Month,No,Yes,Yes,35.44,2023.72,199.2,22,0,0,Mailed Check,2,No
CUST-12117,49,Female,14,Two Year,No,No,Yes,100.83,1476.72,220.3,24,4,0,Credit Card,1,No
CUST-12118,68,Female,58,Two Year,Fiber Optic,Yes,No,86.42,4557.92,175.6,28,2,0,Bank Transfer,5,No
CUST-12119,28,Female,15,Two Year,Fiber Optic,Yes,No,100.77,1569.63,248.7,23,1,0,Mailed Check,2,No
CUST-12120,40,Male,2,Month-to-Month,Fiber Optic,Yes,Yes,93.67,170.93,325.6,54,1,0,Credit Card,1,Yes
CUST-12121,43,Female,24,Month-to-Month,Fiber Optic,Yes,Yes,79.81,1820.8,1.0,56,1,1,Credit Card,2,Yes
CUST-12122,51,Male,64,Month-to-Month,No,Yes,Yes,36.44,2365.71,277.6,21,1,0,Bank Transfer,1,No
CUST-12123,63,Male,71,Month-to-Month,Fiber Optic,No,Yes,111.08,8017.25,319.2,58,3,0,Mailed Check,1,No
CUST-12124,51,Female,24,Two Year,Fiber Optic,Yes,No,41.81,1012.34,225.1,9,0,0,Bank Transfer,5,No
CUST-12125,46,Female,27,Month-to-Month,DSL,Yes,No,58.29,1425.68,119.0,2,2,0,Bank Transfer,4,Yes
CUST-12126,21,Female,37,Month-to-Month,Fiber Optic,No,Yes,82.67,2813.92,76.3,38,4,0,Mailed Check,2,Yes
CUST-12127,34,Male,39,One Year,Fiber Optic,Yes,Yes,83.91,3404.8,392.6,28,1,1,Electronic Check,3,No
CUST-12128,52,Male,63,Month-to-Month,DSL,Yes,No,79.31,4557.93,98.6,26,1,0,Bank Transfer,3,No
CUST-12129,30,Male,26,Month-to-Month,No,Yes,Yes,54.99,1303.61,316.6,27,2,0,Credit Card,5,No
CUST-12130,58,Male,65,Month-to-Month,Fiber Optic,No,No,49.83,3321.05,215.1,55,1,0,Mailed Check,1,No
CUST-12131,56,Male,4,One Year,No,No,No,128.36,511.48,364.1,25,0,0,Bank Transfer,6,Yes
CUST-12132,32,Male,29,Month-to-Month,DSL,Yes,No,64.02,1768.85,151.4,21,1,2,Credit Card,3,Yes
CUST-12133,72,Female,1,Two Year,Fiber Optic,Yes,No,60.96,56.38,35.3,38,0,1,Electronic Check,4,No
CUST-12134,46,Female,50,Month-to-Month,DSL,Yes,No,47.16,2434.93,180.2,25,0,0,Credit Card,5,No
CUST-12135,46,Male,11,Two Year,No,Yes,No,71.12,820.09,46.2,58,1,0,Bank Transfer,3,No
CUST-12136,28,Female,59,Month-to-Month,DSL,No,Yes,69.95,3745.28,420.9,38,0,0,Credit Card,2,No
CUST-12137,69,Female,62,Month-to-Month,Fiber Optic,Yes,No,64.59,3936.97,236.7,46,1,0,Electronic Check,3,No
CUST-12138,49,Male,36,Month-to-Month,Fiber Optic,Yes,Yes,74.54,2520.27,250.0,11,2,0,Credit Card,5,No
CUST-12139,19,Male,56,Month-to-Month,Fiber Optic,Yes,Yes,109.09,6260.9,250.1,28,1,1,Credit Card,3,No
CUST-12140,64,Female,21,Month-to-Month,No,Yes,Yes,50.12,1001.91,117.6,49,0,0,Credit Card,2,No
CUST-12141,31,Male,13,Month-to-Month,No,Yes,No,66.08,865.22,168.1,36,2,0,Bank Transfer,1,Yes
CUST-12142,37,Male,9,Month-to-Month,DSL,Yes,Yes,48.8,430.82,189.9,4,1,0,Electronic Check,2,No
CUST-12143,39,Female,11,One Year,DSL,No,No,72.37,781.13,354.9,19,3,0,Bank Transfer,8,No
CUST-12144,28,Male,70,Month-to-Month,DSL,No,No,50.79,3657.34,75.9,24,2,1,Electronic Check,6,No
CUST-12145,44,Female,1,Month-to-Month,DSL,Yes,Yes,51.86,50.33,114.4,22,0,1,Bank Transfer,2,Yes
CUST-12146,20,Female,70,One Year,No,Yes,No,28.51,2049.26,147.3,55,0,1,Mailed Check,5,No
CUST-12147,34,Female,56,Two Year,No,Yes,No,67.44,3604.86,119.4,48,1,0,Bank Transfer,0,No
CUST-12148,61,Female,31,Month-to-Month,DSL,Yes,No,75.74,2174.7,48.7,25,1,0,Electronic Check,2,No
CUST-12149,73,Female,37,Month-to-Month,Fiber Optic,Yes,Yes,111.51,3995.17,1.0,8,2,0,Credit Card,2,No
CUST-12150,45,Male,47,Two Year,Fiber Optic,Yes,No,76.74,3515.72,15.6,51,1,0,Electronic Check,4,No
CUST-12151,46,Male,47,Month-to-Month,DSL,Yes,No,53.76,2455.36,278.9,20,0,0,Bank Transfer,2,Yes
CUST-12152,38,Male,69,Two Year,Fiber Optic,Yes,Yes,31.01,2185.16,179.3,1,2,0,Bank Transfer,5,No
CUST-12153,64,Male,58,Month-to-Month,DSL,Yes,Yes,34.47,1968.68,255.2,4,1,0,Bank Transfer,2,No
CUST-12154,33,Female,36,Two Year,Fiber Optic,Yes,Yes,32.61,1213.01,127.6,12,1,0,Electronic Check,4,No
CUST-12155,54,Female,32,Month-to-Month,Fiber Optic,Yes,No,111.95,3500.46,171.1,25,1,0,Credit Card,2,Yes
CUST-12156,37,Male,64,Two Year,Fiber Optic,Yes,Yes,72.2,4314.47,325.2,21,2,0,Mailed Check,2,No
CUST-12157,23,Female,71,Month-to-Month,DSL,Yes,Yes,50.43,3292.03,319.7,19,0,1,Mailed Check,1,No
CUST-12158,36,Male,42,One Year,No,Yes,No,41.0,1774.1,264.8,34,0,1,Credit Card,4,Yes
CUST-12159,74,Male,48,Month-to-Month,Fiber Optic,Yes,Yes,43.6,1901.15,198.2,6,2,0,Mailed Check,4,No
CUST-12160,22,Male,30,Month-to-Month,No,Yes,No,49.77,1370.13,226.6,52,3,0,Credit Card,3,No
CUST-12161,20,Female,21,One Year,Fiber Optic,Yes,Yes,97.91,1870.13,213.4,54,2,0,Electronic Check,2,No
CUST-12162,18,Female,60,Month-to-Month,No,Yes,No,64.25,3714.52,165.0,35,1,0,Electronic Check,2,Yes
CUST-12163,55,Female,13,Two Year,No,Yes,Yes,28.81,367.0,143.6,3,1,1,Credit Card,5,No
CUST-12164,32,Female,1,Month-to-Month,Fiber Optic,Yes,No,122.76,110.85,281.0,33,1,0,Mailed Check,1,Yes
CUST-12165,51,Male,65,Two Year,Fiber Optic,No,No,36.5,2318.73,63.4,9,1,1,Mailed Check,3,No
CUST-12166,52,Female,33,Month-to-Month,No,Yes,No,50.23,1589.73,313.9,7,1,1,Electronic Check,5,No
CUST-12167,66,Female,38,Two Year,Fiber Optic,Yes,No,97.75,3774.11,155.2,41,2,1,Electronic Check,5,No
CUST-12168,42,Female,25,Two Year,No,No,Yes,75.38,1930.66,61.7,27,2,0,Credit Card,5,No
CUST-12169,41,Male,26,Month-to-Month,Fiber Optic,Yes,Yes,53.25,1388.3,130.9,1,3,1,Credit Card,4,Yes
CUST-12170,29,Male,59,Two Year,Fiber Optic,Yes,Yes,34.22,1960.48,101.3,40,0,1,Electronic Check,1,No
CUST-12171,35,Female,33,Two Year,DSL,Yes,No,40.83,1256.34,128.2,18,4,0,Electronic Check,3,No
CUST-12172,32,Female,41,Month-to-Month,DSL,Yes,No,42.34,1782.93,126.5,35,2,0,Electronic Check,4,No
CUST-12173,61,Female,30,One Year,No,Yes,Yes,65.18,1860.07,123.0,17,1,1,Electronic Check,5,No
CUST-12174,33,Female,57,Month-to-Month,DSL,Yes,No,69.78,3792.28,152.3,39,1,0,Mailed Check,3,No
CUST-12175,44,Male,49,Two Year,DSL,Yes,No,61.28,3115.03,174.2,11,1,1,Electronic Check,4,No
CUST-12176,25,Female,48,Month-to-Month,Fiber Optic,No,Yes,64.02,3215.36,248.7,37,0,0,Bank Transfer,7,No
CUST-12177,63,Female,49,Month-to-Month,Fiber Optic,Yes,No,38.73,1963.66,158.0,45,2,0,Electronic Check,4,No
CUST-12178,42,Female,47,Month-to-Month,DSL,Yes,Yes,72.33,3568.59,209.3,11,3,0,Electronic Check,5,No
CUST-12179,34,Male,56,One Year,DSL,Yes,No,97.01,5597.36,180.7,3,3,0,Mailed Check,3,No
CUST-12180,46,Male,65,Two Year,Fiber Optic,Yes,Yes,60.93,3982.84,228.7,13,4,0,Mailed Check,3,No
CUST-12181,70,Female,12,Two Year,DSL,Yes,Yes,60.44,684.72,184.2,52,0,1,Electronic Check,2,No
CUST-12182,25,Female,69,Month-to-Month,Fiber Optic,Yes,Yes,67.08,4827.29,121.8,28,1,1,Electronic Check,3,No
CUST-12183,32,Female,6,Month-to-Month,DSL,Yes,No,92.96,575.33,97.4,58,3,0,Bank Transfer,1,Yes
CUST-12184,44,Female,65,One Year,No,Yes,No,42.63,2593.92,198.9,38,1,0,Mailed Check,4,No
CUST-12185,63,Female,25,One Year,No,Yes,Yes,101.27,2464.34,294.6,54,0,1,Credit Card,7,No
CUST-12186,67,Male,1,Month-to-Month,Fiber Optic,Yes,No,75.53,68.77,159.4,47,0,0,Credit Card,0,No
CUST-12187,69,Male,32,Month-to-Month,DSL,No,No,65.72,2193.46,116.9,34,0,1,Mailed Check,3,Yes
CUST-12188,24,Male,3,Month-to-Month,Fiber Optic,Yes,No,95.33,281.96,156.9,55,1,1,Credit Card,3,Yes
CUST-12189,20,Female,49,Month-to-Month,Fiber Optic,Yes,Yes,35.45,1627.23,129.5,28,0,1,Electronic Check,4,No
CUST-12190,46,Male,19,One Year,DSL,Yes,Yes,78.05,1399.7,120.0,2,0,0,Electronic Check,4,Yes
CUST-12191,61,Male,60,Month-to-Month,No,No,No,75.76,4759.69,50.1,57,3,0,Credit Card,3,No
CUST-12192,70,Male,29,Two Year,Fiber Optic,No,Yes,41.61,1197.45,158.0,46,2,1,Bank Transfer,3,No
CUST-12193,41,Female,50,Month-to-Month,No,Yes,Yes,76.52,3684.83,201.2,2,1,0,Credit Card,4,No
CUST-12194,20,Female,2,Month-to-Month,DSL,Yes,Yes,72.08,140.55,82.6,37,2,0,Bank Transfer,3,No
CUST-12195,37,Male,56,Two Year,DSL,Yes,Yes,60.53,3100.82,100.9,16,1,0,Credit Card,2,No
CUST-12196,63,Female,17,One Year,No,Yes,Yes,86.57,1341.08,94.7,8,2,1,Bank Transfer,1,No
CUST-12197,32,Male,60,Month-to-Month,Fiber Optic,Yes,No,50.71,3008.85,55.2,40,0,0,Bank Transfer,3,No
CUST-12198,42,Male,36,One Year,Fiber Optic,Yes,Yes,71.76,2523.43,94.0,11,0,0,Bank Transfer,6,Yes
CUST-12199,47,Male,61,Month-to-Month,Fiber Optic,Yes,Yes,61.71,3590.67,162.2,45,3,1,Electronic Check,5,No
CUST-12200,31,Male,17,Two Year,DSL,Yes,No,49.63,830.98,59.2,15,2,0,Credit Card,0,No
CUST-12201,24,Female,49,Month-to-Month,Fiber Optic,Yes,No,77.57,3462.27,167.6,4,1,2,Electronic Check,1,Yes
CUST-12202,34,Female,60,One Year,DSL,Yes,No,59.81,3737.88,116.7,23,2,1,Mailed Check,4,No
CUST-12203,61,Female,20,Month-to-Month,Fiber Optic,Yes,No,28.17,531.88,96.4,8,3,0,Mailed Check,6,No
CUST-12204,37,Female,50,Month-to-Month,Fiber Optic,Yes,Yes,19.97,909.4,213.9,16,2,0,Mailed Check,1,No
CUST-12205,53,Male,3,Two Year,No,Yes,Yes,84.73,235.23,122.4,16,1,2,Electronic Check,1,Yes
CUST-12206,26,Female,43,Two Year,Fiber Optic,Yes,No,34.48,1355.61,137.7,24,0,0,Mailed Check,3,No
CUST-12207,55,Male,57,Month-to-Month,DSL,Yes,No,71.98,3802.49,296.8,53,0,0,Mailed Check,5,Yes
CUST-12208,65,Female,50,Month-to-Month,Fiber Optic,Yes,No,66.37,3194.1,97.2,10,1,1,Bank Transfer,3,No
CUST-12209,74,Female,68,Month-to-Month,DSL,Yes,Yes,55.79,3834.34,320.9,34,3,0,Credit Card,4,No
CUST-12210,39,Female,50,One Year,DSL,Yes,Yes,113.92,5359.09,148.7,18,3,0,Bank Transfer,3,No
CUST-12211,71,Male,37,One Year,DSL,No,Yes,69.49,2482.14,77.7,53,0,0,Credit Card,6,Yes
CUST-12212,70,Male,46,One Year,Fiber Optic,Yes,No,83.89,4010.65,130.1,16,4,1,Mailed Check,1,No
CUST-12213,70,Male,42,Month-to-Month,DSL,Yes,Yes,72.12,2860.54,186.2,36,4,1,Bank Transfer,1,Yes
CUST-12214,19,Male,15,Two Year,Fiber Optic,Yes,Yes,59.21,905.21,292.9,52,3,0,Mailed Check,2,No
CUST-12215,41,Female,33,Month-to-Month,No,No,Yes,64.52,1966.65,251.9,51,1,1,Bank Transfer,2,No
CUST-12216,25,Male,11,Month-to-Month,Fiber Optic,Yes,Yes,101.46,1034.31,185.8,57,2,1,Credit Card,2,Yes
CUST-12217,28,Male,20,One Year,DSL,Yes,Yes,92.2,1785.77,293.4,8,2,1,Electronic Check,2,No
CUST-12218,30,Female,24,Two Year,DSL,Yes,Yes,113.8,2553.99,10.7,20,2,0,Electronic Check,1,No
CUST-12219,34,Female,64,One Year,Fiber Optic,Yes,No,70.54,4674.62,202.4,23,3,0,Electronic Check,4,No
CUST-12220,25,Male,65,One Year,No,Yes,Yes,43.08,2541.5,207.9,40,0,0,Mailed Check,5,No
CUST-12221,38,Female,17,One Year,DSL,Yes,No,53.99,,209.0,14,3,1,Mailed Check,3,No
CUST-12222,35,Male,61,Two Year,No,Yes,Yes,35.31,2133.74,35.1,16,3,0,Mailed Check,1,No
CUST-12223,47,Female,15,Month-to-Month,Fiber Optic,Yes,Yes,84.18,1148.94,88.5,38,3,0,Bank Transfer,4,Yes
CUST-12224,35,Male,51,Month-to-Month,Fiber Optic,Yes,No,50.35,2593.23,165.0,18,2,0,Mailed Check,1,No
CUST-12225,63,Male,27,Two Year,No,Yes,Yes,15.0,392.99,280.3,40,4,1,Credit Card,0,No
CUST-12226,64,Male,61,Two Year,Fiber Optic,No,No,126.59,7787.33,352.4,51,2,1,Mailed Check,2,No
CUST-12227,48,Male,58,Month-to-Month,No,Yes,No,50.73,3013.07,120.2,30,1,0,Electronic Check,2,No
CUST-12228,55,Male,31,Month-to-Month,Fiber Optic,Yes,No,50.59,1487.42,62.1,36,3,1,Mailed Check,0,Yes
CUST-12229,49,Female,12,Month-to-Month,Fiber Optic,Yes,Yes,106.79,1246.46,253.4,36,1,1,Credit Card,4,Yes
CUST-12230,28,Male,46,Month-to-Month,Fiber Optic,Yes,Yes,34.79,1502.9,415.3,39,3,0,Bank Transfer,4,Yes
CUST-12231,62,Male,31,Two Year,DSL,Yes,No,93.42,2693.96,279.6,40,1,0,Credit Card,3,No
CUST-12232,42,Male,32,Month-to-Month,Fiber Optic,Yes,Yes,50.31,1449.07,112.6,41,3,1,Credit Card,6,No
CUST-12233,50,Male,32,Two Year,DSL,Yes,Yes,31.91,1066.61,437.5,1,1,0,Electronic Check,3,No
CUST-12234,55,Male,53,Month-to-Month,DSL,Yes,No,107.64,5511.75,241.8,17,2,0,Electronic Check,1,No
CUST-12235,58,Female,61,Month-to-Month,Fiber Optic,Yes,Yes,88.08,4846.13,108.8,28,0,0,Credit Card,3,No
CUST-12236,25,Female,46,Month-to-Month,Fiber Optic,Yes,Yes,88.0,3648.63,354.1,7,2,1,Bank Transfer,3,Yes
CUST-12237,28,Male,7,One Year,No,Yes,No,74.19,489.86,101.7,20,0,0,Mailed Check,0,No
CUST-12238,39,Female,4,One Year,Fiber Optic,Yes,No,79.98,288.6,124.1,42,0,0,Electronic Check,5,No
CUST-12239,68,Male,52,One Year,Fiber Optic,Yes,No,34.2,1700.47,245.4,24,0,0,Credit Card,4,No
CUST-12240,41,Female,31,Month-to-Month,DSL,Yes,Yes,67.79,1911.18,177.8,53,2,0,Electronic Check,6,Yes
CUST-12241,58,Female,36,Month-to-Month,No,Yes,No,41.78,1362.53,183.3,1,4,0,Mailed Check,2,Yes
CUST-12242,34,Male,54,Month-to-Month,Fiber Optic,Yes,Yes,30.28,1635.79,183.5,18,0,1,Bank Transfer,7,No
CUST-12243,29,Female,54,Month-to-Month,Fiber Optic,Yes,Yes,75.27,4211.01,280.3,26,2,0,Mailed Check,2,No
CUST-12244,74,Female,17,One Year,Fiber Optic,Yes,No,93.95,1535.51,1.0,14,3,1,Bank Transfer,1,No
CUST-12245,63,Male,30,One Year,DSL,No,Yes,55.42,1705.02,205.6,19,0,0,Mailed Check,1,No
CUST-12246,49,Male,22,One Year,Fiber Optic,Yes,Yes,59.7,1187.83,153.9,18,2,0,Electronic Check,6,No
CUST-12247,32,Female,43,Month-to-Month,No,Yes,No,36.55,1597.82,112.3,57,0,0,Mailed Check,5,Yes
CUST-12248,33,Female,27,Month-to-Month,DSL,Yes,No,65.18,1600.45,112.0,45,2,1,Credit Card,3,No
CUST-12249,71,Female,37,Month-to-Month,Fiber Optic,Yes,No,84.0,3188.08,1.0,7,1,0,Mailed Check,5,Yes
CUST-12250,39,Male,46,Month-to-Month,No,Yes,No,84.79,4026.54,108.1,2,0,0,Credit Card,8,Yes
CUST-12251,45,Female,35,Two Year,DSL,Yes,No,78.63,2801.3,296.1,7,0,1,Credit Card,4,No
CUST-12252,37,Female,4,One Year,No,Yes,Yes,49.54,202.74,254.9,28,3,2,Electronic Check,6,No
CUST-12253,50,Female,26,Month-to-Month,No,Yes,No,48.75,1247.5,162.8,28,2,1,Credit Card,2,No
CUST-12254,27,Male,19,Month-to-Month,Fiber Optic,Yes,Yes,84.89,1515.7,53.0,42,0,0,Electronic Check,2,No
CUST-12255,57,Male,45,Two Year,DSL,Yes,Yes,85.3,3825.01,254.0,17,3,0,Bank Transfer,3,No
CUST-12256,49,Male,26,One Year,DSL,Yes,No,60.7,1524.43,297.9,30,2,1,Bank Transfer,4,No
CUST-12257,67,Male,22,One Year,DSL,Yes,Yes,54.35,1077.09,273.1,21,1,0,Mailed Check,4,No
CUST-12258,50,Female,58,Month-to-Month,No,Yes,Yes,94.18,5306.89,92.8,37,3,2,Mailed Check,5,Yes
CUST-12259,19,Male,63,Month-to-Month,No,Yes,Yes,56.0,3519.81,102.2,9,2,0,Electronic Check,4,No
CUST-12260,50,Female,28,Two Year,Fiber Optic,Yes,Yes,83.65,2112.86,329.0,36,2,2,Electronic Check,5,Yes
CUST-12261,50,Female,65,One Year,Fiber Optic,Yes,No,61.58,3975.5,71.2,52,0,0,Mailed Check,1,No
CUST-12262,58,Female,44,Month-to-Month,DSL,Yes,No,38.81,1704.02,223.0,22,1,0,Mailed Check,2,No
CUST-12263,30,Female,43,Two Year,Fiber Optic,Yes,No,105.31,4182.89,20.0,15,3,0,Mailed Check,3,No
CUST-12264,47,Male,37,One Year,Fiber Optic,Yes,No,68.0,2427.09,153.0,14,2,0,Credit Card,4,No
CUST-12265,50,Male,66,Month-to-Month,No,Yes,No,47.23,3256.36,232.7,27,0,1,Bank Transfer,2,No
CUST-12266,30,Male,17,Month-to-Month,Fiber Optic,Yes,No,30.23,530.68,177.3,18,2,0,Mailed Check,2,Yes
CUST-12267,69,Male,40,Month-to-Month,No,Yes,No,32.75,1259.73,227.2,10,3,0,Credit Card,0,No
CUST-12268,43,Male,38,Month-to-Month,Fiber Optic,Yes,No,55.68,2015.29,69.6,48,0,0,Electronic Check,8,No
CUST-12269,39,Female,61,One Year,Fiber Optic,No,No,113.13,6339.28,106.2,22,1,0,Mailed Check,3,No
CUST-12270,56,Male,9,Month-to-Month,Fiber Optic,Yes,No,50.38,410.47,223.4,23,1,0,Electronic Check,5,Yes
CUST-12271,19,Male,61,Two Year,No,Yes,No,101.19,5830.75,242.7,52,2,0,Electronic Check,1,No
CUST-12272,55,Male,16,Two Year,Fiber Optic,No,No,61.73,1028.22,199.8,42,1,0,Bank Transfer,4,No
CUST-12273,56,Male,2,Month-to-Month,Fiber Optic,No,Yes,35.47,74.05,265.2,41,3,0,Electronic Check,7,Yes
CUST-12274,43,Female,43,Month-to-Month,DSL,Yes,No,53.17,2336.33,30.9,48,0,0,Credit Card,4,No
CUST-12275,63,Female,42,Two Year,DSL,Yes,No,32.98,1319.54,138.0,5,0,0,Bank Transfer,6,No
CUST-12276,67,Female,57,One Year,Fiber Optic,No,No,43.6,2290.22,344.0,51,0,1,Mailed Check,3,No
CUST-12277,32,Female,67,One Year,DSL,Yes,No,42.86,2840.98,295.5,25,3,0,Credit Card,5,No
CUST-12278,51,Female,30,Month-to-Month,DSL,Yes,Yes,17.4,520.42,237.0,1,1,0,Electronic Check,4,No
CUST-12279,59,Male,13,Month-to-Month,Fiber Optic,Yes,Yes,102.82,1288.12,166.0,24,1,1,Mailed Check,4,Yes
CUST-12280,72,Female,19,One Year,DSL,No,Yes,70.28,1340.32,273.1,33,2,0,Mailed Check,1,No
CUST-12281,61,Female,7,Two Year,No,Yes,No,47.84,338.9,218.6,58,3,1,Electronic Check,4,No
CUST-12282,66,Female,9,Month-to-Month,Fiber Optic,Yes,Yes,70.54,645.94,43.4,56,1,1,Credit Card,0,Yes
CUST-12283,57,Male,54,Two Year,Fiber Optic,Yes,Yes,44.11,2323.21,269.6,37,1,0,Credit Card,5,No
CUST-12284,28,Male,61,Month-to-Month,DSL,Yes,No,15.0,932.15,102.1,7,4,0,Mailed Check,2,No
CUST-12285,20,Female,2,Two Year,DSL,No,No,138.92,251.12,248.4,24,1,0,Electronic Check,3,Yes
CUST-12286,23,Male,50,One Year,Fiber Optic,Yes,No,69.74,3494.19,34.6,15,0,1,Electronic Check,4,No
CUST-12287,26,Male,31,Month-to-Month,No,Yes,No,50.27,1457.61,323.9,11,1,1,Mailed Check,0,Yes
CUST-12288,23,Female,33,One Year,Fiber Optic,Yes,No,16.65,516.8,155.3,44,1,0,Electronic Check,3,No
CUST-12289,26,Male,11,Month-to-Month,DSL,Yes,No,27.65,277.9,80.2,17,3,0,Bank Transfer,3,Yes
CUST-12290,56,Male,33,Month-to-Month,Fiber Optic,Yes,No,106.36,3260.18,118.0,49,2,1,Credit Card,3,No
CUST-12291,48,Male,7,Month-to-Month,DSL,Yes,Yes,102.55,752.88,149.7,23,2,1,Credit Card,1,No
CUST-12292,49,Female,31,Month-to-Month,No,Yes,Yes,83.83,2500.78,179.5,49,1,0,Credit Card,5,No
CUST-12293,58,Female,48,Month-to-Month,No,Yes,No,37.12,1851.54,298.6,4,2,0,Bank Transfer,9,Yes
CUST-12294,67,Female,47,One Year,Fiber Optic,Yes,No,102.75,4464.33,186.3,31,2,1,Mailed Check,2,Yes
CUST-12295,29,Male,53,One Year,Fiber Optic,Yes,No,76.24,3760.33,1.0,54,1,0,Credit Card,0,No
CUST-12296,25,Female,19,Month-to-Month,No,Yes,Yes,81.37,1520.79,69.3,34,2,1,Electronic Check,2,No
CUST-12297,25,Male,6,Two Year,Fiber Optic,No,Yes,76.15,435.17,428.2,10,0,0,Mailed Check,6,No
CUST-12298,67,Male,49,One Year,Fiber Optic,Yes,No,27.33,1334.6,192.2,37,1,0,Mailed Check,1,No
CUST-12299,45,Male,50,Two Year,No,Yes,Yes,35.05,1688.2,265.6,10,0,0,Credit Card,3,No
CUST-12300,37,Female,12,One Year,Fiber Optic,Yes,Yes,52.24,640.51,152.2,42,0,0,Electronic Check,1,No
CUST-12301,64,Female,23,Month-to-Month,Fiber Optic,Yes,Yes,81.09,1799.3,89.6,59,1,0,Mailed Check,3,No
CUST-12302,24,Female,54,Month-to-Month,No,No,No,30.49,1623.17,136.7,11,2,2,Credit Card,1,No
CUST-12303,28,Female,69,One Year,Fiber Optic,Yes,No,60.62,3965.95,191.5,31,2,0,Electronic Check,3,No
CUST-12304,37,Male,59,Month-to-Month,Fiber Optic,Yes,No,60.58,3594.26,138.6,10,1,0,Electronic Check,3,No
CUST-12305,33,Female,36,Month-to-Month,DSL,Yes,No,84.82,3048.05,352.7,43,2,0,Mailed Check,3,Yes
CUST-12306,21,Male,3,Month-to-Month,Fiber Optic,Yes,No,81.87,235.68,124.5,38,2,0,Bank Transfer,4,No
CUST-12307,23,Female,58,Month-to-Month,DSL,Yes,No,39.74,2169.86,85.1,53,1,1,Bank Transfer,4,No
CUST-12308,39,Female,55,Month-to-Month,Fiber Optic,Yes,No,101.17,5520.48,252.8,42,1,0,Credit Card,3,No
CUST-12309,43,Female,57,Month-to-Month,Fiber Optic,Yes,Yes,35.92,2132.35,263.9,8,0,2,Credit Card,3,No
CUST-12310,20,Male,17,Month-to-Month,No,No,Yes,92.31,1443.57,182.7,11,2,0,Bank Transfer,1,No
CUST-12311,58,Male,39,One Year,Fiber Optic,Yes,No,51.25,2038.46,125.8,20,1,0,Electronic Check,3,No
CUST-12312,59,Male,68,One Year,Fiber Optic,No,Yes,69.1,4611.63,8.9,24,1,2,Mailed Check,2,No
CUST-12313,31,Male,55,Month-to-Month,DSL,Yes,No,70.65,3803.5,289.9,59,3,0,Electronic Check,5,No
CUST-12314,28,Male,45,Month-to-Month,No,Yes,No,69.94,3286.58,258.2,51,1,0,Mailed Check,3,No
CUST-12315,35,Female,1,Month-to-Month,Fiber Optic,Yes,No,81.86,81.11,140.4,7,1,0,Electronic Check,8,Yes
CUST-12316,71,Male,21,Month-to-Month,Fiber Optic,Yes,No,74.79,1609.19,185.4,21,0,0,Mailed Check,3,No
CUST-12317,29,Male,21,Month-to-Month,DSL,Yes,Yes,84.59,1735.84,159.6,44,1,1,Bank Transfer,5,No
CUST-12318,40,Male,52,Month-to-Month,Fiber Optic,Yes,Yes,76.62,3735.14,326.6,53,1,1,Bank Transfer,3,No
CUST-12319,29,Male,43,One Year,Fiber Optic,Yes,No,33.39,1441.76,86.6,6,4,1,Bank Transfer,5,No
CUST-12320,30,Female,52,Month-to-Month,Fiber Optic,Yes,Yes,71.74,3874.02,124.2,31,3,0,Bank Transfer,3,No
CUST-12321,42,Male,67,Month-to-Month,No,Yes,Yes,50.9,3499.6,115.5,12,1,0,Mailed Check,3,Yes
CUST-12322,62,Female,44,Month-to-Month,No,Yes,No,37.27,1524.69,207.9,37,3,0,Mailed Check,2,Yes
CUST-12323,68,Female,32,One Year,No,No,No,57.75,1751.04,185.1,13,0,1,Bank Transfer,4,No
CUST-12324,36,Female,10,Two Year,Fiber Optic,Yes,No,69.58,680.17,198.0,49,4,0,Mailed Check,2,No
CUST-12325,72,Male,64,One Year,No,Yes,No,71.24,4494.35,100.7,31,3,0,Electronic Check,2,No
CUST-12326,63,Female,69,One Year,No,Yes,Yes,91.4,5859.29,313.6,9,3,0,Credit Card,1,No
CUST-12327,53,Male,68,Month-to-Month,DSL,Yes,No,97.68,6207.19,139.1,27,3,0,Mailed Check,4,No
CUST-12328,62,Male,28,Month-to-Month,Fiber Optic,Yes,Yes,73.41,2083.9,286.9,52,1,1,Mailed Check,8,Yes
CUST-12329,25,Male,53,Two Year,DSL,Yes,No,77.93,4169.72,462.5,53,1,0,Electronic Check,2,No
CUST-12330,46,Male,51,Month-to-Month,DSL,Yes,Yes,67.38,3525.32,101.4,17,2,1,Bank Transfer,3,No
CUST-12331,72,Male,53,Two Year,DSL,Yes,No,84.18,4639.73,210.8,51,0,1,Electronic Check,2,No
CUST-12332,70,Female,4,One Year,DSL,Yes,No,77.17,292.09,168.2,51,0,2,Bank Transfer,3,Yes
CUST-12333,72,Female,17,One Year,Fiber Optic,Yes,No,63.64,1113.19,362.8,8,1,1,Electronic Check,1,No
CUST-12334,49,Male,67,Month-to-Month,Fiber Optic,Yes,No,118.8,7958.82,154.7,27,5,0,Bank Transfer,4,Yes
CUST-12335,68,Female,47,One Year,DSL,Yes,Yes,51.35,2518.83,202.4,40,1,0,Electronic Check,6,No
CUST-12336,61,Male,56,Month-to-Month,Fiber Optic,Yes,Yes,101.36,5340.19,200.4,57,2,0,Credit Card,2,No
CUST-12337,35,Female,23,Month-to-Month,No,Yes,No,31.14,673.57,171.0,58,1,0,Credit Card,2,No
CUST-12338,23,Female,18,Month-to-Month,No,No,No,85.34,1544.79,248.0,15,2,2,Mailed Check,3,Yes
CUST-12339,35,Female,1,Two Year,Fiber Optic,Yes,No,100.91,104.87,188.4,39,0,1,Credit Card,3,No
CUST-12340,36,Female,35,Month-to-Month,Fiber Optic,Yes,Yes,17.32,620.56,223.4,6,2,1,Electronic Check,4,No
CUST-12341,39,Female,64,Month-to-Month,DSL,Yes,No,68.47,4421.76,199.2,32,2,3,Credit Card,9,No
CUST-12342,54,Male,58,Month-to-Month,DSL,Yes,Yes,82.89,4606.16,125.6,48,2,0,Electronic Check,3,No
CUST-12343,49,Male,59,One Year,DSL,Yes,No,71.3,4238.94,155.8,8,1,0,Bank Transfer,1,No
CUST-12344,73,Female,1,One Year,Fiber Optic,Yes,Yes,74.45,75.95,230.0,35,1,1,Credit Card,4,No
CUST-12345,58,Male,3,One Year,No,Yes,No,68.41,207.9,229.6,31,1,1,Credit Card,2,Yes
CUST-12346,20,Female,67,Month-to-Month,DSL,No,Yes,37.64,2525.72,292.1,42,1,0,Bank Transfer,3,No
CUST-12347,45,Male,37,Month-to-Month,DSL,Yes,No,124.2,4168.35,347.3,26,0,0,Credit Card,5,No
CUST-12348,27,Female,29,One Year,DSL,Yes,Yes,52.41,1518.31,133.1,42,4,1,Mailed Check,1,No
CUST-12349,68,Female,33,Month-to-Month,Fiber Optic,Yes,Yes,75.85,2432.32,192.1,24,1,1,Electronic Check,2,Yes
CUST-12350,52,Female,61,Two Year,Fiber Optic,Yes,No,48.83,3110.39,162.6,51,1,0,Mailed Check,5,No
CUST-12351,46,Male,4,One Year,Fiber Optic,Yes,Yes,15.0,,80.3,2,4,1,Bank Transfer,3,No
CUST-12352,71,Male,14,Month-to-Month,DSL,Yes,No,41.89,581.32,230.8,41,1,0,Credit Card,2,No
CUST-12353,32,Female,33,Month-to-Month,Fiber Optic,Yes,Yes,28.81,997.42,250.0,1,1,1,Electronic Check,4,No
CUST-12354,50,Female,22,Two Year,DSL,Yes,No,92.29,1855.84,83.1,10,1,0,Mailed Check,1,No
CUST-12355,24,Male,48,Month-to-Month,Fiber Optic,Yes,Yes,49.83,2251.79,146.3,58,1,0,Mailed Check,3,Yes
CUST-12356,29,Male,3,Month-to-Month,DSL,Yes,Yes,52.15,156.2,137.5,50,1,1,Bank Transfer,4,Yes
CUST-12357,66,Male,23,One Year,Fiber Optic,Yes,No,38.39,836.42,44.2,23,2,3,Credit Card,2,No
CUST-12358,47,Male,68,Month-to-Month,Fiber Optic,Yes,Yes,67.35,4359.61,176.7,33,3,0,Electronic Check,4,No
CUST-12359,38,Male,21,One Year,Fiber Optic,Yes,Yes,47.09,1022.41,76.9,44,0,0,Credit Card,2,Yes
CUST-12360,48,Female,43,Month-to-Month,Fiber Optic,Yes,No,89.81,3811.25,194.3,37,1,0,Credit Card,1,No
CUST-12361,41,Male,26,One Year,Fiber Optic,Yes,No,72.55,1726.78,204.2,57,0,0,Bank Transfer,1,No
CUST-12362,37,Female,41,Month-to-Month,DSL,Yes,Yes,50.7,1967.76,215.4,57,1,0,Bank Transfer,3,No
CUST-12363,54,Female,38,Month-to-Month,Fiber Optic,Yes,No,86.26,2987.49,219.7,11,1,0,Electronic Check,1,Yes
CUST-12364,21,Male,11,Two Year,Fiber Optic,Yes,No,65.2,705.31,317.8,20,1,0,Electronic Check,1,No
CUST-12365,45,Male,29,One Year,Fiber Optic,Yes,Yes,65.54,1759.99,107.2,26,0,0,Bank Transfer,9,No
CUST-12366,61,Female,60,Month-to-Month,Fiber Optic,Yes,No,28.43,1754.53,111.7,46,2,0,Bank Transfer,0,No
CUST-12367,37,Male,67,Month-to-Month,No,Yes,No,63.22,4178.97,239.0,47,1,0,Electronic Check,6,No
CUST-12368,41,Female,65,One Year,Fiber Optic,Yes,Yes,73.04,4315.12,168.1,2,3,0,Mailed Check,3,No
CUST-12369,67,Male,61,Month-to-Month,DSL,Yes,Yes,98.34,5669.6,281.3,25,1,1,Mailed Check,3,No
CUST-12370,66,Male,19,Two Year,Fiber Optic,Yes,Yes,46.2,871.17,230.6,59,2,2,Credit Card,4,No
CUST-12371,68,Male,46,Two Year,DSL,Yes,No,121.95,5331.04,352.6,4,3,1,Electronic Check,4,No
CUST-12372,49,Female,49,One Year,Fiber Optic,Yes,Yes,78.92,3778.05,171.8,19,1,0,Electronic Check,3,No
CUST-12373,58,Male,22,Month-to-Month,Fiber Optic,No,No,27.01,615.85,46.6,13,2,1,Credit Card,4,No
CUST-12374,53,Female,57,Month-to-Month,DSL,Yes,No,43.87,2381.83,210.7,19,5,0,Electronic Check,3,No
CUST-12375,70,Male,14,One Year,No,Yes,Yes,100.52,1337.45,173.5,13,2,0,Mailed Check,7,No
CUST-12376,51,Female,44,Month-to-Month,Fiber Optic,Yes,No,96.08,4324.6,228.1,55,0,1,Electronic Check,3,No
CUST-12377,53,Male,16,Month-to-Month,Fiber Optic,No,No,65.45,992.55,239.6,12,0,0,Bank Transfer,2,Yes
CUST-12378,19,Female,12,Month-to-Month,DSL,Yes,Yes,68.75,752.15,131.9,2,2,0,Electronic Check,1,No
CUST-12379,32,Female,55,Month-to-Month,Fiber Optic,Yes,Yes,35.88,1829.62,89.2,37,3,1,Electronic Check,1,No
CUST-12380,51,Female,51,Month-to-Month,No,Yes,No,98.04,5211.64,166.9,50,2,1,Credit Card,3,No
CUST-12381,53,Female,39,Month-to-Month,Fiber Optic,Yes,Yes,40.31,1634.96,1.0,23,0,0,Bank Transfer,3,Yes
CUST-12382,23,Female,33,One Year,No,Yes,Yes,86.12,2653.6,187.3,55,5,0,Credit Card,5,No
CUST-12383,56,Female,33,Month-to-Month,DSL,Yes,Yes,98.8,3205.06,143.3,19,1,0,Electronic Check,5,No
CUST-12384,59,Male,29,Month-to-Month,Fiber Optic,Yes,Yes,66.2,1767.38,257.6,3,1,1,Bank Transfer,1,No
CUST-12385,68,Female,69,Month-to-Month,Fiber Optic,Yes,Yes,89.19,6161.51,1.3,24,2,0,Mailed Check,6,Yes
CUST-12386,68,Female,70,One Year,Fiber Optic,Yes,No,111.19,7221.31,180.6,23,3,0,Mailed Check,2,No
CUST-12387,71,Female,31,Month-to-Month,DSL,Yes,No,71.7,2017.03,321.9,4,2,0,Electronic Check,4,Yes
CUST-12388,29,Male,31,One Year,Fiber Optic,Yes,Yes,60.62,1923.82,240.8,18,2,1,Mailed Check,7,No
CUST-12389,20,Male,46,Two Year,Fiber Optic,Yes,Yes,63.33,2764.05,268.3,12,3,0,Electronic Check,2,No
CUST-12390,62,Male,52,Month-to-Month,Fiber Optic,Yes,Yes,46.43,2212.23,210.6,35,1,2,Credit Card,2,Yes
CUST-12391,35,Female,10,Month-to-Month,Fiber Optic,Yes,Yes,45.86,470.1,30.5,27,3,0,Electronic Check,3,Yes
CUST-12392,57,Male,41,Month-to-Month,Fiber Optic,Yes,Yes,76.06,3163.24,195.0,43,0,0,Bank Transfer,3,No
CUST-12393,38,Male,3,Two Year,Fiber Optic,Yes,Yes,60.9,183.17,216.8,14,2,0,Bank Transfer,3,No
CUST-12394,32,Female,59,One Year,DSL,Yes,No,73.19,4476.63,83.0,59,0,1,Electronic Check,5,No
CUST-12395,50,Female,52,Two Year,Fiber Optic,No,Yes,27.75,1404.59,168.6,31,3,0,Mailed Check,3,No
CUST-12396,52,Male,34,Month-to-Month,Fiber Optic,Yes,Yes,62.68,1958.94,1.0,3,3,1,Credit Card,3,No
CUST-12397,43,Female,49,Two Year,No,Yes,Yes,90.75,4042.99,149.9,5,1,1,Electronic Check,1,No
CUST-12398,25,Female,28,Month-to-Month,DSL,Yes,Yes,37.03,982.68,140.7,29,3,0,Mailed Check,2,No
CUST-12399,53,Female,13,Month-to-Month,Fiber Optic,Yes,No,65.41,776.37,306.2,39,3,0,Bank Transfer,4,No
CUST-12400,65,Female,69,Two Year,DSL,No,Yes,18.63,1260.18,125.7,52,3,0,Credit Card,6,No
CUST-12401,47,Male,67,Two Year,DSL,Yes,No,32.36,1956.02,156.0,17,1,0,Mailed Check,4,No
CUST-12402,40,Female,61,Month-to-Month,Fiber Optic,Yes,Yes,85.19,5022.84,172.9,19,2,0,Electronic Check,1,No
CUST-12403,59,Male,60,Month-to-Month,Fiber Optic,Yes,No,57.27,3184.56,126.9,35,1,0,Credit Card,4,No
CUST-12404,61,Male,71,Month-to-Month,DSL,Yes,No,110.55,7497.73,244.8,33,2,0,Credit Card,1,Yes
CUST-12405,31,Male,24,Month-to-Month,Fiber Optic,Yes,Yes,75.81,1821.72,1.0,8,1,0,Mailed Check,5,Yes
CUST-12406,31,Male,63,Month-to-Month,No,Yes,Yes,78.26,4696.9,282.3,52,2,1,Mailed Check,0,No
CUST-12407,19,Female,61,Two Year,No,Yes,No,38.09,2210.11,178.9,37,4,3,Electronic Check,3,No
CUST-12408,72,Female,23,One Year,DSL,No,Yes,55.37,1335.42,297.1,35,2,1,Bank Transfer,1,No
CUST-12409,54,Female,30,One Year,Fiber Optic,Yes,No,46.68,1411.35,1.0,20,3,0,Credit Card,4,No
CUST-12410,22,Male,60,One Year,Fiber Optic,Yes,Yes,38.36,2248.85,1.0,17,1,0,Electronic Check,4,No
CUST-12411,55,Male,18,Month-to-Month,DSL,Yes,Yes,81.6,1449.57,153.7,45,4,0,Bank Transfer,4,Yes
CUST-12412,62,Male,56,One Year,Fiber Optic,Yes,Yes,86.61,4816.34,225.5,13,2,0,Mailed Check,2,No
CUST-12413,58,Female,53,One Year,Fiber Optic,Yes,No,74.97,3590.72,130.1,4,1,0,Bank Transfer,4,No
CUST-12414,71,Male,7,Month-to-Month,DSL,Yes,Yes,44.3,282.82,232.5,50,3,1,Mailed Check,3,Yes
CUST-12415,64,Female,69,One Year,No,Yes,Yes,73.27,5042.38,268.3,58,0,0,Bank Transfer,1,No
CUST-12416,31,Female,52,Month-to-Month,No,Yes,No,17.18,852.86,239.9,30,2,0,Electronic Check,4,No
CUST-12417,73,Female,4,Two Year,Fiber Optic,Yes,Yes,98.08,356.35,189.3,6,2,0,Mailed Check,4,No
CUST-12418,56,Female,34,Two Year,Fiber Optic,Yes,Yes,32.55,1045.42,188.6,2,1,1,Credit Card,0,No
CUST-12419,42,Male,69,Month-to-Month,Fiber Optic,Yes,Yes,36.99,2346.96,124.7,15,2,0,Electronic Check,2,No
CUST-12420,37,Female,33,One Year,Fiber Optic,Yes,No,67.88,2323.92,175.0,57,3,1,Electronic Check,2,No
CUST-12421,19,Male,69,Month-to-Month,Fiber Optic,Yes,No,70.1,4500.44,87.8,34,3,1,Bank Transfer,4,No
CUST-12422,56,Female,38,One Year,No,Yes,Yes,63.18,2212.5,109.4,52,1,0,Electronic Check,3,No
CUST-12423,23,Male,26,Month-to-Month,DSL,Yes,Yes,37.25,962.62,226.3,20,1,0,Bank Transfer,5,Yes
CUST-12424,34,Male,1,Month-to-Month,DSL,Yes,No,93.33,91.3,138.3,16,1,1,Bank Transfer,7,Yes
CUST-12425,42,Female,4,Month-to-Month,Fiber Optic,Yes,No,22.85,90.16,113.6,43,0,1,Mailed Check,2,No
CUST-12426,74,Female,39,One Year,DSL,Yes,Yes,27.92,1051.2,220.4,49,0,1,Electronic Check,4,No
CUST-12427,45,Female,54,Month-to-Month,Fiber Optic,Yes,Yes,62.33,3265.1,214.2,29,4,1,Electronic Check,4,Yes
CUST-12428,19,Male,33,Two Year,Fiber Optic,No,Yes,33.39,1120.4,160.6,27,1,1,Credit Card,3,No
CUST-12429,52,Female,33,Month-to-Month,No,Yes,No,95.57,2942.47,166.6,55,1,1,Electronic Check,1,No
CUST-12430,54,Female,20,Two Year,Fiber Optic,Yes,No,35.54,682.0,217.4,1,3,0,Credit Card,1,No
CUST-12431,22,Male,16,One Year,Fiber Optic,No,Yes,103.93,1735.5,267.2,13,2,0,Electronic Check,3,No
CUST-12432,18,Female,21,Month-to-Month,DSL,No,Yes,90.88,1772.02,198.1,40,3,1,Bank Transfer,1,Yes
CUST-12433,57,Male,45,Month-to-Month,Fiber Optic,Yes,Yes,95.88,4073.27,72.7,32,3,0,Credit Card,2,No
CUST-12434,29,Female,62,One Year,Fiber Optic,Yes,Yes,112.18,6459.5,160.1,3,1,0,Bank Transfer,5,No
CUST-12435,73,Male,31,One Year,Fiber Optic,No,Yes,67.03,1876.53,143.4,14,2,0,Credit Card,5,No
CUST-12436,53,Male,42,One Year,DSL,Yes,No,39.68,1567.36,85.2,56,0,0,Electronic Check,1,No
CUST-12437,62,Female,12,Month-to-Month,DSL,Yes,Yes,62.42,679.36,224.8,56,1,1,Credit Card,4,No
CUST-12438,40,Male,65,Month-to-Month,Fiber Optic,Yes,No,50.83,3050.22,231.7,58,1,0,Bank Transfer,1,No
CUST-12439,64,Female,3,Two Year,Fiber Optic,Yes,Yes,47.27,135.34,245.4,28,3,0,Bank Transfer,1,No
CUST-12440,48,Female,9,Month-to-Month,Fiber Optic,Yes,No,68.77,558.96,90.8,46,3,0,Electronic Check,5,Yes
CUST-12441,28,Male,51,Month-to-Month,Fiber Optic,Yes,No,57.21,2955.48,194.2,26,1,1,Bank Transfer,0,No
CUST-12442,27,Female,16,Month-to-Month,DSL,Yes,Yes,46.19,753.33,179.4,21,0,0,Electronic Check,2,Yes
CUST-12443,20,Male,3,One Year,Fiber Optic,Yes,No,58.86,169.82,207.7,46,0,0,Mailed Check,2,No
CUST-12444,71,Male,24,One Year,Fiber Optic,Yes,Yes,78.72,1979.4,191.7,51,1,1,Bank Transfer,4,No
CUST-12445,31,Male,13,Month-to-Month,DSL,Yes,No,88.91,1157.97,178.9,11,2,3,Mailed Check,5,Yes
CUST-12446,33,Male,2,Month-to-Month,Fiber Optic,Yes,No,24.93,50.44,168.1,27,1,0,Mailed Check,3,Yes
CUST-12447,27,Male,71,Month-to-Month,Fiber Optic,Yes,Yes,57.42,3786.73,279.6,44,0,0,Credit Card,3,No
CUST-12448,46,Male,21,Month-to-Month,Fiber Optic,Yes,No,61.47,1323.94,102.4,59,3,0,Mailed Check,1,No
CUST-12449,27,Male,19,Month-to-Month,No,Yes,No,35.44,701.48,164.4,57,4,1,Credit Card,2,No
CUST-12450,29,Male,47,Two Year,DSL,Yes,No,62.01,2726.33,277.3,1,2,0,Bank Transfer,4,No
CUST-12451,47,Female,22,Month-to-Month,No,Yes,No,68.7,1515.89,107.0,33,1,1,Electronic Check,4,Yes
CUST-12452,58,Female,33,Month-to-Month,Fiber Optic,Yes,Yes,77.97,2603.99,111.6,46,0,0,Electronic Check,4,No
CUST-12453,18,Male,32,Two Year,Fiber Optic,Yes,No,66.93,2025.62,246.1,18,0,1,Credit Card,1,No
CUST-12454,22,Female,64,Month-to-Month,No,Yes,No,42.98,2671.64,51.8,58,1,1,Credit Card,5,No
CUST-12455,37,Female,39,One Year,No,Yes,No,115.3,4112.82,239.5,54,0,0,Mailed Check,1,No
CUST-12456,25,Female,42,Month-to-Month,Fiber Optic,Yes,No,85.73,3334.08,135.9,2,3,0,Credit Card,2,No
CUST-12457,60,Female,9,Month-to-Month,Fiber Optic,Yes,Yes,78.82,644.99,216.9,4,1,1,Mailed Check,4,No
CUST-12458,29,Female,25,Two Year,Fiber Optic,Yes,Yes,90.12,2217.01,70.1,54,1,0,Mailed Check,4,No
CUST-12459,18,Female,2,One Year,Fiber Optic,Yes,No,71.12,141.36,286.7,50,2,0,Credit Card,4,No
CUST-12460,74,Male,19,Month-to-Month,DSL,Yes,No,97.16,1915.12,70.4,4,1,0,Mailed Check,3,Yes
CUST-12461,71,Female,20,One Year,DSL,Yes,Yes,66.42,1303.6,245.2,55,1,1,Bank Transfer,2,No
CUST-12462,37,Female,70,Two Year,No,Yes,No,65.04,4275.5,74.2,17,5,0,Bank Transfer,4,No
CUST-12463,45,Female,17,Month-to-Month,DSL,Yes,No,80.88,1249.73,342.7,48,1,0,Credit Card,4,Yes
CUST-12464,74,Female,68,Month-to-Month,DSL,Yes,No,104.41,7332.35,173.6,16,1,1,Mailed Check,5,No
CUST-12465,60,Male,3,Two Year,Fiber Optic,Yes,No,102.8,299.71,355.6,9,2,0,Credit Card,2,No
CUST-12466,54,Male,51,Month-to-Month,DSL,No,No,79.82,4113.96,106.3,26,5,1,Bank Transfer,3,No
CUST-12467,64,Male,26,One Year,DSL,Yes,No,77.92,1827.78,140.2,10,0,0,Mailed Check,2,No
CUST-12468,54,Male,56,One Year,Fiber Optic,Yes,No,82.4,4490.83,289.0,7,1,0,Credit Card,0,No
CUST-12469,29,Female,64,One Year,Fiber Optic,Yes,Yes,89.64,5443.56,51.6,9,1,1,Electronic Check,2,No
CUST-12470,54,Male,8,Month-to-Month,Fiber Optic,Yes,Yes,97.47,705.33,117.1,55,0,0,Mailed Check,3,Yes
CUST-12471,66,Male,37,Month-to-Month,Fiber Optic,Yes,Yes,59.09,2222.08,224.6,48,0,0,Bank Transfer,2,Yes
CUST-12472,66,Male,27,One Year,Fiber Optic,No,Yes,97.95,,88.3,27,1,0,Electronic Check,5,No
CUST-12473,73,Male,45,Month-to-Month,Fiber Optic,Yes,Yes,73.57,3145.04,227.0,32,0,0,Bank Transfer,5,No
CUST-12474,61,Female,4,Month-to-Month,Fiber Optic,Yes,No,81.27,331.86,195.3,49,1,0,Bank Transfer,3,Yes
CUST-12475,73,Male,37,Month-to-Month,Fiber Optic,Yes,No,99.55,3561.94,43.8,23,3,1,Credit Card,1,No
CUST-12476,45,Female,71,Month-to-Month,No,Yes,Yes,83.68,5350.27,267.1,27,3,1,Bank Transfer,1,No
CUST-12477,64,Male,33,Two Year,Fiber Optic,Yes,No,87.9,3021.56,66.4,25,1,0,Electronic Check,4,No
CUST-12478,32,Female,31,Month-to-Month,Fiber Optic,Yes,Yes,55.26,1607.45,249.4,29,1,0,Credit Card,4,No
CUST-12479,23,Female,55,Two Year,DSL,No,Yes,102.46,5773.85,191.6,24,0,1,Credit Card,2,No
CUST-12480,61,Male,12,Month-to-Month,Fiber Optic,Yes,No,82.39,1010.89,139.0,16,1,0,Mailed Check,6,No
CUST-12481,37,Male,11,One Year,DSL,Yes,Yes,68.15,692.94,80.5,16,3,1,Electronic Check,3,No
CUST-12482,67,Male,32,Month-to-Month,Fiber Optic,Yes,No,92.53,2875.39,209.6,28,0,0,Electronic Check,2,Yes
CUST-12483,31,Male,57,One Year,No,Yes,Yes,129.7,6698.19,101.5,20,1,0,Bank Transfer,2,No
CUST-12484,19,Female,38,One Year,Fiber Optic,Yes,No,35.78,1295.99,288.7,53,2,0,Credit Card,3,No
CUST-12485,26,Female,60,Month-to-Month,DSL,Yes,No,44.91,2720.59,292.0,19,0,0,Electronic Check,1,Yes
CUST-12486,54,Male,19,Two Year,Fiber Optic,Yes,Yes,132.13,2348.7,327.8,10,2,0,Electronic Check,6,No
CUST-12487,37,Male,56,Month-to-Month,DSL,No,No,75.67,3888.22,205.3,26,3,0,Bank Transfer,4,No
CUST-12488,43,Female,14,One Year,Fiber Optic,Yes,Yes,69.77,953.4,143.6,2,2,0,Mailed Check,2,No
CUST-12489,46,Male,33,Two Year,Fiber Optic,Yes,No,62.12,2010.08,153.3,3,4,0,Electronic Check,7,No
CUST-12490,18,Female,10,Two Year,DSL,Yes,No,95.21,953.41,146.7,39,0,0,Bank Transfer,4,No
CUST-12491,72,Male,64,Two Year,No,Yes,No,130.28,8453.57,202.3,56,1,1,Mailed Check,3,No
CUST-12492,52,Female,64,Month-to-Month,DSL,No,Yes,48.37,3109.21,219.3,2,1,0,Mailed Check,2,No
CUST-12493,23,Female,62,Month-to-Month,No,No,Yes,62.58,3983.99,290.8,25,2,0,Mailed Check,2,No
CUST-12494,54,Female,68,Month-to-Month,DSL,Yes,No,56.23,3569.12,181.8,45,1,0,Mailed Check,4,No
CUST-12495,70,Female,43,Month-to-Month,DSL,Yes,Yes,83.32,3530.68,53.7,4,3,2,Electronic Check,4,Yes
CUST-12496,22,Female,59,One Year,DSL,No,Yes,95.56,5378.77,143.3,15,1,0,Electronic Check,5,No
CUST-12497,50,Male,52,Month-to-Month,DSL,Yes,No,105.52,5730.21,320.0,18,2,0,Bank Transfer,0,No
CUST-12498,66,Female,19,One Year,Fiber Optic,Yes,No,84.17,1544.92,39.9,7,2,1,Electronic Check,3,No
CUST-12499,68,Male,21,Month-to-Month,Fiber Optic,Yes,Yes,127.98,2805.72,246.5,27,4,1,Electronic Check,3,Yes
CUST-12500,31,Female,22,Month-to-Month,Fiber Optic,Yes,Yes,50.63,1130.97,144.8,18,1,0,Electronic Check,3,Yes
CUST-12501,29,Female,9,One Year,DSL,Yes,No,44.14,400.35,100.5,7,1,0,Mailed Check,2,Yes
CUST-12502,59,Male,9,Month-to-Month,Fiber Optic,Yes,No,101.73,891.52,215.6,56,5,2,Electronic Check,0,Yes
CUST-12503,37,Male,27,Two Year,Fiber Optic,Yes,No,68.07,1776.33,320.5,29,1,0,Credit Card,1,No
CUST-12504,70,Male,17,Month-to-Month,Fiber Optic,Yes,Yes,30.6,509.27,210.6,41,1,0,Bank Transfer,1,No
CUST-12505,67,Male,44,One Year,Fiber Optic,Yes,Yes,57.1,,156.4,44,2,1,Electronic Check,3,No
CUST-12506,41,Female,45,Month-to-Month,Fiber Optic,Yes,Yes,71.39,3327.16,63.4,59,3,1,Credit Card,3,No
CUST-12507,60,Male,8,Month-to-Month,DSL,Yes,No,48.84,398.2,171.1,33,0,1,Credit Card,2,No
CUST-12508,51,Female,18,One Year,Fiber Optic,Yes,Yes,39.63,727.76,60.1,2,0,0,Mailed Check,3,Yes
CUST-12509,42,Male,33,Two Year,Fiber Optic,No,No,59.81,1904.6,152.1,18,2,0,Bank Transfer,2,No
CUST-12510,67,Male,1,Month-to-Month,Fiber Optic,Yes,No,38.39,34.96,174.3,46,1,0,Mailed Check,2,Yes
CUST-12511,46,Female,6,Month-to-Month,DSL,No,No,80.88,486.47,1.0,23,4,1,Credit Card,2,No
CUST-12512,74,Female,41,Month-to-Month,DSL,Yes,Yes,16.4,642.92,304.9,6,1,0,Electronic Check,6,Yes
CUST-12513,56,Male,55,Month-to-Month,Fiber Optic,Yes,No,67.26,3812.37,68.5,43,4,1,Credit Card,1,No
CUST-12514,48,Female,5,Two Year,DSL,Yes,No,77.99,396.6,163.3,25,2,0,Bank Transfer,1,No
CUST-12515,73,Female,59,One Year,DSL,Yes,Yes,62.74,3412.19,228.0,19,0,0,Credit Card,0,No
CUST-12516,64,Female,18,Month-to-Month,No,No,Yes,92.33,1645.75,297.8,8,0,1,Credit Card,3,No
CUST-12517,60,Female,49,Month-to-Month,Fiber Optic,Yes,No,30.74,1512.03,108.7,53,1,0,Mailed Check,3,No
CUST-12518,67,Female,65,One Year,Fiber Optic,Yes,Yes,47.47,3039.95,1.0,37,3,0,Credit Card,1,No
CUST-12519,40,Female,54,Month-to-Month,DSL,Yes,Yes,56.75,2994.34,277.1,26,2,0,Mailed Check,6,No
CUST-12520,61,Female,61,One Year,No,No,Yes,82.82,4719.49,67.5,29,3,0,Mailed Check,4,No
CUST-12521,55,Female,8,Month-to-Month,DSL,Yes,Yes,70.46,527.26,212.3,59,1,1,Electronic Check,3,Yes
CUST-12522,37,Male,3,One Year,Fiber Optic,Yes,No,118.58,361.15,217.9,28,2,1,Credit Card,3,Yes
CUST-12523,40,Female,25,Month-to-Month,No,Yes,No,44.86,1012.49,1.0,53,1,1,Electronic Check,4,No
CUST-12524,62,Male,69,Two Year,Fiber Optic,Yes,No,30.13,2113.97,34.7,56,3,1,Bank Transfer,4,No
CUST-12525,69,Female,55,Month-to-Month,No,Yes,No,109.73,5908.53,138.5,7,1,0,Mailed Check,5,No
CUST-12526,33,Female,40,Month-to-Month,Fiber Optic,Yes,No,29.23,1216.47,1.0,59,3,1,Mailed Check,1,Yes
CUST-12527,67,Female,50,Two Year,DSL,Yes,No,82.08,4307.55,59.6,55,1,2,Bank Transfer,2,No
CUST-12528,59,Female,33,Month-to-Month,DSL,Yes,Yes,40.53,1336.85,191.1,36,0,0,Mailed Check,6,Yes
CUST-12529,72,Male,18,Month-to-Month,DSL,No,No,15.0,259.7,172.0,15,1,0,Electronic Check,6,No
CUST-12530,25,Male,57,Month-to-Month,DSL,Yes,Yes,55.63,3079.79,207.2,54,0,1,Electronic Check,0,No
CUST-12531,67,Female,16,Month-to-Month,Fiber Optic,Yes,Yes,87.49,1302.74,220.4,33,0,1,Bank Transfer,1,Yes
CUST-12532,38,Male,38,Two Year,DSL,Yes,Yes,34.46,1198.02,28.6,54,1,1,Credit Card,4,No
CUST-12533,18,Female,41,One Year,No,Yes,Yes,79.4,3212.48,64.4,5,0,1,Mailed Check,4,No
CUST-12534,72,Female,7,Month-to-Month,Fiber Optic,Yes,Yes,84.07,600.74,248.5,29,1,0,Credit Card,4,Yes
CUST-12535,25,Male,53,One Year,Fiber Optic,Yes,Yes,33.21,1653.23,317.2,17,2,0,Electronic Check,3,No
CUST-12536,46,Male,63,Month-to-Month,No,Yes,No,59.31,3598.08,92.9,45,1,1,Electronic Check,3,Yes
CUST-12537,49,Female,32,Two Year,DSL,Yes,Yes,104.43,3285.67,203.3,27,0,0,Mailed Check,0,No
CUST-12538,55,Female,38,Month-to-Month,Fiber Optic,Yes,No,81.26,3199.61,252.6,17,3,0,Bank Transfer,5,No
CUST-12539,22,Male,22,One Year,Fiber Optic,Yes,No,58.46,1184.25,201.4,51,8,0,Electronic Check,2,Yes
CUST-12540,64,Female,16,Month-to-Month,DSL,Yes,No,75.38,1128.33,157.6,4,2,2,Credit Card,3,No
CUST-12541,39,Male,52,Month-to-Month,Fiber Optic,No,Yes,47.87,2583.28,122.3,49,2,1,Electronic Check,3,No
CUST-12542,64,Female,29,Month-to-Month,Fiber Optic,Yes,No,92.84,2439.09,358.7,12,3,0,Mailed Check,3,Yes
CUST-12543,51,Female,16,Month-to-Month,Fiber Optic,Yes,Yes,92.83,1482.93,188.7,58,0,2,Bank Transfer,1,Yes
CUST-12544,18,Male,17,One Year,Fiber Optic,Yes,No,68.02,1151.63,215.0,23,2,0,Electronic Check,4,No
CUST-12545,72,Male,64,Month-to-Month,Fiber Optic,Yes,No,70.77,4336.73,209.2,50,4,0,Mailed Check,0,No
CUST-12546,72,Male,13,Two Year,Fiber Optic,No,Yes,40.03,504.9,106.9,11,3,0,Electronic Check,3,No
CUST-12547,43,Female,56,Month-to-Month,DSL,Yes,Yes,31.2,1796.54,184.6,36,4,0,Electronic Check,1,Yes
CUST-12548,60,Female,5,One Year,Fiber Optic,Yes,Yes,55.58,256.99,151.0,12,1,0,Credit Card,3,No
CUST-12549,27,Female,12,Two Year,No,Yes,No,62.81,704.53,149.4,9,2,0,Electronic Check,1,Yes
CUST-12550,47,Female,41,One Year,No,Yes,No,91.57,3667.47,208.5,24,4,2,Electronic Check,4,Yes
CUST-12551,67,Male,3,Two Year,Fiber Optic,Yes,No,88.06,254.0,97.6,18,1,2,Bank Transfer,4,Yes
CUST-12552,35,Female,33,Two Year,Fiber Optic,Yes,Yes,69.62,2265.65,71.6,27,0,0,Credit Card,3,No
CUST-12553,34,Female,50,Month-to-Month,No,Yes,Yes,94.76,4918.64,225.2,59,2,0,Bank Transfer,5,No
CUST-12554,43,Female,56,One Year,Fiber Optic,Yes,Yes,41.41,2406.07,132.2,9,0,0,Mailed Check,0,No
CUST-12555,25,Male,9,Month-to-Month,Fiber Optic,Yes,No,91.93,773.18,148.9,33,1,1,Electronic Check,2,Yes
CUST-12556,64,Female,50,Month-to-Month,DSL,No,Yes,45.24,2138.32,6.4,6,2,1,Credit Card,3,Yes
CUST-12557,57,Female,29,Month-to-Month,No,Yes,Yes,95.99,2573.01,266.7,51,0,0,Bank Transfer,7,Yes
CUST-12558,66,Male,39,One Year,Fiber Optic,Yes,No,64.67,2620.92,227.2,33,1,0,Bank Transfer,4,No
CUST-12559,29,Female,45,Month-to-Month,Fiber Optic,Yes,No,15.04,649.51,243.7,40,2,0,Mailed Check,2,No
CUST-12560,44,Female,17,Month-to-Month,DSL,Yes,No,83.25,1369.19,214.9,6,1,2,Mailed Check,2,No
CUST-12561,25,Male,56,Month-to-Month,Fiber Optic,Yes,Yes,85.24,4870.8,43.6,4,0,0,Mailed Check,5,No
CUST-12562,42,Female,46,Two Year,Fiber Optic,Yes,Yes,53.59,2408.31,200.6,3,5,1,Bank Transfer,2,No
CUST-12563,63,Female,67,Month-to-Month,Fiber Optic,Yes,No,55.72,3426.98,125.2,13,1,0,Electronic Check,3,No
CUST-12564,21,Female,69,Month-to-Month,DSL,Yes,No,61.01,4065.2,93.3,26,0,0,Mailed Check,3,No
CUST-12565,50,Male,14,Month-to-Month,Fiber Optic,Yes,Yes,16.87,234.9,225.0,34,1,0,Bank Transfer,3,No
CUST-12566,18,Female,67,Two Year,DSL,Yes,Yes,15.0,1012.92,329.3,13,0,0,Mailed Check,9,No
CUST-12567,36,Female,23,Two Year,Fiber Optic,Yes,Yes,97.54,2236.25,314.4,53,1,1,Electronic Check,5,No
CUST-12568,48,Male,61,One Year,DSL,Yes,No,44.4,2485.98,236.0,47,0,0,Mailed Check,4,No
CUST-12569,33,Male,23,Two Year,DSL,Yes,Yes,111.38,2422.51,177.3,8,0,0,Credit Card,2,No
CUST-12570,31,Female,27,Month-to-Month,DSL,Yes,No,99.26,2706.91,160.6,12,5,1,Bank Transfer,1,No
CUST-12571,70,Female,54,Two Year,DSL,Yes,No,104.18,5805.9,98.6,8,2,1,Bank Transfer,3,No
CUST-12572,65,Female,10,Month-to-Month,DSL,No,No,48.74,442.11,155.7,19,1,0,Mailed Check,5,Yes
CUST-12573,22,Female,16,Month-to-Month,No,Yes,Yes,24.79,359.49,261.8,41,0,1,Mailed Check,0,No
CUST-12574,58,Male,41,Month-to-Month,Fiber Optic,No,No,37.83,1545.62,344.1,10,0,1,Electronic Check,3,No
CUST-12575,43,Female,55,One Year,Fiber Optic,Yes,No,53.84,2908.51,106.5,32,2,1,Mailed Check,4,No
CUST-12576,45,Male,61,One Year,Fiber Optic,Yes,Yes,15.0,844.82,1.0,21,1,0,Mailed Check,5,No
CUST-12577,19,Male,49,Month-to-Month,Fiber Optic,Yes,No,53.11,2556.18,132.2,23,1,0,Electronic Check,3,Yes
CUST-12578,67,Female,52,Two Year,No,Yes,Yes,59.96,3261.88,261.4,27,4,0,Credit Card,2,No
CUST-12579,23,Female,2,Month-to-Month,DSL,No,No,32.64,64.93,366.5,25,0,0,Electronic Check,3,Yes
CUST-12580,26,Male,50,Month-to-Month,DSL,Yes,Yes,38.99,1885.89,297.9,7,2,0,Electronic Check,3,No
CUST-12581,50,Male,43,Month-to-Month,No,Yes,No,59.49,2619.8,295.7,42,2,1,Electronic Check,1,No
CUST-12582,58,Female,8,One Year,Fiber Optic,Yes,No,73.91,551.03,103.5,35,0,0,Bank Transfer,2,No
CUST-12583,42,Male,59,Two Year,DSL,Yes,Yes,42.73,2425.64,106.1,2,4,1,Mailed Check,2,No
CUST-12584,65,Female,65,Month-to-Month,DSL,Yes,No,72.31,4602.22,60.9,28,0,0,Credit Card,4,No
CUST-12585,30,Female,12,One Year,DSL,Yes,No,68.42,801.07,120.1,7,3,0,Bank Transfer,2,No
CUST-12586,26,Male,4,Month-to-Month,No,Yes,No,66.17,274.78,262.3,42,0,0,Mailed Check,3,Yes
CUST-12587,70,Male,41,One Year,DSL,Yes,Yes,48.7,1884.69,326.2,40,0,0,Bank Transfer,3,No
CUST-12588,30,Female,7,Two Year,No,Yes,Yes,31.67,201.4,211.1,12,4,1,Bank Transfer,1,No
CUST-12589,48,Male,69,Month-to-Month,No,Yes,No,107.41,7688.89,157.0,52,0,2,Mailed Check,4,Yes
CUST-12590,58,Female,69,Two Year,Fiber Optic,Yes,Yes,80.76,5196.64,84.0,17,0,1,Credit Card,4,No
CUST-12591,28,Female,30,One Year,DSL,Yes,No,90.14,2587.53,169.9,22,3,0,Bank Transfer,2,No
CUST-12592,21,Female,6,Month-to-Month,DSL,Yes,Yes,62.91,369.77,198.3,9,3,1,Electronic Check,2,Yes
CUST-12593,51,Male,19,Two Year,Fiber Optic,No,Yes,60.9,1210.77,48.3,52,3,0,Bank Transfer,5,No
CUST-12594,55,Female,66,Month-to-Month,Fiber Optic,Yes,No,77.27,4999.3,262.9,3,1,0,Bank Transfer,1,No
CUST-12595,63,Female,10,Month-to-Month,Fiber Optic,No,No,19.13,185.02,141.8,22,0,1,Mailed Check,1,Yes
CUST-12596,21,Female,16,Month-to-Month,Fiber Optic,Yes,No,37.13,586.68,257.5,54,1,0,Bank Transfer,4,No
CUST-12597,55,Female,37,Month-to-Month,No,Yes,No,45.06,1743.28,179.0,36,1,1,Credit Card,2,No
CUST-12598,36,Female,32,Two Year,Fiber Optic,Yes,No,53.64,1755.43,206.7,39,2,0,Bank Transfer,2,No
CUST-12599,23,Female,47,One Year,Fiber Optic,Yes,No,43.01,1870.56,116.8,59,0,0,Bank Transfer,2,No
CUST-12600,51,Female,43,Two Year,No,Yes,No,73.32,3217.36,149.0,18,0,0,Bank Transfer,2,No
CUST-12601,35,Female,36,Month-to-Month,DSL,Yes,No,67.04,2476.59,237.8,17,1,0,Bank Transfer,0,No
CUST-12602,30,Female,26,Month-to-Month,DSL,No,No,99.82,2604.67,168.2,27,1,0,Mailed Check,3,Yes
CUST-12603,58,Female,10,Month-to-Month,DSL,Yes,Yes,126.84,1266.61,80.6,54,3,0,Electronic Check,8,Yes
CUST-12604,40,Female,31,Month-to-Month,DSL,Yes,No,33.43,1001.23,190.0,35,2,0,Electronic Check,3,Yes
CUST-12605,36,Male,29,Two Year,Fiber Optic,Yes,Yes,68.68,1984.26,214.7,32,2,0,Mailed Check,1,No
CUST-12606,62,Female,5,One Year,DSL,No,Yes,68.64,346.85,303.6,3,1,1,Bank Transfer,3,No
CUST-12607,28,Female,1,Month-to-Month,Fiber Optic,Yes,Yes,64.65,59.38,283.7,13,1,1,Bank Transfer,4,Yes
CUST-12608,18,Female,3,Two Year,No,Yes,Yes,37.88,106.66,174.2,17,2,0,Mailed Check,2,No
CUST-12609,41,Male,67,One Year,DSL,Yes,Yes,42.07,2618.88,130.7,18,1,0,Electronic Check,3,No
CUST-12610,71,Female,71,Month-to-Month,Fiber Optic,Yes,No,71.01,5173.71,159.5,51,0,1,Credit Card,3,No
CUST-12611,24,Male,35,Two Year,DSL,Yes,No,41.37,1450.85,132.9,17,3,1,Bank Transfer,4,No
CUST-12612,42,Female,15,Month-to-Month,DSL,Yes,Yes,68.98,1001.19,225.6,56,1,0,Mailed Check,6,Yes
CUST-12613,38,Female,67,Month-to-Month,Fiber Optic,Yes,No,58.85,4037.22,273.7,48,1,1,Bank Transfer,5,Yes
CUST-12614,32,Male,30,Month-to-Month,No,Yes,No,68.54,2071.66,291.6,16,3,0,Electronic Check,6,Yes
CUST-12615,18,Female,43,Month-to-Month,Fiber Optic,No,No,41.17,1835.88,142.9,22,0,0,Bank Transfer,3,No
CUST-12616,29,Male,60,Month-to-Month,DSL,Yes,Yes,68.94,3770.42,133.9,25,4,0,Electronic Check,1,No
CUST-12617,24,Male,40,Month-to-Month,Fiber Optic,No,No,42.98,1678.58,142.2,1,0,0,Credit Card,2,Yes
CUST-12618,32,Female,65,Month-to-Month,DSL,Yes,Yes,69.02,4513.27,6.1,27,1,1,Credit Card,4,No
CUST-12619,38,Female,29,One Year,DSL,Yes,Yes,98.48,2659.22,71.7,14,3,0,Bank Transfer,2,No
CUST-12620,36,Female,19,Two Year,Fiber Optic,Yes,Yes,71.52,1289.67,176.9,28,3,1,Mailed Check,2,No
CUST-12621,46,Female,3,One Year,DSL,Yes,No,73.05,211.01,214.1,47,2,0,Electronic Check,0,No
CUST-12622,42,Male,36,Month-to-Month,Fiber Optic,No,No,85.43,3134.37,224.2,36,2,0,Bank Transfer,2,Yes
CUST-12623,50,Male,43,Month-to-Month,Fiber Optic,Yes,Yes,29.91,1252.74,109.8,52,0,0,Electronic Check,3,No
CUST-12624,66,Female,15,Month-to-Month,Fiber Optic,Yes,Yes,107.97,1577.33,135.8,53,0,1,Mailed Check,3,Yes
CUST-12625,49,Male,41,Month-to-Month,DSL,No,No,38.61,1527.02,155.7,43,0,0,Bank Transfer,3,No
CUST-12626,66,Male,36,One Year,No,Yes,No,86.99,2925.85,145.7,50,1,1,Mailed Check,1,No
CUST-12627,52,Female,33,One Year,Fiber Optic,Yes,Yes,83.67,2867.3,241.9,32,1,0,Electronic Check,0,No
CUST-12628,61,Male,5,One Year,Fiber Optic,Yes,No,42.45,201.14,62.3,29,1,0,Bank Transfer,3,Yes
CUST-12629,55,Male,14,One Year,DSL,Yes,No,90.22,1244.29,76.6,17,2,1,Mailed Check,3,No
CUST-12630,43,Female,68,Month-to-Month,Fiber Optic,Yes,Yes,77.45,4857.47,153.1,28,2,0,Credit Card,2,No
CUST-12631,28,Male,47,Month-to-Month,Fiber Optic,Yes,No,112.25,5091.82,57.1,41,2,1,Electronic Check,1,No
CUST-12632,52,Female,54,One Year,DSL,Yes,Yes,69.83,3904.95,9.0,21,4,0,Bank Transfer,1,Yes
CUST-12633,25,Male,4,Month-to-Month,DSL,Yes,No,62.29,261.45,45.6,24,2,0,Credit Card,5,No
CUST-12634,63,Female,9,Month-to-Month,Fiber Optic,Yes,Yes,52.13,447.71,158.2,46,0,0,Mailed Check,4,Yes
CUST-12635,31,Male,53,Month-to-Month,No,Yes,Yes,21.42,1047.96,236.7,35,1,1,Credit Card,3,No
CUST-12636,27,Male,60,Month-to-Month,Fiber Optic,Yes,No,57.04,3241.59,238.6,20,1,0,Electronic Check,3,Yes
CUST-12637,19,Female,46,Month-to-Month,DSL,Yes,No,58.1,2536.53,322.9,52,2,0,Bank Transfer,6,No
CUST-12638,63,Female,54,Two Year,Fiber Optic,Yes,Yes,71.55,3850.86,189.1,22,3,0,Credit Card,6,No
CUST-12639,26,Female,37,Two Year,No,Yes,Yes,29.42,1060.7,201.3,4,2,0,Mailed Check,4,No
CUST-12640,20,Female,23,Month-to-Month,Fiber Optic,Yes,Yes,59.02,1378.19,157.5,16,1,0,Credit Card,2,No
CUST-12641,38,Male,27,Month-to-Month,DSL,Yes,No,79.41,2155.21,161.8,21,3,0,Bank Transfer,0,No
CUST-12642,43,Male,70,One Year,No,Yes,No,81.89,5375.16,367.2,44,0,2,Credit Card,4,No
CUST-12643,25,Male,66,Month-to-Month,DSL,Yes,No,18.5,1242.54,203.5,21,4,0,Bank Transfer,8,No
CUST-12644,65,Female,61,Month-to-Month,Fiber Optic,No,No,82.66,5179.0,211.3,40,2,0,Mailed Check,1,No
CUST-12645,19,Male,51,Month-to-Month,Fiber Optic,Yes,No,58.84,2970.11,76.9,41,0,0,Bank Transfer,2,No
CUST-12646,23,Male,50,Month-to-Month,No,Yes,No,60.37,3136.67,216.9,11,2,0,Mailed Check,1,No
CUST-12647,45,Female,19,One Year,No,No,No,15.0,289.97,239.2,56,1,0,Credit Card,0,No
CUST-12648,70,Female,1,Two Year,No,Yes,No,102.34,101.25,279.9,37,3,0,Bank Transfer,7,No
CUST-12649,46,Male,40,Month-to-Month,DSL,Yes,No,69.42,2876.56,236.7,44,2,0,Electronic Check,1,Yes
CUST-12650,43,Female,32,Month-to-Month,No,Yes,Yes,26.71,846.22,168.6,22,1,0,Mailed Check,3,Yes
CUST-12651,42,Male,22,Month-to-Month,DSL,Yes,Yes,74.38,1600.65,164.8,20,3,0,Credit Card,2,No
CUST-12652,29,Male,66,Month-to-Month,DSL,Yes,Yes,73.61,4632.05,173.5,2,1,0,Credit Card,4,No
CUST-12653,22,Female,40,Two Year,Fiber Optic,Yes,No,95.56,3946.36,189.6,43,1,0,Mailed Check,5,No
CUST-12654,51,Male,38,One Year,Fiber Optic,Yes,Yes,57.26,1998.35,294.1,11,4,0,Electronic Check,2,No
CUST-12655,65,Female,48,Month-to-Month,Fiber Optic,No,Yes,65.3,3043.58,276.5,21,0,0,Mailed Check,2,No
CUST-12656,54,Female,55,One Year,Fiber Optic,No,No,48.93,2638.97,247.8,33,5,0,Bank Transfer,4,No
CUST-12657,32,Male,55,Two Year,No,Yes,No,79.95,4323.43,362.6,49,4,0,Credit Card,2,No
CUST-12658,61,Male,51,Two Year,DSL,Yes,No,45.41,2310.78,1.0,17,1,0,Mailed Check,1,No
CUST-12659,53,Male,60,Month-to-Month,DSL,Yes,Yes,42.68,2499.01,138.6,36,2,0,Bank Transfer,1,No
CUST-12660,32,Female,8,Month-to-Month,No,Yes,No,63.31,475.34,179.0,14,2,0,Credit Card,2,Yes
CUST-12661,60,Male,68,One Year,DSL,Yes,Yes,34.35,2402.47,119.5,37,0,1,Credit Card,4,No
CUST-12662,65,Female,9,Month-to-Month,Fiber Optic,Yes,Yes,105.05,944.15,96.3,31,0,1,Bank Transfer,4,Yes
CUST-12663,40,Female,2,Two Year,Fiber Optic,Yes,Yes,113.18,232.86,25.5,4,1,1,Mailed Check,1,No
CUST-12664,23,Male,70,One Year,Fiber Optic,Yes,No,53.66,3536.11,152.0,6,2,1,Mailed Check,2,No
CUST-12665,63,Female,59,Two Year,Fiber Optic,Yes,Yes,30.34,1782.11,260.5,50,0,0,Credit Card,1,No
CUST-12666,67,Male,19,Month-to-Month,DSL,Yes,No,73.41,1404.73,249.7,21,4,0,Mailed Check,6,Yes
CUST-12667,61,Male,28,Two Year,No,Yes,No,52.95,1419.61,112.3,13,1,0,Electronic Check,3,No
CUST-12668,60,Male,14,Month-to-Month,DSL,Yes,Yes,94.37,1350.03,199.8,38,4,1,Mailed Check,1,Yes
CUST-12669,62,Male,24,Two Year,Fiber Optic,Yes,Yes,45.32,979.32,302.2,15,1,1,Mailed Check,1,No
CUST-12670,38,Male,44,Month-to-Month,DSL,No,Yes,78.61,3421.62,43.2,5,0,0,Credit Card,0,No
CUST-12671,40,Male,56,Month-to-Month,Fiber Optic,Yes,No,67.85,3769.34,165.7,38,1,0,Credit Card,3,No
CUST-12672,60,Male,51,One Year,Fiber Optic,Yes,Yes,48.09,2403.73,205.8,24,2,1,Bank Transfer,3,No
CUST-12673,72,Female,32,Month-to-Month,No,Yes,Yes,71.0,2259.52,180.9,18,0,0,Credit Card,1,Yes
CUST-12674,33,Male,50,Month-to-Month,Fiber Optic,Yes,Yes,86.96,4022.27,256.6,29,2,1,Mailed Check,2,No
CUST-12675,64,Female,41,Two Year,Fiber Optic,Yes,No,67.17,2761.45,45.2,32,1,0,Electronic Check,0,No
CUST-12676,70,Female,66,Month-to-Month,No,Yes,Yes,67.43,4229.5,89.5,7,1,0,Bank Transfer,1,No
CUST-12677,32,Female,25,One Year,Fiber Optic,Yes,Yes,43.18,1044.75,241.4,30,1,0,Credit Card,5,No
CUST-12678,42,Male,61,Month-to-Month,Fiber Optic,Yes,Yes,93.61,5424.51,26.8,38,3,0,Bank Transfer,2,No
CUST-12679,53,Female,66,Two Year,Fiber Optic,Yes,No,91.11,5839.42,253.1,26,1,0,Mailed Check,3,No
CUST-12680,28,Female,42,One Year,Fiber Optic,Yes,Yes,54.74,2283.53,220.5,8,2,0,Bank Transfer,1,No
CUST-12681,68,Male,65,Month-to-Month,No,Yes,No,61.89,4126.44,246.8,25,0,2,Credit Card,6,Yes
CUST-12682,32,Male,36,Month-to-Month,DSL,Yes,Yes,100.36,3513.66,137.8,30,2,1,Bank Transfer,3,No
CUST-12683,21,Female,9,One Year,Fiber Optic,Yes,No,36.66,312.94,225.9,24,1,0,Mailed Check,3,No
CUST-12684,38,Male,36,Month-to-Month,Fiber Optic,Yes,No,80.11,2806.64,74.5,30,0,1,Credit Card,4,No
CUST-12685,30,Male,38,Month-to-Month,No,Yes,No,51.03,1945.58,142.7,5,1,0,Mailed Check,3,No
CUST-12686,39,Male,33,One Year,No,Yes,Yes,109.45,3438.5,183.3,4,3,0,Credit Card,6,No
CUST-12687,36,Male,42,Month-to-Month,Fiber Optic,Yes,Yes,66.59,2690.9,99.1,51,1,2,Credit Card,3,No
CUST-12688,51,Female,61,Month-to-Month,Fiber Optic,Yes,Yes,96.51,5795.42,199.6,42,1,2,Electronic Check,1,No
CUST-12689,31,Male,46,One Year,Fiber Optic,Yes,No,45.97,1996.42,77.0,9,1,0,Electronic Check,3,No
CUST-12690,21,Male,61,Month-to-Month,Fiber Optic,No,No,33.79,1919.72,204.2,55,1,1,Credit Card,3,No
CUST-12691,65,Male,18,Month-to-Month,No,Yes,Yes,59.14,980.49,336.8,33,1,0,Mailed Check,2,No
CUST-12692,70,Female,70,Month-to-Month,No,Yes,No,71.57,4773.89,66.9,51,2,0,Bank Transfer,2,No
CUST-12693,69,Female,15,One Year,No,Yes,Yes,52.23,710.79,178.0,29,1,0,Credit Card,3,No
CUST-12694,63,Male,48,One Year,DSL,Yes,No,83.96,3979.79,34.4,31,1,1,Electronic Check,1,No
CUST-12695,44,Male,13,One Year,No,Yes,Yes,59.75,719.57,105.0,44,1,0,Electronic Check,2,No
CUST-12696,46,Female,43,Month-to-Month,No,No,Yes,15.0,617.01,243.2,19,5,0,Mailed Check,2,No
CUST-12697,64,Male,60,Month-to-Month,Fiber Optic,Yes,Yes,78.82,4447.26,141.2,45,2,0,Credit Card,1,No
CUST-12698,45,Male,57,Month-to-Month,Fiber Optic,Yes,No,42.94,2434.26,246.8,54,1,0,Bank Transfer,3,No
CUST-12699,52,Female,71,Month-to-Month,Fiber Optic,Yes,No,55.96,4082.63,212.0,47,2,0,Electronic Check,0,No
CUST-12700,25,Male,17,Two Year,Fiber Optic,Yes,Yes,103.83,1756.28,174.2,2,2,0,Mailed Check,1,No
CUST-12701,33,Male,50,Month-to-Month,No,Yes,No,109.32,5364.2,87.4,20,3,0,Credit Card,2,No
CUST-12702,59,Female,32,Month-to-Month,Fiber Optic,Yes,Yes,50.61,1620.11,241.7,12,2,0,Mailed Check,1,No
CUST-12703,53,Female,22,Month-to-Month,Fiber Optic,Yes,Yes,79.44,1580.77,207.4,50,0,1,Credit Card,7,No
CUST-12704,47,Male,55,One Year,Fiber Optic,No,Yes,51.19,2585.78,42.5,21,1,0,Bank Transfer,5,No
CUST-12705,35,Female,57,One Year,Fiber Optic,Yes,No,57.83,3013.62,93.2,31,0,1,Mailed Check,1,No
CUST-12706,19,Male,13,One Year,No,Yes,No,49.86,592.91,1.0,36,3,0,Mailed Check,2,No
CUST-12707,66,Male,47,Two Year,Fiber Optic,Yes,No,21.89,966.15,57.1,20,1,1,Mailed Check,3,No
CUST-12708,30,Male,62,Month-to-Month,Fiber Optic,Yes,No,67.38,,151.8,44,0,0,Credit Card,5,Yes
CUST-12709,21,Female,54,Month-to-Month,DSL,Yes,Yes,72.2,3575.99,85.0,20,1,0,Electronic Check,4,No
CUST-12710,43,Female,29,Month-to-Month,Fiber Optic,Yes,No,48.22,1454.69,105.2,45,1,2,Credit Card,6,Yes
CUST-12711,42,Male,22,One Year,Fiber Optic,Yes,Yes,92.19,2085.25,305.2,36,2,0,Bank Transfer,3,No
CUST-12712,47,Male,65,One Year,No,Yes,No,54.1,3677.37,272.6,46,1,0,Credit Card,0,No
CUST-12713,28,Female,29,Month-to-Month,DSL,Yes,Yes,49.07,1289.8,117.5,53,3,0,Mailed Check,2,No
CUST-12714,24,Female,48,One Year,Fiber Optic,Yes,No,78.16,3855.64,251.4,18,1,0,Mailed Check,4,Yes
CUST-12715,48,Female,5,One Year,DSL,Yes,No,26.43,134.87,289.3,6,0,0,Bank Transfer,4,No
CUST-12716,61,Male,35,Two Year,Fiber Optic,Yes,Yes,87.67,3176.82,235.7,33,0,2,Electronic Check,0,No
CUST-12717,27,Female,71,One Year,No,Yes,No,54.95,3820.27,206.9,10,2,0,Bank Transfer,6,No
CUST-12718,56,Female,46,One Year,Fiber Optic,Yes,Yes,89.73,4202.63,278.8,18,2,0,Electronic Check,3,No
CUST-12719,30,Male,35,Month-to-Month,Fiber Optic,Yes,Yes,97.2,3087.97,249.3,51,0,0,Mailed Check,7,Yes
CUST-12720,48,Male,45,One Year,Fiber Optic,Yes,No,81.0,3321.99,70.8,34,1,0,Bank Transfer,2,No
CUST-12721,24,Male,13,Two Year,DSL,Yes,No,44.7,533.32,163.0,15,3,0,Electronic Check,4,No
CUST-12722,73,Female,10,Month-to-Month,Fiber Optic,Yes,Yes,33.73,349.85,130.3,3,1,0,Bank Transfer,5,Yes
CUST-12723,66,Male,66,One Year,Fiber Optic,Yes,Yes,29.15,1749.16,283.7,8,1,0,Mailed Check,7,No
CUST-12724,59,Male,70,One Year,Fiber Optic,Yes,No,92.57,5929.25,127.8,51,0,0,Credit Card,2,No
CUST-12725,59,Male,25,Month-to-Month,No,Yes,No,61.63,1601.7,112.3,11,1,0,Credit Card,4,No
CUST-12726,73,Male,44,One Year,Fiber Optic,Yes,Yes,50.02,2016.25,272.4,46,2,0,Electronic Check,2,No
CUST-12727,53,Female,60,Month-to-Month,Fiber Optic,Yes,No,61.7,3814.78,203.4,32,2,1,Mailed Check,4,No
CUST-12728,37,Male,47,Two Year,No,Yes,No,92.02,4404.48,370.1,48,1,0,Bank Transfer,2,No
CUST-12729,21,Female,40,Two Year,No,No,Yes,84.47,3061.34,102.4,42,4,0,Mailed Check,2,No
CUST-12730,71,Female,7,Month-to-Month,Fiber Optic,Yes,Yes,75.96,480.29,133.3,17,1,1,Bank Transfer,4,Yes
CUST-12731,24,Female,46,Month-to-Month,DSL,Yes,Yes,80.95,3649.82,281.0,47,0,0,Bank Transfer,2,Yes
CUST-12732,71,Male,23,One Year,Fiber Optic,Yes,No,69.5,1677.75,64.9,30,1,0,Credit Card,4,No
CUST-12733,18,Female,46,Month-to-Month,Fiber Optic,Yes,Yes,72.55,3443.51,298.8,43,4,2,Mailed Check,3,Yes
CUST-12734,61,Male,13,Month-to-Month,DSL,Yes,No,70.53,867.84,71.3,8,3,0,Electronic Check,3,No
CUST-12735,73,Male,21,Month-to-Month,DSL,Yes,Yes,65.0,1307.6,234.9,40,1,1,Bank Transfer,2,No
CUST-12736,62,Male,1,Month-to-Month,DSL,Yes,No,83.83,80.32,14.1,7,1,1,Bank Transfer,3,No
CUST-12737,59,Female,19,Month-to-Month,Fiber Optic,Yes,Yes,74.03,1420.81,184.1,20,0,0,Electronic Check,6,Yes
CUST-12738,64,Male,60,Two Year,Fiber Optic,Yes,No,42.98,2452.88,56.7,12,1,2,Electronic Check,1,No
CUST-12739,30,Male,33,Two Year,Fiber Optic,Yes,No,78.22,2380.36,353.4,21,3,1,Electronic Check,3,No
CUST-12740,72,Male,4,One Year,DSL,Yes,Yes,71.18,288.16,83.6,28,0,0,Mailed Check,2,No
CUST-12741,39,Female,3,Two Year,Fiber Optic,Yes,No,80.29,233.33,105.4,28,1,0,Electronic Check,2,No
CUST-12742,71,Female,52,Month-to-Month,DSL,Yes,Yes,62.39,2957.22,228.2,59,2,0,Bank Transfer,1,No
CUST-12743,38,Female,28,Month-to-Month,DSL,Yes,No,85.29,2432.32,125.9,16,1,0,Credit Card,3,No
CUST-12744,39,Male,70,Month-to-Month,Fiber Optic,Yes,No,63.46,4387.99,243.0,48,0,0,Credit Card,4,No
CUST-12745,45,Female,70,One Year,Fiber Optic,Yes,No,83.1,5662.3,116.0,10,0,1,Credit Card,3,No
CUST-12746,26,Male,55,Two Year,Fiber Optic,Yes,No,53.59,2950.4,109.1,54,1,0,Credit Card,6,No
CUST-12747,43,Male,57,One Year,Fiber Optic,No,No,55.32,3076.95,177.5,22,0,1,Bank Transfer,2,No
CUST-12748,26,Female,16,Two Year,DSL,Yes,No,80.05,1277.29,70.5,7,5,2,Mailed Check,2,No
CUST-12749,32,Male,24,One Year,Fiber Optic,No,Yes,56.71,1402.04,215.7,4,0,1,Mailed Check,1,No
CUST-12750,27,Female,69,Month-to-Month,DSL,Yes,Yes,120.14,8223.57,259.0,24,1,0,Bank Transfer,2,No
CUST-12751,41,Male,41,Month-to-Month,DSL,Yes,No,79.16,3242.12,229.8,34,2,0,Credit Card,4,No
CUST-12752,74,Female,47,Month-to-Month,Fiber Optic,Yes,No,65.62,3059.71,237.9,41,0,0,Bank Transfer,1,No
CUST-12753,59,Male,69,Month-to-Month,Fiber Optic,Yes,No,85.5,5779.6,6.8,47,0,1,Credit Card,1,No
CUST-12754,25,Male,31,One Year,DSL,No,Yes,52.98,1520.51,138.5,54,4,0,Credit Card,2,Yes
CUST-12755,41,Male,30,Month-to-Month,DSL,Yes,No,88.08,2511.21,159.6,14,1,0,Bank Transfer,2,Yes
CUST-12756,33,Male,18,One Year,No,Yes,No,87.38,1579.08,310.9,44,3,0,Mailed Check,5,No
CUST-12757,66,Male,44,One Year,Fiber Optic,Yes,Yes,96.34,4085.6,127.7,49,1,1,Bank Transfer,0,No
CUST-12758,43,Female,27,Month-to-Month,DSL,Yes,Yes,53.98,1400.5,1.0,17,2,0,Bank Transfer,4,No
CUST-12759,44,Male,26,Month-to-Month,Fiber Optic,No,Yes,34.43,907.61,89.6,45,2,0,Credit Card,4,No
CUST-12760,54,Female,60,Month-to-Month,DSL,Yes,Yes,49.75,2688.99,120.5,8,2,0,Mailed Check,7,No
CUST-12761,21,Female,18,Month-to-Month,Fiber Optic,Yes,No,57.96,1045.21,1.0,42,1,0,Bank Transfer,5,No
CUST-12762,67,Female,56,Two Year,DSL,Yes,No,106.68,5815.07,267.2,58,1,0,Bank Transfer,2,No
CUST-12763,41,Male,31,Month-to-Month,Fiber Optic,No,Yes,119.88,3554.68,38.7,13,1,1,Electronic Check,0,No
CUST-12764,36,Male,59,One Year,DSL,Yes,No,73.62,4131.09,220.1,7,3,0,Bank Transfer,1,No
CUST-12765,53,Male,2,Two Year,Fiber Optic,No,No,65.23,120.8,81.7,3,1,0,Electronic Check,4,Yes
CUST-12766,56,Female,39,Two Year,Fiber Optic,Yes,Yes,56.25,,315.6,24,2,0,Credit Card,1,No
CUST-12767,27,Male,61,Two Year,Fiber Optic,Yes,No,85.62,5007.18,155.1,47,4,0,Mailed Check,4,No
CUST-12768,42,Male,63,Month-to-Month,DSL,Yes,No,119.71,7282.43,136.9,24,2,0,Mailed Check,1,No
CUST-12769,35,Female,18,Month-to-Month,Fiber Optic,Yes,No,109.65,1975.37,227.5,7,0,0,Electronic Check,1,Yes
CUST-12770,36,Female,17,Month-to-Month,Fiber Optic,Yes,Yes,93.45,1537.87,89.3,30,1,0,Bank Transfer,4,No
CUST-12771,53,Female,39,Month-to-Month,Fiber Optic,Yes,No,93.08,3700.7,231.8,5,1,0,Credit Card,0,No
CUST-12772,27,Female,71,Two Year,Fiber Optic,Yes,Yes,85.81,,136.6,40,6,0,Electronic Check,6,No
CUST-12773,50,Female,54,One Year,Fiber Optic,Yes,Yes,63.82,3199.66,126.5,21,1,0,Mailed Check,1,No
CUST-12774,72,Female,35,Month-to-Month,Fiber Optic,Yes,Yes,46.59,1535.38,172.1,49,2,0,Credit Card,1,No
CUST-12775,67,Male,11,Month-to-Month,Fiber Optic,Yes,Yes,64.48,646.78,81.9,8,1,0,Credit Card,3,No
CUST-12776,22,Female,61,Month-to-Month,No,Yes,Yes,75.56,4802.09,162.8,7,4,1,Bank Transfer,0,No
CUST-12777,64,Male,44,One Year,DSL,Yes,Yes,28.66,1302.63,210.6,39,4,0,Credit Card,3,Yes
CUST-12778,66,Male,68,One Year,DSL,Yes,No,61.18,3797.13,1.0,2,3,0,Bank Transfer,4,No
CUST-12779,52,Male,25,Two Year,Fiber Optic,No,No,44.35,1093.35,278.2,43,2,0,Mailed Check,1,No
CUST-12780,61,Female,48,Two Year,No,Yes,Yes,90.35,4527.88,253.4,12,5,0,Electronic Check,4,No
CUST-12781,51,Male,32,Month-to-Month,No,Yes,Yes,51.26,1660.12,13.1,28,0,0,Electronic Check,5,No
CUST-12782,50,Female,4,Month-to-Month,Fiber Optic,Yes,No,73.21,285.16,1.0,44,1,1,Mailed Check,6,No
CUST-12783,72,Female,38,Month-to-Month,Fiber Optic,Yes,Yes,47.5,1689.78,255.8,19,2,1,Bank Transfer,3,No
CUST-12784,38,Male,63,Month-to-Month,Fiber Optic,Yes,Yes,104.94,,248.8,28,4,2,Credit Card,2,Yes
CUST-12785,34,Female,47,Two Year,Fiber Optic,Yes,No,22.48,1067.59,236.1,35,1,0,Credit Card,6,No
CUST-12786,39,Male,1,One Year,Fiber Optic,Yes,Yes,76.9,78.21,51.6,12,1,0,Mailed Check,5,No
CUST-12787,65,Male,3,One Year,No,Yes,Yes,33.07,97.16,344.6,28,1,0,Bank Transfer,3,No
CUST-12788,54,Female,62,Month-to-Month,Fiber Optic,Yes,Yes,52.27,2975.46,112.0,59,2,0,Electronic Check,8,Yes
CUST-12789,32,Male,64,Month-to-Month,Fiber Optic,Yes,Yes,70.15,4669.54,201.6,26,1,0,Electronic Check,5,No
CUST-12790,52,Male,17,Month-to-Month,Fiber Optic,No,No,71.38,1245.88,202.7,38,0,2,Electronic Check,6,Yes
CUST-12791,45,Male,62,Month-to-Month,Fiber Optic,No,Yes,70.73,4039.18,323.4,6,2,1,Electronic Check,3,No
CUST-12792,24,Female,35,One Year,Fiber Optic,Yes,No,68.79,2187.37,191.3,19,0,1,Mailed Check,3,Yes
CUST-12793,49,Male,13,Month-to-Month,Fiber Optic,Yes,No,48.95,623.86,217.4,27,2,0,Electronic Check,5,No
CUST-12794,28,Female,35,One Year,DSL,Yes,Yes,60.9,2009.2,173.1,53,1,2,Mailed Check,5,No
CUST-12795,27,Female,43,Two Year,DSL,Yes,Yes,65.79,2666.27,72.3,9,2,1,Mailed Check,0,No
CUST-12796,26,Male,2,Month-to-Month,Fiber Optic,Yes,No,69.88,127.61,1.0,55,2,0,Credit Card,3,Yes
CUST-12797,31,Male,56,One Year,No,Yes,No,63.36,3700.76,182.9,41,2,1,Mailed Check,2,No
CUST-12798,30,Female,51,Month-to-Month,DSL,Yes,Yes,83.24,4349.35,52.9,50,4,0,Credit Card,2,Yes
CUST-12799,74,Female,54,One Year,Fiber Optic,Yes,Yes,67.33,3334.32,211.5,10,3,0,Bank Transfer,2,No
CUST-12800,42,Male,16,One Year,DSL,Yes,No,70.03,1155.76,193.4,10,1,0,Electronic Check,3,No
CUST-12801,19,Male,18,Two Year,DSL,Yes,Yes,55.43,1000.18,191.2,33,2,0,Bank Transfer,4,No
CUST-12802,52,Female,7,Month-to-Month,No,Yes,Yes,38.69,256.97,85.2,18,1,0,Bank Transfer,3,Yes
CUST-12803,24,Female,45,Month-to-Month,No,Yes,Yes,68.85,3193.33,273.3,54,0,2,Credit Card,5,Yes
CUST-12804,38,Female,36,Month-to-Month,DSL,No,Yes,95.19,3391.55,222.7,10,1,1,Credit Card,4,Yes
CUST-12805,35,Female,41,Month-to-Month,Fiber Optic,Yes,Yes,76.1,3205.28,73.6,7,2,1,Credit Card,5,No
CUST-12806,20,Female,42,One Year,DSL,Yes,Yes,44.56,1816.1,366.2,40,1,1,Mailed Check,4,No
CUST-12807,59,Male,7,Two Year,No,Yes,No,85.37,582.71,161.0,32,1,0,Electronic Check,3,No
CUST-12808,71,Female,15,Month-to-Month,DSL,Yes,No,56.62,801.44,59.9,43,3,1,Credit Card,3,Yes
CUST-12809,56,Female,60,Month-to-Month,DSL,Yes,Yes,82.87,4764.13,111.7,54,1,1,Credit Card,3,No
CUST-12810,58,Male,40,Month-to-Month,Fiber Optic,Yes,Yes,55.78,2198.1,44.2,6,1,0,Mailed Check,7,No
CUST-12811,66,Male,37,Month-to-Month,No,Yes,No,73.83,2846.6,302.3,19,1,0,Electronic Check,4,Yes
CUST-12812,28,Female,66,Month-to-Month,DSL,Yes,Yes,52.04,3400.35,277.2,41,2,2,Bank Transfer,4,No
CUST-12813,56,Female,55,Month-to-Month,Fiber Optic,Yes,Yes,52.67,2671.2,246.6,43,2,1,Credit Card,2,No
CUST-12814,41,Male,56,One Year,DSL,Yes,Yes,25.84,1303.85,229.6,34,3,1,Bank Transfer,4,No
CUST-12815,63,Female,44,Month-to-Month,No,Yes,Yes,77.8,3517.85,292.4,43,0,0,Mailed Check,2,Yes
CUST-12816,36,Female,57,Month-to-Month,DSL,Yes,No,74.25,4040.31,158.2,5,3,0,Electronic Check,3,Yes
CUST-12817,21,Male,6,One Year,No,Yes,No,75.66,430.01,218.0,19,1,1,Credit Card,2,No
CUST-12818,43,Female,32,Month-to-Month,Fiber Optic,No,Yes,71.88,2346.42,106.9,49,0,0,Mailed Check,4,Yes
CUST-12819,55,Male,18,One Year,Fiber Optic,Yes,No,45.94,861.49,166.2,50,2,0,Mailed Check,1,No
CUST-12820,59,Male,68,One Year,No,Yes,Yes,89.15,6136.2,220.5,54,0,0,Bank Transfer,4,No
CUST-12821,49,Male,7,One Year,No,Yes,Yes,89.82,582.26,1.0,14,2,0,Mailed Check,6,Yes
CUST-12822,56,Male,8,Month-to-Month,Fiber Optic,Yes,Yes,45.29,347.36,124.2,10,1,0,Mailed Check,6,Yes
CUST-12823,62,Female,64,Month-to-Month,DSL,Yes,No,78.3,5080.9,194.8,49,2,1,Electronic Check,6,No
CUST-12824,63,Male,7,Two Year,Fiber Optic,Yes,Yes,86.87,630.0,173.0,11,0,1,Electronic Check,3,Yes
CUST-12825,53,Female,41,One Year,Fiber Optic,Yes,Yes,53.25,2291.95,139.3,31,2,0,Electronic Check,3,No
CUST-12826,57,Female,40,Month-to-Month,Fiber Optic,Yes,Yes,57.6,2250.4,233.0,2,1,0,Mailed Check,4,No
CUST-12827,54,Female,3,Month-to-Month,Fiber Optic,Yes,Yes,78.35,240.55,116.3,10,1,0,Credit Card,2,No
CUST-12828,50,Female,17,Month-to-Month,DSL,No,No,27.24,420.01,70.0,21,1,0,Electronic Check,3,No
CUST-12829,53,Female,66,Month-to-Month,Fiber Optic,Yes,No,37.79,2351.66,286.5,1,1,0,Credit Card,1,No
CUST-12830,20,Male,52,One Year,Fiber Optic,Yes,No,40.26,2000.83,273.8,46,0,0,Mailed Check,3,No
CUST-12831,26,Male,22,Month-to-Month,DSL,Yes,No,20.09,462.46,126.1,31,2,0,Electronic Check,3,No
CUST-12832,25,Male,4,Month-to-Month,Fiber Optic,Yes,No,92.12,331.82,173.8,11,1,0,Credit Card,1,Yes
CUST-12833,50,Male,6,One Year,Fiber Optic,Yes,Yes,15.3,86.86,256.1,43,0,0,Electronic Check,3,Yes
CUST-12834,23,Female,38,Month-to-Month,Fiber Optic,Yes,Yes,73.58,2906.66,184.0,10,1,1,Electronic Check,1,Yes
CUST-12835,58,Male,26,One Year,DSL,Yes,Yes,85.29,,227.7,20,3,1,Credit Card,4,No
CUST-12836,56,Female,11,One Year,Fiber Optic,Yes,Yes,57.66,592.25,222.8,21,2,0,Credit Card,4,No
CUST-12837,21,Female,17,Month-to-Month,DSL,Yes,Yes,48.29,828.74,151.3,37,3,0,Credit Card,2,No
CUST-12838,30,Male,31,One Year,Fiber Optic,Yes,Yes,70.82,2221.33,226.4,37,2,1,Mailed Check,5,No
CUST-12839,66,Male,35,One Year,Fiber Optic,Yes,Yes,65.05,2210.33,93.2,14,2,0,Bank Transfer,2,No
CUST-12840,19,Male,16,Month-to-Month,Fiber Optic,Yes,No,90.09,,215.5,58,3,0,Bank Transfer,4,Yes
CUST-12841,22,Male,18,Month-to-Month,DSL,Yes,No,15.0,251.21,173.3,57,0,1,Mailed Check,4,No
CUST-12842,61,Female,62,Month-to-Month,Fiber Optic,Yes,Yes,42.03,2702.31,147.5,57,3,0,Credit Card,4,No
CUST-12843,44,Female,27,Two Year,No,No,Yes,79.04,2162.52,67.8,5,2,0,Credit Card,3,No
CUST-12844,49,Male,35,One Year,DSL,Yes,No,66.26,2215.28,191.8,6,1,0,Mailed Check,3,No
CUST-12845,38,Female,45,Month-to-Month,No,Yes,Yes,83.8,3850.33,183.5,24,0,0,Bank Transfer,0,No
CUST-12846,25,Female,35,One Year,Fiber Optic,Yes,Yes,71.55,2303.86,104.4,16,0,1,Mailed Check,3,No
CUST-12847,55,Female,28,Month-to-Month,Fiber Optic,Yes,Yes,61.63,1586.98,36.3,23,1,0,Credit Card,3,No
CUST-12848,25,Male,9,One Year,DSL,Yes,No,57.44,537.38,32.0,47,1,0,Credit Card,3,No
CUST-12849,67,Female,15,One Year,DSL,No,No,123.13,1688.51,157.1,38,2,0,Electronic Check,2,Yes
CUST-12850,20,Male,21,Month-to-Month,No,Yes,No,103.37,1955.02,207.6,52,0,0,Bank Transfer,1,Yes
CUST-12851,71,Male,52,Two Year,Fiber Optic,Yes,Yes,77.39,3856.69,346.5,16,1,0,Credit Card,1,No
CUST-12852,61,Female,35,One Year,DSL,Yes,Yes,66.96,2145.75,175.9,51,0,0,Mailed Check,2,Yes
CUST-12853,20,Female,51,One Year,Fiber Optic,Yes,Yes,78.45,4118.8,33.7,52,3,0,Mailed Check,3,No
CUST-12854,39,Male,55,Month-to-Month,DSL,Yes,No,85.67,4892.8,161.4,13,5,2,Bank Transfer,0,No
CUST-12855,23,Female,44,Two Year,Fiber Optic,No,No,75.47,3228.91,292.6,51,1,1,Mailed Check,3,No
CUST-12856,19,Female,65,Two Year,Fiber Optic,Yes,Yes,46.22,2895.61,118.5,45,0,0,Bank Transfer,5,No
CUST-12857,40,Male,25,Month-to-Month,No,No,No,109.61,2687.79,280.7,8,2,1,Mailed Check,1,No
CUST-12858,61,Male,47,Month-to-Month,Fiber Optic,Yes,Yes,71.16,3123.54,195.8,38,0,1,Mailed Check,5,No
CUST-12859,19,Male,56,Month-to-Month,DSL,Yes,No,115.35,6102.35,238.2,32,5,1,Credit Card,2,No
CUST-12860,55,Male,38,One Year,Fiber Optic,Yes,No,69.68,2423.16,347.3,22,0,0,Bank Transfer,1,No
CUST-12861,34,Female,11,One Year,Fiber Optic,No,Yes,58.86,626.07,14.6,17,3,0,Credit Card,6,No
CUST-12862,52,Female,67,Month-to-Month,Fiber Optic,Yes,No,99.6,6618.17,260.7,5,4,0,Bank Transfer,2,Yes
CUST-12863,51,Male,15,Two Year,No,Yes,Yes,72.53,1130.96,171.5,8,1,2,Credit Card,2,No
CUST-12864,40,Male,1,Month-to-Month,Fiber Optic,Yes,Yes,68.34,69.08,94.6,59,1,0,Credit Card,1,Yes
CUST-12865,47,Male,7,One Year,DSL,Yes,No,34.99,247.0,170.9,50,3,1,Electronic Check,5,No
CUST-12866,69,Female,1,Month-to-Month,No,Yes,No,81.51,77.12,332.2,30,2,0,Credit Card,3,No
CUST-12867,25,Male,49,Month-to-Month,DSL,Yes,Yes,52.67,2666.63,300.1,19,2,0,Credit Card,3,No
CUST-12868,39,Female,29,Month-to-Month,DSL,Yes,No,53.81,1626.1,1.0,12,0,0,Mailed Check,5,No
CUST-12869,61,Male,26,Month-to-Month,Fiber Optic,Yes,No,52.74,1425.87,110.7,25,0,0,Mailed Check,1,No
CUST-12870,53,Male,45,One Year,No,No,Yes,75.98,3097.09,264.9,44,0,1,Bank Transfer,1,Yes
CUST-12871,22,Male,71,One Year,Fiber Optic,No,Yes,26.62,1872.35,178.0,13,2,0,Electronic Check,3,No
CUST-12872,30,Female,12,Month-to-Month,DSL,Yes,No,59.73,714.24,178.4,4,1,0,Bank Transfer,5,Yes
CUST-12873,46,Female,32,Month-to-Month,Fiber Optic,Yes,Yes,89.51,2704.66,38.9,59,1,1,Mailed Check,4,Yes
CUST-12874,48,Female,20,Month-to-Month,DSL,Yes,No,33.86,710.29,112.9,10,2,0,Bank Transfer,0,Yes
CUST-12875,64,Male,51,One Year,DSL,Yes,Yes,69.32,3336.2,57.8,48,2,1,Mailed Check,6,No
CUST-12876,74,Female,36,One Year,DSL,Yes,Yes,49.22,1652.3,31.2,28,1,0,Mailed Check,2,No
CUST-12877,72,Female,67,Month-to-Month,Fiber Optic,Yes,Yes,54.91,3578.25,66.8,5,3,2,Bank Transfer,3,No
CUST-12878,33,Male,1,One Year,No,Yes,No,106.38,100.9,96.5,28,1,1,Mailed Check,3,No
CUST-12879,59,Male,27,Month-to-Month,DSL,Yes,No,23.74,665.72,111.5,44,4,0,Mailed Check,4,Yes
CUST-12880,47,Female,40,Two Year,DSL,Yes,Yes,84.14,3251.21,104.2,31,1,1,Electronic Check,2,Yes
CUST-12881,74,Female,14,Two Year,No,Yes,Yes,53.05,714.12,271.8,16,2,1,Electronic Check,3,No
CUST-12882,72,Female,69,One Year,Fiber Optic,Yes,No,51.81,3553.01,98.4,59,0,0,Mailed Check,3,No
CUST-12883,33,Female,6,Two Year,No,Yes,Yes,37.21,203.65,308.4,23,1,0,Mailed Check,2,No
CUST-12884,29,Male,33,Two Year,DSL,Yes,Yes,83.85,2804.43,136.4,29,1,0,Credit Card,5,No
CUST-12885,34,Male,55,Two Year,DSL,Yes,Yes,60.21,3362.08,219.5,47,0,1,Credit Card,3,No
CUST-12886,33,Male,19,One Year,Fiber Optic,Yes,Yes,57.06,1052.81,222.4,21,0,0,Mailed Check,7,No
CUST-12887,29,Female,29,Month-to-Month,Fiber Optic,Yes,Yes,67.75,2049.93,99.2,2,1,0,Electronic Check,6,Yes
CUST-12888,25,Female,61,Month-to-Month,Fiber Optic,Yes,Yes,60.74,3656.61,150.5,23,3,1,Mailed Check,4,No
CUST-12889,37,Male,70,Month-to-Month,Fiber Optic,Yes,Yes,15.0,1054.5,134.7,16,0,0,Electronic Check,2,No
CUST-12890,20,Male,24,One Year,DSL,Yes,No,52.73,1314.43,213.5,11,1,0,Electronic Check,0,No
CUST-12891,33,Female,23,Month-to-Month,Fiber Optic,Yes,Yes,87.39,,168.4,54,0,0,Credit Card,2,Yes
CUST-12892,47,Female,10,Month-to-Month,Fiber Optic,Yes,No,27.33,263.67,112.6,59,3,1,Mailed Check,3,Yes
CUST-12893,62,Male,54,Month-to-Month,Fiber Optic,Yes,No,37.75,1842.22,190.7,9,2,0,Electronic Check,2,No
CUST-12894,40,Male,41,Month-to-Month,Fiber Optic,Yes,Yes,54.33,2248.12,210.6,2,1,0,Mailed Check,0,No
CUST-12895,45,Male,49,One Year,Fiber Optic,Yes,No,46.86,2398.85,346.5,18,2,0,Bank Transfer,0,No
CUST-12896,68,Female,17,Two Year,DSL,Yes,Yes,64.3,1060.89,186.1,13,3,1,Bank Transfer,1,No
CUST-12897,57,Female,56,One Year,DSL,Yes,Yes,37.67,2006.08,180.9,45,1,0,Credit Card,0,No
CUST-12898,71,Female,45,One Year,Fiber Optic,Yes,No,55.3,2433.48,218.6,8,0,0,Bank Transfer,3,No
CUST-12899,22,Female,30,One Year,DSL,Yes,No,63.8,1931.73,94.6,10,2,0,Bank Transfer,4,No
CUST-12900,37,Female,44,Month-to-Month,Fiber Optic,Yes,No,81.22,3216.68,24.7,27,2,2,Mailed Check,2,Yes
CUST-12901,57,Female,55,Month-to-Month,No,Yes,No,96.12,,151.9,17,2,0,Credit Card,4,Yes
CUST-12902,73,Male,19,Two Year,Fiber Optic,Yes,Yes,58.46,1147.34,276.5,24,0,0,Credit Card,2,No
CUST-12903,61,Male,29,Month-to-Month,DSL,Yes,Yes,112.2,3192.61,291.0,21,7,0,Bank Transfer,6,Yes
CUST-12904,18,Female,2,Month-to-Month,No,Yes,Yes,60.4,110.94,10.9,1,2,0,Mailed Check,7,Yes
CUST-12905,74,Male,36,One Year,DSL,Yes,No,85.72,3088.3,239.9,16,1,1,Mailed Check,3,Yes
CUST-12906,47,Female,19,Month-to-Month,DSL,Yes,No,113.29,1981.77,1.0,58,1,0,Credit Card,7,Yes
CUST-12907,38,Male,7,Month-to-Month,Fiber Optic,Yes,No,68.48,467.92,221.3,43,1,0,Mailed Check,3,No
CUST-12908,37,Female,26,Month-to-Month,Fiber Optic,Yes,Yes,30.66,728.64,215.9,33,4,1,Mailed Check,2,Yes
CUST-12909,23,Male,38,Month-to-Month,DSL,No,Yes,67.27,2526.5,24.8,6,2,0,Credit Card,1,No
CUST-12910,39,Male,3,Month-to-Month,Fiber Optic,Yes,No,49.71,141.33,270.0,12,1,0,Mailed Check,4,Yes
CUST-12911,35,Female,66,Month-to-Month,Fiber Optic,Yes,No,58.14,3931.82,336.9,32,3,1,Electronic Check,2,No
CUST-12912,25,Female,71,One Year,DSL,No,Yes,114.62,8300.71,174.4,48,2,0,Credit Card,5,No
CUST-12913,56,Male,43,Two Year,DSL,Yes,Yes,34.43,1554.18,192.7,58,5,0,Bank Transfer,3,No
CUST-12914,49,Male,62,Month-to-Month,Fiber Optic,Yes,Yes,72.51,4219.7,313.1,11,0,1,Electronic Check,3,No
CUST-12915,50,Female,71,Two Year,Fiber Optic,No,Yes,43.06,2779.88,78.6,18,2,0,Electronic Check,6,No
CUST-12916,70,Male,24,Month-to-Month,DSL,Yes,No,57.31,1329.29,80.9,2,2,1,Credit Card,5,No
CUST-12917,33,Female,39,Month-to-Month,DSL,Yes,Yes,83.62,2975.86,104.5,32,1,0,Bank Transfer,1,Yes
CUST-12918,29,Female,68,Month-to-Month,Fiber Optic,Yes,No,72.95,4597.36,183.3,49,2,0,Credit Card,2,No
CUST-12919,55,Male,44,One Year,No,No,Yes,59.37,2585.1,183.1,49,1,1,Mailed Check,1,No
CUST-12920,69,Female,5,Month-to-Month,DSL,Yes,Yes,48.75,241.02,130.2,20,0,0,Credit Card,3,Yes
CUST-12921,51,Male,55,One Year,Fiber Optic,Yes,Yes,72.9,3634.61,153.0,21,2,0,Mailed Check,3,No
CUST-12922,31,Male,30,One Year,DSL,No,No,107.69,3122.26,131.4,36,3,0,Bank Transfer,2,No
CUST-12923,53,Female,29,Month-to-Month,DSL,Yes,No,42.47,1206.42,135.7,38,1,0,Credit Card,2,No
CUST-12924,50,Male,26,One Year,DSL,Yes,Yes,112.79,2757.18,110.8,56,0,0,Bank Transfer,6,Yes
CUST-12925,40,Female,26,Two Year,Fiber Optic,Yes,Yes,94.99,2545.82,111.6,27,1,0,Bank Transfer,7,No
CUST-12926,67,Female,37,Month-to-Month,Fiber Optic,Yes,Yes,99.23,3393.08,1.0,47,2,1,Electronic Check,2,No
CUST-12927,62,Female,53,Month-to-Month,No,Yes,Yes,72.71,3615.03,159.9,11,4,0,Credit Card,3,Yes
CUST-12928,19,Male,30,One Year,Fiber Optic,Yes,No,94.28,2612.17,4.0,18,1,0,Credit Card,5,No
CUST-12929,58,Female,3,One Year,No,Yes,No,39.78,109.49,247.6,17,2,0,Electronic Check,2,No
CUST-12930,38,Male,43,Month-to-Month,DSL,No,Yes,48.3,2143.04,129.6,34,1,1,Bank Transfer,1,No
CUST-12931,19,Female,7,Month-to-Month,DSL,Yes,No,84.15,554.7,169.3,45,2,1,Credit Card,4,Yes
CUST-12932,44,Female,49,Month-to-Month,No,Yes,No,72.4,3577.32,146.4,26,1,0,Bank Transfer,5,No
CUST-12933,74,Female,41,Month-to-Month,Fiber Optic,No,Yes,61.29,2422.92,158.0,59,1,0,Bank Transfer,5,No
CUST-12934,26,Male,54,Month-to-Month,No,Yes,Yes,15.0,806.26,293.7,6,2,0,Credit Card,4,Yes
CUST-12935,18,Male,69,Two Year,DSL,Yes,No,54.11,3880.05,58.4,43,1,1,Bank Transfer,1,No
CUST-12936,28,Female,27,One Year,Fiber Optic,Yes,No,35.65,988.24,33.9,30,0,1,Electronic Check,3,No
CUST-12937,20,Female,8,Month-to-Month,Fiber Optic,Yes,Yes,77.34,563.25,190.7,52,1,0,Bank Transfer,3,Yes
CUST-12938,69,Male,32,One Year,DSL,Yes,No,60.22,1978.65,135.4,39,0,2,Bank Transfer,4,No
CUST-12939,40,Male,64,Two Year,Fiber Optic,Yes,Yes,49.29,3052.9,212.4,50,1,0,Credit Card,1,No
CUST-12940,43,Male,10,Month-to-Month,Fiber Optic,Yes,No,131.07,1248.47,244.5,32,2,2,Bank Transfer,1,Yes
CUST-12941,21,Female,13,Month-to-Month,DSL,Yes,No,90.95,1183.36,80.4,17,2,0,Bank Transfer,2,No
CUST-12942,35,Male,63,Month-to-Month,DSL,Yes,No,91.4,6003.1,234.3,13,1,0,Credit Card,5,No
CUST-12943,72,Female,35,One Year,DSL,Yes,No,120.06,3841.23,88.0,53,0,0,Mailed Check,1,Yes
CUST-12944,23,Male,61,Month-to-Month,DSL,Yes,Yes,85.05,5266.97,186.7,46,0,0,Mailed Check,3,No
CUST-12945,52,Female,54,Two Year,Fiber Optic,No,No,45.73,2297.86,68.7,41,3,0,Bank Transfer,8,No
CUST-12946,39,Female,8,Month-to-Month,DSL,Yes,No,42.8,327.68,191.9,13,2,0,Electronic Check,4,Yes
CUST-12947,60,Female,29,Month-to-Month,DSL,No,Yes,89.12,2664.79,178.1,6,2,0,Credit Card,3,No
CUST-12948,32,Male,41,Month-to-Month,No,Yes,No,15.0,603.85,80.7,22,2,1,Credit Card,2,Yes
CUST-12949,39,Male,30,Month-to-Month,Fiber Optic,Yes,No,63.06,1721.76,57.7,33,1,0,Mailed Check,2,Yes
CUST-12950,54,Male,21,One Year,Fiber Optic,Yes,Yes,15.0,307.51,247.6,33,2,0,Electronic Check,2,No
CUST-12951,69,Female,11,Two Year,Fiber Optic,Yes,Yes,67.47,755.86,139.2,4,2,0,Mailed Check,3,No
CUST-12952,59,Female,2,Month-to-Month,No,Yes,No,86.35,169.13,271.1,14,2,0,Mailed Check,6,Yes
CUST-12953,29,Male,50,Two Year,DSL,No,No,71.99,3329.66,131.1,50,2,0,Bank Transfer,1,No
CUST-12954,64,Female,41,Two Year,Fiber Optic,Yes,No,88.45,3505.89,297.2,48,3,1,Credit Card,2,No
CUST-12955,66,Female,66,Month-to-Month,Fiber Optic,Yes,No,114.12,7823.04,94.6,35,1,0,Bank Transfer,5,No
CUST-12956,59,Female,3,One Year,DSL,Yes,No,61.41,184.0,312.5,27,3,1,Bank Transfer,1,No
CUST-12957,55,Male,51,Month-to-Month,Fiber Optic,Yes,No,135.19,6960.07,195.7,6,1,0,Electronic Check,3,Yes
CUST-12958,35,Female,68,One Year,No,Yes,Yes,70.32,4867.31,216.0,58,1,0,Credit Card,4,No
CUST-12959,62,Male,25,Month-to-Month,No,Yes,No,88.73,2026.6,89.6,1,1,0,Electronic Check,3,No
CUST-12960,52,Male,30,One Year,DSL,Yes,Yes,49.72,1472.55,245.6,43,3,0,Electronic Check,2,No
CUST-12961,47,Male,11,Month-to-Month,DSL,Yes,Yes,105.48,1109.68,248.8,28,0,1,Bank Transfer,3,Yes
CUST-12962,41,Male,17,Two Year,No,No,Yes,91.04,1425.22,150.8,29,2,0,Mailed Check,4,No
CUST-12963,59,Male,26,Two Year,Fiber Optic,Yes,Yes,101.79,2462.36,1.0,32,1,0,Credit Card,3,No
CUST-12964,47,Female,23,Month-to-Month,DSL,Yes,Yes,66.36,1552.49,79.8,28,2,0,Mailed Check,2,No
CUST-12965,31,Male,56,Month-to-Month,Fiber Optic,Yes,Yes,33.61,1739.54,79.8,27,1,1,Credit Card,0,No
CUST-12966,23,Male,52,Month-to-Month,DSL,Yes,Yes,76.51,3767.11,220.4,10,3,0,Mailed Check,4,Yes
CUST-12967,20,Male,48,One Year,DSL,Yes,Yes,22.57,1021.32,138.1,18,0,0,Bank Transfer,0,No
CUST-12968,33,Female,20,Month-to-Month,No,Yes,Yes,56.6,1027.06,139.9,4,1,0,Credit Card,2,Yes
CUST-12969,24,Female,2,One Year,DSL,Yes,No,69.78,135.28,129.0,38,2,0,Mailed Check,3,No
CUST-12970,69,Female,31,Month-to-Month,DSL,Yes,No,124.43,3914.76,312.2,51,0,0,Mailed Check,4,Yes
CUST-12971,31,Female,27,Month-to-Month,DSL,Yes,No,72.96,1779.47,184.1,41,2,1,Credit Card,5,No
CUST-12972,26,Male,2,Month-to-Month,Fiber Optic,Yes,Yes,68.49,125.59,197.8,42,1,2,Electronic Check,2,No
CUST-12973,32,Male,4,Month-to-Month,DSL,Yes,No,63.42,255.72,124.3,52,3,0,Electronic Check,1,Yes
CUST-12974,38,Female,13,One Year,Fiber Optic,Yes,Yes,31.45,404.37,177.3,55,4,0,Credit Card,0,No
CUST-12975,52,Female,35,Two Year,Fiber Optic,Yes,Yes,67.15,2367.38,92.2,32,2,0,Bank Transfer,5,No
CUST-12976,19,Female,66,Month-to-Month,No,Yes,No,67.57,4167.58,210.9,59,0,0,Credit Card,1,No
CUST-12977,44,Female,6,Month-to-Month,DSL,No,No,40.78,249.71,76.8,5,2,0,Credit Card,3,Yes
CUST-12978,19,Male,31,Month-to-Month,No,Yes,No,35.33,1064.54,247.0,22,4,0,Mailed Check,4,Yes
CUST-12979,52,Female,10,One Year,DSL,Yes,No,52.96,525.12,113.9,57,2,0,Bank Transfer,2,No
CUST-12980,35,Female,21,Month-to-Month,Fiber Optic,Yes,Yes,66.62,1278.46,265.4,48,1,0,Electronic Check,0,Yes
CUST-12981,31,Female,23,One Year,Fiber Optic,Yes,No,53.56,1146.58,351.7,57,1,0,Mailed Check,3,No
CUST-12982,37,Female,3,Two Year,DSL,Yes,No,38.73,118.05,180.1,22,1,1,Mailed Check,1,No
CUST-12983,35,Female,32,Month-to-Month,Fiber Optic,No,No,72.23,2157.85,298.0,2,2,1,Electronic Check,3,Yes
CUST-12984,27,Female,20,One Year,DSL,Yes,No,78.47,1434.24,247.6,41,0,0,Mailed Check,2,Yes
CUST-12985,42,Female,29,Month-to-Month,DSL,Yes,Yes,68.03,1952.31,51.0,43,0,0,Bank Transfer,4,No
CUST-12986,19,Male,52,Month-to-Month,Fiber Optic,Yes,Yes,50.93,2601.19,190.0,34,1,0,Mailed Check,3,No
CUST-12987,42,Male,46,Month-to-Month,Fiber Optic,Yes,Yes,79.87,3641.63,225.1,50,1,0,Electronic Check,7,Yes
CUST-12988,71,Male,34,Month-to-Month,DSL,Yes,Yes,60.24,2033.3,233.8,2,6,0,Electronic Check,3,Yes
CUST-12989,50,Male,61,Month-to-Month,DSL,Yes,Yes,35.27,2097.75,196.0,46,2,0,Bank Transfer,3,No
CUST-12990,53,Male,71,Month-to-Month,DSL,Yes,Yes,90.91,6287.22,194.9,55,0,1,Bank Transfer,8,No
CUST-12991,48,Male,70,Month-to-Month,Fiber Optic,Yes,No,73.84,5368.44,180.5,59,2,0,Credit Card,2,No
CUST-12992,31,Female,11,Month-to-Month,Fiber Optic,Yes,No,62.02,,192.0,36,1,0,Credit Card,4,Yes
CUST-12993,18,Female,63,One Year,DSL,Yes,No,25.72,1608.36,69.9,40,2,0,Electronic Check,6,No
CUST-12994,63,Male,21,Two Year,DSL,Yes,Yes,46.38,915.59,158.7,8,2,0,Bank Transfer,6,No
CUST-12995,33,Female,3,Month-to-Month,Fiber Optic,Yes,Yes,115.46,357.0,49.2,33,3,1,Electronic Check,6,Yes
CUST-12996,71,Male,10,Month-to-Month,Fiber Optic,Yes,No,27.29,246.61,135.2,33,1,0,Bank Transfer,2,Yes
CUST-12997,63,Female,27,Month-to-Month,Fiber Optic,Yes,Yes,58.72,1559.41,126.8,4,0,0,Electronic Check,5,Yes
CUST-12998,69,Female,12,Two Year,No,No,No,64.59,742.2,121.1,18,2,0,Bank Transfer,6,No
CUST-12999,20,Female,7,One Year,DSL,Yes,No,73.01,506.26,85.3,19,2,0,Bank Transfer,5,Yes
CUST-13000,52,Female,17,Month-to-Month,No,Yes,Yes,27.57,447.14,204.2,10,5,1,Credit Card,3,No
CUST-13001,58,Female,65,Month-to-Month,DSL,Yes,No,69.35,4542.25,151.4,50,2,0,Credit Card,3,No
CUST-13002,23,Female,64,Month-to-Month,No,Yes,Yes,22.85,1320.62,142.2,42,3,0,Credit Card,5,No
CUST-13003,42,Male,26,Month-to-Month,DSL,Yes,No,67.44,1684.85,53.3,41,2,0,Bank Transfer,3,Yes
CUST-13004,30,Male,15,Two Year,Fiber Optic,Yes,Yes,48.69,748.38,153.2,30,1,2,Bank Transfer,1,No
CUST-13005,70,Female,33,Two Year,Fiber Optic,Yes,Yes,43.35,1341.18,283.1,22,1,0,Credit Card,3,No
CUST-13006,51,Male,62,Month-to-Month,Fiber Optic,Yes,No,85.87,4833.67,284.5,39,1,0,Credit Card,1,No
CUST-13007,25,Female,47,Month-to-Month,No,Yes,No,59.11,2707.27,213.6,38,3,0,Mailed Check,2,Yes
CUST-13008,38,Male,35,Month-to-Month,Fiber Optic,Yes,No,76.84,2814.4,153.4,1,1,0,Electronic Check,2,Yes
CUST-13009,51,Female,65,Month-to-Month,No,Yes,Yes,77.67,4592.28,230.3,30,0,0,Credit Card,2,No
CUST-13010,21,Male,25,Two Year,Fiber Optic,Yes,No,96.75,2202.29,119.9,5,1,0,Electronic Check,3,No
CUST-13011,42,Female,57,Month-to-Month,Fiber Optic,Yes,No,34.79,1961.75,153.1,51,3,0,Mailed Check,2,No
CUST-13012,32,Male,32,Month-to-Month,DSL,Yes,No,87.98,2639.43,113.2,47,1,0,Bank Transfer,2,No
CUST-13013,21,Female,63,Month-to-Month,No,Yes,No,65.41,3962.32,261.8,26,4,1,Bank Transfer,3,No
CUST-13014,62,Male,12,Two Year,Fiber Optic,Yes,No,55.55,682.98,250.2,56,0,2,Electronic Check,0,No
CUST-13015,29,Female,63,One Year,Fiber Optic,Yes,No,36.27,2124.66,176.9,46,2,0,Electronic Check,1,No
CUST-13016,49,Female,1,Month-to-Month,Fiber Optic,Yes,No,80.16,80.79,335.8,31,2,0,Electronic Check,5,Yes
CUST-13017,49,Female,51,Month-to-Month,Fiber Optic,Yes,Yes,41.94,2086.91,217.1,39,2,1,Mailed Check,6,No
CUST-13018,45,Male,70,Month-to-Month,No,Yes,Yes,77.95,5651.54,212.1,41,3,0,Electronic Check,3,Yes
CUST-13019,30,Male,8,Two Year,DSL,Yes,No,113.2,947.21,202.4,12,5,0,Credit Card,1,Yes
CUST-13020,48,Male,68,Month-to-Month,DSL,Yes,No,89.5,5920.12,66.4,17,2,0,Credit Card,2,No
CUST-13021,31,Female,5,Month-to-Month,DSL,Yes,No,99.79,492.81,99.5,18,1,2,Mailed Check,2,Yes
CUST-13022,37,Male,39,Month-to-Month,Fiber Optic,Yes,Yes,47.02,1855.56,175.1,2,2,1,Mailed Check,8,No
CUST-13023,35,Female,23,One Year,DSL,Yes,Yes,84.07,1832.68,175.8,49,1,0,Electronic Check,1,No
CUST-13024,46,Male,68,Month-to-Month,DSL,Yes,Yes,36.39,2311.23,233.1,24,2,0,Electronic Check,4,No
CUST-13025,23,Male,52,Month-to-Month,DSL,Yes,Yes,59.16,3213.84,119.9,28,3,1,Electronic Check,2,No
CUST-13026,49,Male,4,One Year,Fiber Optic,Yes,Yes,108.53,418.88,186.4,52,0,0,Bank Transfer,1,No
CUST-13027,46,Male,47,One Year,Fiber Optic,Yes,No,49.8,2107.1,188.0,39,2,1,Bank Transfer,4,No
CUST-13028,60,Female,21,One Year,DSL,Yes,Yes,92.78,1998.37,191.5,10,1,0,Credit Card,5,No
CUST-13029,19,Male,56,Two Year,No,Yes,No,90.39,5010.97,181.5,47,2,0,Bank Transfer,2,No
CUST-13030,40,Male,66,Month-to-Month,No,Yes,Yes,91.87,5610.38,53.7,33,0,0,Electronic Check,3,Yes
CUST-13031,36,Female,59,Month-to-Month,DSL,Yes,No,33.32,1778.18,1.0,24,1,0,Mailed Check,6,Yes
CUST-13032,48,Female,7,Two Year,Fiber Optic,Yes,No,78.13,516.13,95.2,11,1,0,Mailed Check,4,No
CUST-13033,68,Male,49,Month-to-Month,Fiber Optic,Yes,Yes,61.09,3110.7,132.2,8,1,1,Credit Card,3,No
CUST-13034,22,Male,16,One Year,DSL,Yes,No,92.21,1534.41,73.9,27,0,0,Bank Transfer,3,No
CUST-13035,36,Female,17,One Year,DSL,Yes,No,23.62,380.12,175.0,26,3,0,Mailed Check,4,No
CUST-13036,51,Female,34,Month-to-Month,Fiber Optic,Yes,Yes,74.19,2586.5,278.1,12,1,0,Bank Transfer,2,No
CUST-13037,27,Female,33,Month-to-Month,Fiber Optic,No,No,70.66,2253.14,245.3,35,2,0,Mailed Check,5,No
CUST-13038,42,Male,26,One Year,DSL,Yes,Yes,15.25,395.77,222.0,57,0,0,Electronic Check,5,No
CUST-13039,19,Male,66,Two Year,No,Yes,No,42.86,2687.79,268.7,15,2,1,Electronic Check,5,No
CUST-13040,28,Male,63,One Year,Fiber Optic,Yes,No,19.25,1185.34,96.8,21,0,1,Mailed Check,4,No
CUST-13041,67,Female,41,Month-to-Month,Fiber Optic,Yes,No,46.84,1813.02,138.9,37,2,0,Bank Transfer,10,No
CUST-13042,48,Female,58,Month-to-Month,DSL,No,Yes,78.73,4151.57,235.3,30,2,1,Electronic Check,3,Yes
CUST-13043,73,Female,10,Month-to-Month,Fiber Optic,Yes,Yes,69.88,643.53,137.3,5,0,1,Mailed Check,4,Yes
CUST-13044,32,Male,15,Month-to-Month,DSL,Yes,Yes,69.24,980.02,142.2,17,1,1,Bank Transfer,3,Yes
CUST-13045,26,Female,42,Month-to-Month,Fiber Optic,Yes,Yes,39.01,1714.51,347.6,26,0,1,Mailed Check,3,No
CUST-13046,40,Male,57,Two Year,Fiber Optic,Yes,Yes,93.01,,188.6,34,0,0,Bank Transfer,7,No
CUST-13047,36,Female,17,One Year,Fiber Optic,Yes,Yes,64.53,1123.5,338.7,33,0,0,Mailed Check,2,No
CUST-13048,26,Male,60,One Year,Fiber Optic,Yes,No,65.84,3693.13,15.9,18,2,0,Mailed Check,3,No
CUST-13049,52,Male,9,Month-to-Month,Fiber Optic,Yes,No,88.51,769.7,123.2,25,3,1,Electronic Check,2,Yes
CUST-13050,38,Female,36,Month-to-Month,No,Yes,Yes,40.22,1398.64,216.8,41,2,0,Credit Card,2,No
CUST-13051,26,Male,36,Two Year,Fiber Optic,Yes,Yes,70.71,2438.76,188.4,30,1,0,Bank Transfer,3,No
CUST-13052,45,Female,48,Month-to-Month,DSL,Yes,Yes,75.59,,1.0,37,1,0,Electronic Check,4,No
CUST-13053,63,Male,51,Month-to-Month,Fiber Optic,Yes,Yes,51.36,2567.44,159.3,20,1,0,Electronic Check,2,No
CUST-13054,68,Female,70,Month-to-Month,DSL,Yes,Yes,81.31,5184.69,402.6,45,2,0,Credit Card,3,No
CUST-13055,24,Female,68,Two Year,No,Yes,Yes,76.93,5337.37,202.2,2,0,2,Electronic Check,4,No
CUST-13056,33,Male,22,Two Year,Fiber Optic,Yes,No,62.47,1379.42,234.4,54,1,0,Mailed Check,2,No
CUST-13057,33,Female,6,Month-to-Month,Fiber Optic,Yes,No,61.7,352.77,122.0,13,1,0,Credit Card,2,No
CUST-13058,50,Male,26,Two Year,DSL,Yes,Yes,78.09,2024.39,201.9,57,1,0,Mailed Check,5,No
CUST-13059,21,Female,3,Month-to-Month,Fiber Optic,Yes,No,84.71,237.6,178.9,40,2,0,Electronic Check,3,Yes
CUST-13060,21,Female,52,Month-to-Month,No,No,Yes,66.57,3253.21,280.7,42,0,1,Bank Transfer,4,No
CUST-13061,56,Female,60,Two Year,DSL,No,No,93.0,5284.93,277.8,20,2,0,Mailed Check,4,No
CUST-13062,57,Female,63,Two Year,Fiber Optic,Yes,Yes,81.46,5232.32,216.7,6,5,2,Electronic Check,3,No
CUST-13063,34,Male,65,One Year,No,Yes,Yes,20.29,1228.65,186.4,11,1,0,Credit Card,1,No
CUST-13064,54,Female,52,One Year,Fiber Optic,Yes,Yes,29.88,1529.55,28.9,46,1,0,Mailed Check,4,No
CUST-13065,56,Female,14,Two Year,Fiber Optic,No,Yes,94.56,1231.26,25.7,25,3,0,Electronic Check,2,No
CUST-13066,69,Male,68,One Year,Fiber Optic,Yes,No,58.83,3771.44,187.4,42,1,0,Mailed Check,2,No
CUST-13067,46,Male,28,Two Year,Fiber Optic,Yes,No,69.1,1809.66,258.7,10,0,0,Electronic Check,1,No
CUST-13068,69,Male,71,One Year,DSL,Yes,No,93.48,6615.51,299.9,31,2,2,Credit Card,1,No
CUST-13069,53,Male,10,Two Year,DSL,Yes,Yes,64.84,634.79,99.9,43,3,1,Bank Transfer,0,No
CUST-13070,55,Male,57,Two Year,Fiber Optic,Yes,No,65.93,3788.81,44.2,4,0,0,Bank Transfer,3,No
CUST-13071,56,Male,66,Month-to-Month,No,Yes,No,43.28,2665.07,264.0,25,1,0,Bank Transfer,4,No
CUST-13072,67,Female,50,Two Year,DSL,Yes,No,74.25,3346.34,106.7,28,1,0,Credit Card,3,No
CUST-13073,54,Male,14,Month-to-Month,DSL,Yes,No,79.66,1117.56,38.1,24,1,0,Bank Transfer,4,No
CUST-13074,69,Female,16,Month-to-Month,Fiber Optic,No,No,50.55,741.85,135.6,35,3,0,Credit Card,2,No
CUST-13075,52,Male,54,One Year,No,No,No,41.95,2122.46,134.0,41,3,0,Bank Transfer,2,No
CUST-13076,24,Female,43,Month-to-Month,DSL,Yes,No,130.66,5314.16,298.8,5,2,2,Electronic Check,3,Yes
CUST-13077,44,Female,42,Month-to-Month,No,Yes,Yes,62.68,2664.2,257.9,33,0,0,Credit Card,2,No
CUST-13078,45,Female,22,Two Year,DSL,Yes,Yes,47.91,1047.57,113.6,11,3,0,Mailed Check,4,No
CUST-13079,39,Male,68,Month-to-Month,No,Yes,No,82.66,5214.15,305.8,8,2,0,Credit Card,1,No
CUST-13080,31,Male,19,Month-to-Month,Fiber Optic,Yes,No,63.73,1198.38,191.3,21,2,1,Electronic Check,1,Yes
CUST-13081,24,Male,66,Two Year,Fiber Optic,Yes,Yes,37.86,2514.31,275.5,32,1,0,Bank Transfer,4,No
CUST-13082,54,Male,39,Month-to-Month,Fiber Optic,Yes,No,77.08,2880.87,299.4,5,2,0,Electronic Check,1,Yes
CUST-13083,39,Female,19,Month-to-Month,Fiber Optic,Yes,Yes,43.67,777.37,156.4,34,0,0,Electronic Check,6,Yes
CUST-13084,22,Male,16,Month-to-Month,DSL,Yes,Yes,104.41,1673.65,231.4,9,2,1,Electronic Check,3,Yes
CUST-13085,72,Female,54,Month-to-Month,DSL,Yes,Yes,77.36,4142.49,143.4,38,2,1,Electronic Check,2,No
CUST-13086,19,Female,25,One Year,Fiber Optic,Yes,No,58.08,1323.77,263.7,43,0,0,Bank Transfer,1,No
CUST-13087,44,Male,18,Two Year,No,Yes,Yes,67.73,1219.14,188.1,32,0,0,Electronic Check,2,No
CUST-13088,38,Male,23,Month-to-Month,Fiber Optic,Yes,Yes,87.58,1960.51,266.4,10,2,1,Electronic Check,2,No
CUST-13089,71,Male,11,Two Year,Fiber Optic,Yes,Yes,69.65,776.11,317.2,12,1,1,Credit Card,1,No
CUST-13090,55,Female,39,Month-to-Month,Fiber Optic,Yes,No,118.05,4275.26,229.3,35,2,0,Electronic Check,2,No
CUST-13091,32,Male,68,Month-to-Month,DSL,No,No,93.4,5962.08,171.6,39,2,0,Bank Transfer,3,No
CUST-13092,38,Female,25,One Year,No,Yes,Yes,77.19,,173.1,18,4,0,Credit Card,5,No
CUST-13093,27,Male,63,One Year,Fiber Optic,Yes,No,41.58,2546.87,1.0,23,3,1,Credit Card,0,No
CUST-13094,40,Female,30,One Year,Fiber Optic,Yes,No,61.33,1762.54,115.8,12,0,0,Electronic Check,2,No
CUST-13095,73,Male,45,Month-to-Month,Fiber Optic,Yes,Yes,76.97,3504.88,263.9,31,0,0,Mailed Check,1,Yes
CUST-13096,56,Male,61,Month-to-Month,No,Yes,No,44.43,2668.8,267.3,11,4,0,Bank Transfer,5,No
CUST-13097,22,Female,51,Month-to-Month,No,Yes,Yes,97.34,4996.81,113.9,34,2,0,Bank Transfer,4,No
CUST-13098,18,Male,9,Month-to-Month,Fiber Optic,Yes,Yes,40.65,,194.8,27,5,0,Credit Card,5,Yes
CUST-13099,30,Male,2,One Year,Fiber Optic,Yes,No,49.07,99.06,163.0,21,0,1,Electronic Check,4,Yes
CUST-13100,38,Male,5,Month-to-Month,Fiber Optic,Yes,No,50.94,246.86,242.1,10,1,0,Bank Transfer,3,Yes
CUST-13101,43,Male,62,One Year,Fiber Optic,Yes,Yes,83.6,4691.13,378.8,13,2,0,Mailed Check,2,No
CUST-13102,67,Male,69,Month-to-Month,Fiber Optic,Yes,Yes,44.88,2895.97,243.8,58,2,0,Mailed Check,4,No
CUST-13103,62,Male,52,Month-to-Month,DSL,Yes,No,20.0,940.02,119.7,45,3,0,Mailed Check,7,Yes
CUST-13104,38,Male,5,Month-to-Month,Fiber Optic,Yes,No,92.2,446.49,172.9,47,2,0,Credit Card,4,Yes
CUST-13105,70,Female,59,Month-to-Month,Fiber Optic,Yes,Yes,53.89,3016.98,306.2,25,1,0,Credit Card,4,No
CUST-13106,35,Female,68,Two Year,Fiber Optic,Yes,Yes,38.29,2729.0,53.2,13,0,2,Bank Transfer,3,No
CUST-13107,54,Male,9,Month-to-Month,DSL,Yes,Yes,46.13,427.74,124.6,41,2,1,Bank Transfer,3,Yes
CUST-13108,62,Male,22,Month-to-Month,Fiber Optic,Yes,Yes,107.92,2430.87,243.9,6,3,0,Mailed Check,2,Yes
CUST-13109,49,Male,27,Two Year,Fiber Optic,Yes,No,48.57,1278.82,296.5,35,3,0,Bank Transfer,5,No
CUST-13110,53,Female,10,One Year,DSL,Yes,No,61.92,632.24,234.8,28,0,0,Bank Transfer,2,No
CUST-13111,34,Female,61,Month-to-Month,Fiber Optic,Yes,Yes,53.83,3086.71,125.4,20,1,1,Bank Transfer,9,No
CUST-13112,52,Male,51,Month-to-Month,No,Yes,No,34.18,1715.46,228.3,20,1,0,Bank Transfer,7,No
CUST-13113,66,Female,10,One Year,Fiber Optic,Yes,Yes,46.43,445.23,217.3,41,1,1,Bank Transfer,7,No
CUST-13114,28,Male,6,Two Year,DSL,Yes,No,32.47,180.35,211.6,4,2,1,Electronic Check,5,No
CUST-13115,38,Male,62,Two Year,No,Yes,Yes,88.9,5020.65,171.3,20,2,0,Credit Card,5,No
CUST-13116,69,Male,5,Month-to-Month,DSL,Yes,Yes,67.52,332.11,184.8,5,1,1,Credit Card,5,Yes
CUST-13117,72,Male,70,Two Year,No,Yes,Yes,127.07,8135.68,98.3,22,2,1,Bank Transfer,1,No
CUST-13118,70,Female,63,Month-to-Month,DSL,Yes,No,47.28,3001.58,403.2,24,1,1,Electronic Check,3,Yes
CUST-13119,43,Female,56,Month-to-Month,DSL,No,Yes,43.53,2530.85,194.1,44,2,0,Electronic Check,3,Yes
CUST-13120,21,Male,59,Two Year,Fiber Optic,Yes,Yes,103.34,5635.61,229.4,17,2,0,Mailed Check,2,No
CUST-13121,51,Female,63,Month-to-Month,Fiber Optic,Yes,Yes,91.45,5592.2,160.4,5,1,0,Bank Transfer,2,No
CUST-13122,69,Female,59,Month-to-Month,Fiber Optic,Yes,Yes,74.62,4450.2,256.1,57,5,1,Bank Transfer,3,No
CUST-13123,65,Male,51,Month-to-Month,Fiber Optic,Yes,Yes,37.16,1787.19,63.1,26,3,0,Electronic Check,4,No
CUST-13124,35,Female,50,Month-to-Month,No,Yes,No,108.62,,22.9,36,1,0,Electronic Check,3,No
CUST-13125,57,Male,4,One Year,Fiber Optic,Yes,Yes,63.2,261.21,177.3,8,0,1,Mailed Check,1,No
CUST-13126,52,Male,48,One Year,Fiber Optic,Yes,No,54.23,2383.25,364.9,9,1,0,Credit Card,5,No
CUST-13127,58,Male,32,Month-to-Month,DSL,Yes,No,93.57,2707.12,288.7,17,3,0,Electronic Check,2,Yes
CUST-13128,46,Male,51,Month-to-Month,DSL,Yes,No,64.44,3439.16,107.2,56,0,0,Electronic Check,2,No
CUST-13129,69,Female,52,Two Year,Fiber Optic,Yes,No,35.86,1945.78,226.4,8,5,0,Bank Transfer,4,No
CUST-13130,46,Male,34,Two Year,DSL,Yes,No,66.01,2162.07,122.8,5,0,0,Bank Transfer,2,No
CUST-13131,55,Female,36,Month-to-Month,Fiber Optic,Yes,No,45.47,1485.64,218.4,10,1,1,Electronic Check,3,Yes
CUST-13132,59,Male,70,Two Year,Fiber Optic,Yes,Yes,15.0,1042.47,225.4,50,2,0,Credit Card,1,No
CUST-13133,38,Male,43,One Year,DSL,No,No,42.96,1743.85,263.4,55,0,3,Mailed Check,1,No
CUST-13134,59,Female,16,Month-to-Month,Fiber Optic,Yes,No,51.81,862.54,39.1,14,2,0,Mailed Check,1,No
CUST-13135,30,Male,59,Month-to-Month,DSL,Yes,Yes,36.11,2171.39,66.1,27,4,0,Credit Card,3,No
CUST-13136,66,Female,53,Month-to-Month,Fiber Optic,Yes,Yes,79.38,4196.37,173.2,27,2,0,Bank Transfer,3,No
CUST-13137,58,Female,19,One Year,Fiber Optic,Yes,No,45.56,816.02,87.1,5,4,0,Credit Card,3,Yes
CUST-13138,34,Male,41,Month-to-Month,Fiber Optic,Yes,No,76.96,3171.74,80.1,15,0,0,Mailed Check,2,No
CUST-13139,73,Male,47,Month-to-Month,DSL,Yes,Yes,34.17,1515.05,204.5,28,3,1,Electronic Check,5,Yes
CUST-13140,26,Male,54,Month-to-Month,Fiber Optic,No,No,87.73,4290.42,97.6,5,1,0,Bank Transfer,2,No
CUST-13141,58,Male,55,Two Year,DSL,Yes,Yes,33.09,1776.75,383.2,22,0,0,Bank Transfer,6,No
CUST-13142,18,Male,19,Month-to-Month,Fiber Optic,Yes,Yes,15.0,277.39,132.0,12,0,0,Credit Card,5,No
CUST-13143,19,Male,62,Two Year,Fiber Optic,Yes,No,95.93,6033.61,155.7,42,1,0,Electronic Check,5,No
CUST-13144,65,Female,59,Two Year,Fiber Optic,Yes,No,43.6,2649.19,206.8,8,3,2,Credit Card,2,No
CUST-13145,46,Female,65,Month-to-Month,No,Yes,No,108.92,6748.25,44.3,59,4,0,Credit Card,1,Yes
CUST-13146,50,Male,68,Month-to-Month,Fiber Optic,Yes,Yes,79.11,5204.22,225.8,1,1,0,Bank Transfer,3,Yes
CUST-13147,27,Female,28,Month-to-Month,DSL,Yes,No,84.76,2303.41,210.7,35,2,0,Bank Transfer,4,Yes
CUST-13148,67,Female,18,Two Year,DSL,Yes,Yes,91.14,1556.25,148.6,16,3,1,Credit Card,5,No
CUST-13149,57,Male,26,Month-to-Month,No,Yes,No,67.82,1783.61,204.7,55,0,1,Mailed Check,2,No
CUST-13150,38,Male,19,Month-to-Month,DSL,Yes,Yes,68.1,1265.84,218.5,30,0,1,Bank Transfer,0,No
CUST-13151,45,Female,55,Month-to-Month,Fiber Optic,Yes,Yes,97.03,5534.6,309.2,43,0,1,Credit Card,0,No
CUST-13152,28,Male,57,Month-to-Month,Fiber Optic,Yes,No,67.78,3853.98,405.0,41,1,2,Mailed Check,2,Yes
CUST-13153,72,Female,6,Two Year,Fiber Optic,Yes,Yes,46.8,261.65,84.5,10,2,1,Credit Card,4,No
CUST-13154,51,Male,1,One Year,Fiber Optic,Yes,No,79.64,73.64,63.2,34,0,1,Mailed Check,3,No
CUST-13155,25,Female,8,Two Year,Fiber Optic,Yes,Yes,15.0,114.7,189.2,52,2,0,Credit Card,3,No
CUST-13156,39,Female,51,Month-to-Month,Fiber Optic,Yes,Yes,97.99,4757.81,1.0,11,2,0,Bank Transfer,2,No
CUST-13157,25,Female,25,Month-to-Month,No,Yes,Yes,98.51,2366.87,238.4,20,1,0,Credit Card,3,Yes
CUST-13158,66,Female,47,Two Year,Fiber Optic,Yes,No,94.95,4139.28,190.2,43,2,0,Bank Transfer,4,No
CUST-13159,32,Male,55,Month-to-Month,Fiber Optic,Yes,Yes,93.99,5411.04,213.1,7,1,0,Credit Card,1,Yes
CUST-13160,34,Male,64,Two Year,Fiber Optic,Yes,No,62.9,3711.03,152.7,21,1,0,Electronic Check,4,No
CUST-13161,40,Female,10,Month-to-Month,Fiber Optic,Yes,No,62.33,621.99,203.0,11,1,0,Credit Card,1,Yes
CUST-13162,41,Female,56,Month-to-Month,No,Yes,Yes,34.26,1730.47,222.5,37,0,1,Credit Card,4,No
CUST-13163,62,Male,12,One Year,DSL,Yes,Yes,108.7,1253.59,198.0,23,2,0,Bank Transfer,2,No
CUST-13164,36,Male,33,Two Year,DSL,Yes,Yes,52.87,1651.15,58.9,44,1,0,Bank Transfer,7,No
CUST-13165,22,Female,71,Two Year,No,No,No,73.5,4995.69,195.5,31,0,0,Credit Card,5,No
CUST-13166,49,Female,17,Month-to-Month,Fiber Optic,Yes,Yes,71.35,1182.28,346.9,18,1,1,Bank Transfer,4,Yes
CUST-13167,61,Female,61,Month-to-Month,DSL,No,Yes,31.49,1901.79,201.7,24,1,0,Bank Transfer,3,No
CUST-13168,18,Female,10,One Year,Fiber Optic,No,Yes,21.38,211.13,192.3,22,1,0,Electronic Check,7,No
CUST-13169,40,Female,31,One Year,No,Yes,No,65.14,2008.45,320.4,37,1,0,Bank Transfer,4,No
CUST-13170,54,Male,60,One Year,No,Yes,No,53.66,3305.51,112.9,47,0,0,Bank Transfer,1,No
CUST-13171,25,Female,70,Month-to-Month,Fiber Optic,Yes,No,62.76,4538.21,260.1,44,0,0,Credit Card,3,No
CUST-13172,30,Male,17,Two Year,DSL,Yes,No,91.64,1574.37,132.3,1,1,0,Credit Card,2,No
CUST-13173,25,Male,50,One Year,No,Yes,Yes,70.62,3219.71,277.8,50,1,0,Bank Transfer,1,No
CUST-13174,74,Male,37,Two Year,Fiber Optic,Yes,Yes,83.96,3243.81,251.8,6,2,2,Credit Card,4,No
CUST-13175,40,Female,62,Month-to-Month,No,Yes,No,76.13,4918.82,142.9,38,1,0,Mailed Check,3,No
CUST-13176,60,Male,29,Month-to-Month,DSL,Yes,No,57.09,1666.79,156.1,29,0,0,Electronic Check,7,Yes
CUST-13177,18,Male,32,Two Year,DSL,Yes,Yes,39.95,1249.78,268.0,43,2,0,Credit Card,4,No
CUST-13178,62,Male,11,One Year,Fiber Optic,Yes,Yes,71.62,738.65,13.0,57,0,2,Mailed Check,2,No
CUST-13179,68,Male,6,Two Year,DSL,Yes,No,67.1,408.02,140.2,11,1,0,Bank Transfer,2,No
CUST-13180,41,Female,35,Two Year,Fiber Optic,Yes,Yes,87.88,,235.8,16,1,0,Bank Transfer,1,No
CUST-13181,52,Female,33,One Year,No,Yes,Yes,61.23,2020.14,152.3,6,0,0,Credit Card,3,No
CUST-13182,41,Male,18,Month-to-Month,Fiber Optic,Yes,No,57.57,1030.42,192.1,1,1,0,Credit Card,5,Yes
CUST-13183,34,Male,37,Month-to-Month,No,Yes,No,59.26,2036.84,1.0,55,4,2,Electronic Check,1,Yes
CUST-13184,22,Female,13,Month-to-Month,Fiber Optic,Yes,Yes,42.03,,103.1,48,1,0,Mailed Check,2,No
CUST-13185,37,Female,64,Month-to-Month,Fiber Optic,Yes,Yes,101.17,6529.73,241.2,35,0,0,Credit Card,3,Yes
CUST-13186,38,Female,1,Month-to-Month,No,Yes,Yes,93.49,84.38,112.4,24,0,1,Mailed Check,2,Yes
CUST-13187,57,Male,63,Month-to-Month,Fiber Optic,Yes,No,34.67,2175.89,62.8,38,1,0,Bank Transfer,2,No
CUST-13188,48,Female,34,Month-to-Month,Fiber Optic,Yes,No,85.1,2936.8,275.5,3,0,0,Mailed Check,5,Yes
CUST-13189,63,Male,10,Month-to-Month,Fiber Optic,Yes,No,18.87,179.3,226.4,51,1,0,Mailed Check,0,Yes
CUST-13190,53,Male,7,Month-to-Month,Fiber Optic,Yes,Yes,89.63,571.84,82.0,40,1,0,Credit Card,1,Yes
CUST-13191,28,Female,56,Month-to-Month,DSL,Yes,Yes,47.59,2725.98,192.5,54,2,0,Bank Transfer,0,No
CUST-13192,69,Male,37,Month-to-Month,No,Yes,No,74.0,2522.45,85.0,2,1,1,Bank Transfer,0,No
CUST-13193,32,Female,29,One Year,No,Yes,Yes,16.76,464.47,166.3,51,0,0,Mailed Check,2,No
CUST-13194,36,Male,12,Month-to-Month,Fiber Optic,Yes,No,35.03,422.92,195.8,15,1,2,Bank Transfer,2,No
CUST-13195,24,Female,17,Month-to-Month,Fiber Optic,Yes,No,76.72,1333.65,107.2,22,2,0,Electronic Check,4,Yes
CUST-13196,68,Male,48,One Year,Fiber Optic,Yes,Yes,47.48,2345.95,246.8,46,0,0,Bank Transfer,5,No
CUST-13197,45,Male,26,Two Year,Fiber Optic,Yes,No,44.0,1120.62,260.8,46,2,2,Mailed Check,1,No
CUST-13198,68,Female,12,Month-to-Month,Fiber Optic,No,Yes,99.9,1164.49,203.7,55,3,1,Mailed Check,3,Yes
CUST-13199,60,Female,21,One Year,No,Yes,No,120.27,2594.49,217.3,4,1,0,Bank Transfer,1,No
CUST-13200,22,Female,42,Two Year,Fiber Optic,Yes,Yes,88.43,3656.35,49.2,24,3,0,Electronic Check,0,No
CUST-13201,22,Female,61,Two Year,DSL,Yes,No,37.7,2269.34,302.6,19,3,0,Bank Transfer,4,No
CUST-13202,47,Male,58,Month-to-Month,No,Yes,No,109.09,6106.37,171.8,30,2,0,Electronic Check,5,Yes
CUST-13203,71,Female,54,One Year,Fiber Optic,Yes,Yes,25.96,1340.05,95.8,22,1,0,Credit Card,6,No
CUST-13204,49,Female,34,Month-to-Month,No,Yes,Yes,57.39,1896.78,193.1,39,0,0,Electronic Check,4,No
CUST-13205,25,Male,7,One Year,DSL,Yes,Yes,66.37,443.56,247.1,48,3,0,Credit Card,3,No
CUST-13206,27,Female,35,Two Year,DSL,Yes,Yes,113.1,3766.64,226.1,40,2,0,Electronic Check,1,No
CUST-13207,55,Female,15,Month-to-Month,No,No,No,87.82,1381.91,82.4,27,3,1,Electronic Check,3,No
CUST-13208,64,Male,65,Two Year,DSL,Yes,Yes,53.41,3299.57,248.2,15,1,1,Electronic Check,4,No
CUST-13209,49,Female,25,Month-to-Month,No,Yes,Yes,41.38,970.83,174.5,52,0,1,Credit Card,4,Yes
CUST-13210,65,Female,59,Two Year,No,Yes,Yes,90.05,5063.71,225.1,37,3,0,Electronic Check,1,No
CUST-13211,45,Female,6,One Year,Fiber Optic,Yes,No,51.67,306.49,107.9,54,2,0,Mailed Check,3,No
CUST-13212,34,Female,52,Month-to-Month,DSL,Yes,No,70.42,3796.04,274.1,1,1,0,Electronic Check,1,No
CUST-13213,48,Female,21,One Year,Fiber Optic,Yes,Yes,30.76,657.7,196.4,12,2,0,Electronic Check,2,No
CUST-13214,25,Female,71,Month-to-Month,No,No,No,79.23,5773.48,287.0,9,2,0,Mailed Check,0,No
CUST-13215,57,Male,32,Month-to-Month,Fiber Optic,Yes,No,77.22,2542.33,41.9,19,2,2,Electronic Check,5,Yes
CUST-13216,42,Female,53,Two Year,Fiber Optic,Yes,Yes,33.96,1868.42,53.9,18,0,1,Mailed Check,5,No
CUST-13217,26,Male,59,Month-to-Month,Fiber Optic,Yes,No,90.79,5009.83,158.4,59,3,1,Electronic Check,3,No
CUST-13218,19,Male,69,One Year,DSL,Yes,Yes,78.87,5271.99,312.1,39,1,0,Credit Card,5,No
CUST-13219,32,Male,62,Month-to-Month,No,Yes,Yes,83.5,4958.43,356.7,11,4,0,Credit Card,1,No
CUST-13220,67,Male,4,Month-to-Month,No,Yes,No,55.53,212.63,100.0,11,1,0,Mailed Check,4,No
CUST-13221,20,Female,18,Two Year,No,Yes,Yes,69.47,1247.76,184.8,30,1,0,Credit Card,7,No
CUST-13222,66,Female,56,Month-to-Month,Fiber Optic,Yes,No,66.58,3580.35,194.0,20,4,0,Bank Transfer,2,No
CUST-13223,53,Female,24,One Year,Fiber Optic,Yes,Yes,61.3,1460.09,244.6,52,1,1,Credit Card,2,No
CUST-13224,21,Male,66,One Year,DSL,Yes,Yes,69.26,4376.16,259.6,58,0,0,Credit Card,4,No
CUST-13225,31,Female,13,One Year,Fiber Optic,Yes,No,96.41,1186.49,79.7,15,3,0,Mailed Check,2,Yes
CUST-13226,58,Female,62,Two Year,Fiber Optic,Yes,No,91.87,5428.01,185.8,57,3,0,Bank Transfer,5,No
CUST-13227,58,Female,54,One Year,No,Yes,No,35.45,1953.66,1.0,55,0,0,Mailed Check,4,Yes
CUST-13228,42,Male,15,Month-to-Month,No,Yes,Yes,89.64,1331.37,253.0,25,1,0,Bank Transfer,2,Yes
CUST-13229,72,Male,69,Two Year,No,Yes,No,94.78,6841.3,149.5,49,2,0,Bank Transfer,3,No
CUST-13230,67,Female,3,Month-to-Month,No,Yes,No,61.22,188.23,71.5,3,2,0,Mailed Check,5,Yes
CUST-13231,27,Male,37,Month-to-Month,No,Yes,Yes,77.71,2797.26,209.9,58,2,0,Credit Card,2,No
CUST-13232,38,Male,37,Two Year,DSL,Yes,No,77.35,2679.81,146.7,43,0,0,Electronic Check,5,No
CUST-13233,53,Female,3,One Year,No,Yes,No,43.75,131.39,293.5,26,1,0,Bank Transfer,3,Yes
CUST-13234,29,Male,63,Two Year,Fiber Optic,Yes,Yes,55.45,3524.78,99.7,45,3,0,Mailed Check,2,No
CUST-13235,44,Male,35,One Year,Fiber Optic,Yes,Yes,83.77,2842.9,380.1,28,0,1,Credit Card,3,No
CUST-13236,57,Female,52,Two Year,DSL,Yes,Yes,52.6,2556.01,256.9,6,1,0,Bank Transfer,2,No
CUST-13237,19,Male,28,Two Year,Fiber Optic,Yes,No,89.39,2461.84,295.9,46,3,0,Mailed Check,1,No
CUST-13238,71,Male,18,Month-to-Month,DSL,Yes,Yes,97.62,1648.35,87.4,32,1,1,Bank Transfer,2,No
CUST-13239,30,Male,36,Month-to-Month,Fiber Optic,Yes,No,93.59,3507.38,341.0,11,0,0,Mailed Check,3,Yes
CUST-13240,70,Male,33,Month-to-Month,Fiber Optic,No,Yes,114.5,3757.09,70.9,13,1,0,Electronic Check,4,Yes
CUST-13241,49,Male,64,One Year,No,Yes,No,62.73,3789.05,161.1,17,1,0,Bank Transfer,2,No
CUST-13242,48,Male,26,Month-to-Month,No,Yes,Yes,69.43,1683.08,297.4,46,4,0,Electronic Check,0,Yes
CUST-13243,33,Male,48,Month-to-Month,Fiber Optic,Yes,No,73.02,3531.28,225.6,53,2,0,Mailed Check,2,No
CUST-13244,49,Male,40,Month-to-Month,Fiber Optic,Yes,Yes,63.49,2555.27,68.5,46,3,1,Electronic Check,2,Yes
CUST-13245,49,Female,17,Two Year,DSL,Yes,No,78.55,1321.42,282.2,36,3,0,Electronic Check,2,No
CUST-13246,51,Female,40,One Year,Fiber Optic,Yes,No,22.22,881.82,210.6,30,2,1,Mailed Check,4,Yes
CUST-13247,28,Female,7,Month-to-Month,DSL,Yes,No,70.12,486.22,142.5,4,1,1,Mailed Check,0,Yes
CUST-13248,27,Female,57,Month-to-Month,No,Yes,Yes,30.56,1661.82,41.2,14,1,0,Electronic Check,6,No
CUST-13249,32,Male,8,Month-to-Month,Fiber Optic,Yes,Yes,40.93,340.74,219.1,46,2,0,Mailed Check,5,No
CUST-13250,34,Female,56,Month-to-Month,DSL,Yes,No,83.32,4534.77,165.3,28,4,1,Credit Card,3,No
CUST-13251,57,Female,31,Month-to-Month,Fiber Optic,No,Yes,60.02,1680.23,194.1,7,1,0,Mailed Check,3,Yes
CUST-13252,35,Male,59,Two Year,Fiber Optic,Yes,Yes,82.44,4631.73,37.3,16,2,1,Mailed Check,1,No
CUST-13253,72,Male,58,Two Year,Fiber Optic,Yes,No,59.48,3172.27,142.3,14,3,1,Electronic Check,4,No
CUST-13254,26,Male,12,Month-to-Month,DSL,Yes,Yes,92.66,1061.34,223.2,37,0,1,Credit Card,2,Yes
CUST-13255,42,Male,48,Month-to-Month,No,Yes,Yes,59.02,2808.14,348.9,39,0,0,Bank Transfer,2,Yes
CUST-13256,57,Male,31,Month-to-Month,DSL,Yes,No,16.13,451.73,161.5,49,2,0,Electronic Check,1,No
CUST-13257,31,Female,63,Month-to-Month,DSL,Yes,Yes,70.63,4585.54,309.9,27,1,0,Credit Card,2,No
CUST-13258,42,Male,39,Month-to-Month,DSL,Yes,Yes,15.0,580.05,250.9,30,0,0,Bank Transfer,7,Yes
CUST-13259,67,Female,20,Month-to-Month,Fiber Optic,Yes,No,28.68,541.65,201.0,15,1,0,Bank Transfer,3,Yes
CUST-13260,39,Female,48,Month-to-Month,DSL,Yes,Yes,42.93,1950.77,88.9,57,2,0,Credit Card,1,No
CUST-13261,69,Male,71,One Year,DSL,Yes,No,39.81,2741.29,92.7,56,2,0,Bank Transfer,0,No
CUST-13262,47,Female,54,One Year,Fiber Optic,Yes,Yes,51.37,2599.81,235.6,39,2,0,Bank Transfer,1,No
CUST-13263,37,Female,71,One Year,Fiber Optic,Yes,No,38.95,2490.71,132.6,42,3,0,Credit Card,3,No
CUST-13264,38,Male,29,Month-to-Month,DSL,Yes,Yes,29.85,782.53,124.6,18,0,1,Credit Card,4,Yes
CUST-13265,61,Female,48,Two Year,DSL,Yes,Yes,103.55,4740.08,163.7,11,3,1,Credit Card,4,No
CUST-13266,49,Female,56,Two Year,Fiber Optic,Yes,Yes,48.05,2471.86,165.3,22,1,0,Electronic Check,2,No
CUST-13267,68,Female,17,Month-to-Month,DSL,Yes,Yes,15.0,230.36,261.1,46,2,0,Credit Card,0,Yes
CUST-13268,63,Male,9,Month-to-Month,Fiber Optic,Yes,No,55.98,518.38,134.5,4,1,1,Electronic Check,3,Yes
CUST-13269,66,Male,34,Month-to-Month,DSL,Yes,Yes,36.88,1180.09,252.1,3,1,0,Electronic Check,4,No
CUST-13270,73,Male,45,Month-to-Month,DSL,Yes,No,42.88,,219.6,24,2,2,Credit Card,0,No
CUST-13271,38,Female,9,Month-to-Month,Fiber Optic,Yes,No,82.76,690.4,29.3,14,3,0,Bank Transfer,1,Yes
CUST-13272,52,Male,7,One Year,DSL,No,No,53.8,341.58,206.5,52,1,0,Electronic Check,2,No
CUST-13273,49,Female,16,Month-to-Month,DSL,Yes,Yes,36.19,585.83,1.0,3,1,0,Electronic Check,2,Yes
CUST-13274,47,Male,19,Month-to-Month,Fiber Optic,Yes,Yes,76.16,1329.46,99.4,59,0,0,Bank Transfer,0,Yes
CUST-13275,72,Female,6,Month-to-Month,No,Yes,No,93.75,508.42,221.7,31,0,0,Bank Transfer,4,Yes
CUST-13276,56,Male,11,Two Year,Fiber Optic,Yes,No,78.42,852.34,179.0,53,2,0,Mailed Check,2,Yes
CUST-13277,66,Male,61,Month-to-Month,No,Yes,No,15.0,825.35,20.9,57,1,0,Mailed Check,3,No
CUST-13278,29,Female,42,One Year,No,Yes,Yes,37.13,1505.57,79.3,58,1,0,Electronic Check,6,No
CUST-13279,58,Male,13,Month-to-Month,No,Yes,No,66.19,811.7,1.0,35,2,2,Credit Card,1,Yes
CUST-13280,64,Female,12,Month-to-Month,Fiber Optic,Yes,No,58.89,669.87,59.2,31,3,0,Electronic Check,2,No
CUST-13281,35,Male,20,One Year,Fiber Optic,Yes,Yes,56.82,1023.42,232.1,57,5,0,Electronic Check,1,No
CUST-13282,38,Male,50,Month-to-Month,Fiber Optic,Yes,No,40.43,2111.76,129.8,52,3,2,Electronic Check,1,Yes
CUST-13283,30,Female,36,Month-to-Month,DSL,Yes,Yes,29.86,1050.82,195.3,12,0,0,Bank Transfer,5,No
CUST-13284,38,Female,69,Month-to-Month,Fiber Optic,Yes,Yes,115.19,7835.86,181.2,10,1,1,Bank Transfer,7,No
CUST-13285,25,Female,37,One Year,No,Yes,No,65.68,2429.96,182.9,20,2,1,Credit Card,0,No
CUST-13286,63,Male,12,One Year,Fiber Optic,Yes,Yes,81.05,,272.1,18,1,0,Mailed Check,2,No
CUST-13287,57,Female,40,Month-to-Month,Fiber Optic,Yes,No,65.16,2583.43,161.7,44,3,0,Credit Card,2,No
CUST-13288,63,Male,54,One Year,Fiber Optic,Yes,Yes,66.16,3623.83,262.0,56,2,0,Bank Transfer,1,No
CUST-13289,24,Female,2,Month-to-Month,Fiber Optic,Yes,Yes,63.45,122.75,1.0,36,1,0,Credit Card,4,Yes
CUST-13290,40,Female,50,One Year,Fiber Optic,Yes,Yes,36.99,1767.55,280.0,51,3,1,Bank Transfer,2,No
CUST-13291,61,Female,41,Month-to-Month,Fiber Optic,Yes,No,27.14,1138.86,63.9,19,1,0,Electronic Check,2,Yes
CUST-13292,49,Female,45,One Year,Fiber Optic,No,Yes,74.66,3459.81,83.4,17,3,0,Mailed Check,6,No
CUST-13293,28,Female,9,Two Year,Fiber Optic,Yes,Yes,69.7,577.54,116.6,40,0,1,Bank Transfer,3,No
CUST-13294,39,Female,62,Two Year,No,Yes,No,88.46,5382.5,277.5,11,2,0,Bank Transfer,4,No
CUST-13295,39,Male,47,Month-to-Month,No,Yes,Yes,83.38,3928.84,100.0,5,1,0,Mailed Check,3,No
CUST-13296,60,Female,5,Two Year,DSL,Yes,Yes,44.79,204.36,121.0,37,3,0,Electronic Check,1,No
CUST-13297,42,Male,1,Month-to-Month,No,Yes,Yes,93.31,96.99,93.4,45,2,1,Electronic Check,3,Yes
CUST-13298,39,Female,44,Two Year,DSL,Yes,Yes,84.13,3620.34,203.0,36,1,2,Credit Card,4,No
CUST-13299,45,Female,22,Month-to-Month,DSL,Yes,Yes,82.27,1804.18,246.9,45,4,1,Electronic Check,2,Yes
CUST-13300,46,Female,38,Month-to-Month,Fiber Optic,Yes,Yes,121.23,4269.23,333.4,48,3,1,Bank Transfer,6,Yes
CUST-13301,30,Male,19,Month-to-Month,DSL,Yes,Yes,116.1,2072.81,396.0,44,3,1,Bank Transfer,5,No
CUST-13302,35,Male,31,Month-to-Month,DSL,Yes,No,82.25,2341.05,238.5,14,2,1,Credit Card,6,Yes
CUST-13303,19,Female,67,One Year,Fiber Optic,Yes,Yes,79.13,4981.49,212.9,53,1,0,Mailed Check,1,No
CUST-13304,46,Male,42,Two Year,Fiber Optic,Yes,No,92.04,3764.63,70.4,28,1,1,Bank Transfer,4,No
CUST-13305,38,Female,26,One Year,DSL,Yes,No,50.4,1343.22,351.8,53,0,2,Electronic Check,1,No
CUST-13306,32,Female,13,One Year,Fiber Optic,No,Yes,50.75,646.59,199.4,9,1,0,Electronic Check,1,No
CUST-13307,69,Male,58,One Year,Fiber Optic,Yes,No,81.84,4446.11,154.0,59,4,0,Bank Transfer,6,No
CUST-13308,44,Male,18,Month-to-Month,Fiber Optic,Yes,Yes,43.59,711.41,214.9,38,1,0,Bank Transfer,3,No
CUST-13309,67,Male,67,Month-to-Month,No,Yes,Yes,79.82,5312.08,122.7,29,2,0,Electronic Check,8,No
CUST-13310,48,Male,3,Month-to-Month,Fiber Optic,Yes,Yes,68.92,199.11,1.0,25,0,1,Credit Card,5,Yes
CUST-13311,32,Female,55,Month-to-Month,DSL,Yes,No,43.6,2512.27,231.5,8,5,0,Bank Transfer,3,No
CUST-13312,68,Male,58,Month-to-Month,DSL,Yes,Yes,65.65,3872.29,300.8,48,2,1,Bank Transfer,8,Yes
CUST-13313,40,Male,63,Month-to-Month,Fiber Optic,Yes,Yes,97.63,6281.42,230.1,19,0,0,Mailed Check,5,No
CUST-13314,41,Female,52,Month-to-Month,Fiber Optic,Yes,Yes,67.06,3144.81,179.4,2,4,1,Credit Card,2,Yes
CUST-13315,61,Male,24,Month-to-Month,DSL,Yes,No,67.16,1638.71,181.2,6,6,0,Mailed Check,1,Yes
CUST-13316,30,Male,9,Two Year,DSL,Yes,Yes,73.22,612.32,195.5,30,1,0,Bank Transfer,3,No
CUST-13317,39,Male,37,Month-to-Month,Fiber Optic,Yes,Yes,76.48,2795.43,192.7,2,1,0,Electronic Check,3,No
CUST-13318,60,Male,53,Month-to-Month,Fiber Optic,No,Yes,56.73,2907.81,174.5,51,1,0,Electronic Check,2,Yes
CUST-13319,54,Female,24,One Year,Fiber Optic,Yes,No,73.76,1745.0,182.3,19,2,0,Bank Transfer,1,No
CUST-13320,50,Female,21,Month-to-Month,No,Yes,Yes,38.77,749.05,320.0,13,0,1,Bank Transfer,2,No
CUST-13321,73,Male,40,Month-to-Month,Fiber Optic,Yes,Yes,45.02,1744.14,222.5,49,1,0,Mailed Check,3,Yes
CUST-13322,20,Male,62,Month-to-Month,Fiber Optic,Yes,No,48.22,2707.24,189.5,53,4,1,Electronic Check,3,No
CUST-13323,71,Female,70,Month-to-Month,Fiber Optic,No,Yes,76.74,4867.66,239.3,8,2,1,Electronic Check,3,No
CUST-13324,36,Male,69,Month-to-Month,No,Yes,No,69.01,4755.31,239.3,9,3,0,Mailed Check,6,No
CUST-13325,40,Male,14,Month-to-Month,Fiber Optic,Yes,No,61.64,899.86,265.1,23,2,0,Credit Card,4,No
CUST-13326,46,Male,42,One Year,DSL,Yes,No,82.27,3512.73,111.9,37,0,1,Electronic Check,2,Yes
CUST-13327,47,Male,50,One Year,DSL,Yes,Yes,74.47,3613.19,136.8,8,1,1,Mailed Check,3,No
CUST-13328,56,Male,61,Month-to-Month,Fiber Optic,Yes,Yes,57.75,3200.0,106.8,9,2,0,Credit Card,5,No
CUST-13329,61,Male,4,Month-to-Month,No,Yes,Yes,39.12,141.89,249.0,16,1,0,Electronic Check,2,Yes
CUST-13330,64,Male,17,Month-to-Month,DSL,Yes,No,44.51,698.92,244.6,16,0,0,Bank Transfer,3,No
CUST-13331,42,Male,57,Two Year,DSL,Yes,No,28.33,1689.69,65.4,12,0,2,Mailed Check,3,No
CUST-13332,54,Male,48,Month-to-Month,No,Yes,Yes,68.51,3156.28,215.2,25,0,0,Credit Card,4,No
CUST-13333,64,Female,44,One Year,No,Yes,No,43.45,1962.48,303.5,57,0,1,Mailed Check,2,No
CUST-13334,25,Female,45,One Year,DSL,Yes,No,52.62,2381.57,158.8,11,1,0,Credit Card,2,No
CUST-13335,59,Female,33,Month-to-Month,Fiber Optic,Yes,Yes,61.81,2020.99,208.3,18,1,0,Credit Card,2,No
CUST-13336,33,Male,31,Month-to-Month,Fiber Optic,Yes,Yes,91.1,2943.2,245.7,13,0,1,Electronic Check,7,Yes
CUST-13337,25,Male,47,Month-to-Month,DSL,Yes,Yes,88.22,3875.01,61.1,35,3,0,Credit Card,4,No
CUST-13338,18,Female,6,Month-to-Month,No,Yes,Yes,63.63,369.65,193.7,18,0,0,Mailed Check,3,No
CUST-13339,61,Male,71,Month-to-Month,DSL,Yes,No,96.64,7065.28,294.5,43,1,0,Mailed Check,5,No
CUST-13340,22,Female,34,Month-to-Month,DSL,Yes,No,15.0,,126.6,30,2,0,Electronic Check,5,Yes
CUST-13341,20,Male,53,Month-to-Month,DSL,Yes,Yes,111.93,5558.36,254.9,43,1,0,Bank Transfer,4,No
CUST-13342,18,Female,14,Month-to-Month,DSL,Yes,Yes,82.31,1073.22,182.4,37,1,0,Credit Card,1,No
CUST-13343,21,Female,16,Two Year,DSL,Yes,Yes,67.57,1095.1,119.3,30,1,1,Credit Card,4,No
CUST-13344,57,Female,43,Month-to-Month,DSL,Yes,No,42.72,1656.79,171.3,3,3,0,Electronic Check,3,Yes
CUST-13345,52,Male,12,Two Year,Fiber Optic,Yes,No,54.05,672.68,132.6,29,0,1,Electronic Check,2,No
CUST-13346,49,Female,70,Two Year,DSL,Yes,No,80.23,5070.01,100.1,25,2,0,Electronic Check,7,No
CUST-13347,59,Male,19,Two Year,No,Yes,No,80.8,1526.98,157.1,2,1,1,Credit Card,8,No
CUST-13348,51,Male,41,Two Year,Fiber Optic,Yes,Yes,81.71,3318.99,186.2,47,1,0,Mailed Check,2,No
CUST-13349,60,Male,53,Month-to-Month,Fiber Optic,Yes,Yes,46.79,2447.04,165.1,5,2,0,Bank Transfer,1,No
CUST-13350,42,Male,29,Month-to-Month,DSL,Yes,No,41.75,1175.82,156.1,31,1,0,Mailed Check,7,Yes
CUST-13351,27,Male,70,One Year,DSL,Yes,Yes,69.88,5027.9,200.3,5,1,1,Electronic Check,4,No
CUST-13352,38,Male,59,One Year,Fiber Optic,Yes,No,84.25,4965.28,227.8,21,3,0,Credit Card,3,No
CUST-13353,63,Male,64,Two Year,Fiber Optic,Yes,Yes,65.08,4237.09,77.0,48,0,0,Mailed Check,4,No
CUST-13354,56,Female,24,Two Year,Fiber Optic,Yes,No,102.04,2246.5,157.3,49,1,1,Bank Transfer,3,No
CUST-13355,44,Female,16,Month-to-Month,Fiber Optic,Yes,No,65.83,955.84,2.4,26,2,0,Electronic Check,5,Yes
CUST-13356,44,Female,52,Month-to-Month,Fiber Optic,Yes,No,64.98,3055.52,165.4,7,3,0,Bank Transfer,2,No
CUST-13357,19,Male,6,Month-to-Month,Fiber Optic,Yes,No,81.76,452.34,193.5,30,2,1,Credit Card,1,Yes
CUST-13358,58,Male,37,Month-to-Month,No,Yes,Yes,95.48,3532.94,231.3,34,1,0,Electronic Check,2,No
CUST-13359,65,Male,4,Month-to-Month,Fiber Optic,Yes,No,31.27,121.84,193.9,28,1,1,Electronic Check,3,No
CUST-13360,30,Male,38,One Year,No,No,Yes,37.05,1425.97,229.3,14,1,0,Electronic Check,5,No
CUST-13361,26,Female,41,Two Year,No,Yes,No,57.17,2176.98,185.9,18,1,0,Bank Transfer,4,No
CUST-13362,69,Male,14,Month-to-Month,DSL,Yes,Yes,143.97,1924.97,119.2,57,2,0,Credit Card,1,No
CUST-13363,53,Female,71,Two Year,DSL,Yes,No,58.46,4288.77,79.6,44,0,0,Electronic Check,0,No
CUST-13364,39,Male,51,One Year,Fiber Optic,Yes,Yes,61.96,3287.49,156.3,17,3,1,Mailed Check,4,No
CUST-13365,59,Female,65,Two Year,Fiber Optic,No,Yes,80.46,5429.99,111.0,25,2,1,Electronic Check,4,No
CUST-13366,43,Male,52,Month-to-Month,Fiber Optic,Yes,Yes,89.42,4755.6,169.2,6,0,1,Electronic Check,3,No
CUST-13367,71,Female,30,Two Year,Fiber Optic,Yes,No,69.24,2083.92,135.7,5,3,0,Electronic Check,1,No
CUST-13368,29,Male,57,One Year,DSL,Yes,Yes,94.11,5563.03,217.7,53,0,0,Mailed Check,1,No
CUST-13369,34,Female,30,Month-to-Month,DSL,Yes,Yes,35.15,1062.02,184.4,21,1,0,Mailed Check,5,No
CUST-13370,31,Male,42,Month-to-Month,DSL,Yes,Yes,45.85,2008.68,220.3,54,4,0,Credit Card,4,Yes
CUST-13371,31,Female,11,Two Year,Fiber Optic,Yes,Yes,94.06,935.04,219.8,39,1,0,Bank Transfer,5,No
CUST-13372,74,Female,27,Month-to-Month,Fiber Optic,Yes,Yes,65.27,1829.69,163.8,59,2,0,Electronic Check,3,Yes
CUST-13373,51,Male,24,Month-to-Month,DSL,Yes,No,33.44,789.21,169.3,57,1,0,Bank Transfer,4,No
CUST-13374,70,Female,39,Month-to-Month,Fiber Optic,Yes,Yes,31.94,1141.98,225.1,50,2,0,Bank Transfer,5,Yes
CUST-13375,74,Male,18,One Year,DSL,Yes,No,44.73,750.58,400.1,20,1,1,Electronic Check,3,No
CUST-13376,37,Male,45,Two Year,DSL,Yes,Yes,65.05,3008.7,91.0,11,3,0,Electronic Check,4,Yes
CUST-13377,28,Male,12,Month-to-Month,Fiber Optic,Yes,Yes,76.68,,183.8,5,4,1,Mailed Check,0,No
CUST-13378,33,Female,49,Month-to-Month,Fiber Optic,Yes,No,56.77,2913.65,72.4,38,1,0,Credit Card,1,No
CUST-13379,68,Female,31,Two Year,Fiber Optic,Yes,Yes,74.62,2122.68,178.1,39,1,0,Mailed Check,1,No
CUST-13380,48,Male,22,One Year,No,Yes,Yes,54.07,1144.19,119.3,35,2,0,Bank Transfer,8,No
CUST-13381,72,Male,44,Two Year,No,Yes,Yes,95.6,3995.16,169.2,35,0,0,Electronic Check,2,No
CUST-13382,23,Female,64,Month-to-Month,DSL,Yes,Yes,128.8,8057.07,194.0,57,4,1,Bank Transfer,3,No
CUST-13383,73,Female,25,Month-to-Month,Fiber Optic,No,No,55.18,1372.62,136.0,25,2,0,Mailed Check,4,Yes
CUST-13384,36,Female,51,Month-to-Month,Fiber Optic,Yes,No,77.0,3924.03,19.5,30,2,0,Bank Transfer,3,No
CUST-13385,54,Male,7,One Year,Fiber Optic,Yes,No,74.96,472.35,308.3,2,1,0,Electronic Check,6,Yes
CUST-13386,21,Male,6,Month-to-Month,Fiber Optic,Yes,Yes,68.47,375.22,255.5,20,1,0,Credit Card,1,Yes
CUST-13387,64,Male,24,Month-to-Month,DSL,Yes,Yes,81.33,1766.99,168.2,36,1,0,Bank Transfer,3,Yes
CUST-13388,21,Male,19,Month-to-Month,DSL,Yes,Yes,76.97,1505.85,99.5,37,1,0,Credit Card,3,No
CUST-13389,37,Male,9,Month-to-Month,Fiber Optic,Yes,No,53.22,453.59,187.7,2,3,1,Bank Transfer,3,Yes
CUST-13390,27,Female,36,Two Year,Fiber Optic,Yes,Yes,97.91,3366.36,212.5,48,2,0,Electronic Check,3,No
CUST-13391,41,Male,40,Month-to-Month,DSL,Yes,Yes,70.04,,249.3,44,0,0,Electronic Check,3,No
CUST-13392,71,Female,24,One Year,DSL,Yes,No,55.38,1365.53,257.6,47,1,1,Credit Card,3,No
CUST-13393,52,Female,48,Two Year,Fiber Optic,Yes,Yes,126.08,5459.52,274.6,27,1,0,Electronic Check,3,No
CUST-13394,43,Male,63,Month-to-Month,DSL,Yes,No,62.09,3590.1,23.3,32,0,2,Credit Card,5,No
CUST-13395,54,Female,69,One Year,DSL,Yes,Yes,71.37,4938.19,152.6,59,5,0,Mailed Check,3,No
CUST-13396,55,Male,53,Two Year,DSL,Yes,No,69.39,3841.63,269.4,4,2,1,Credit Card,2,No
CUST-13397,38,Female,54,Two Year,DSL,Yes,Yes,61.75,3322.56,96.9,27,0,0,Bank Transfer,1,No
CUST-13398,71,Male,42,Month-to-Month,Fiber Optic,Yes,No,76.22,3006.5,289.7,30,1,0,Credit Card,3,No
CUST-13399,57,Male,45,Month-to-Month,Fiber Optic,Yes,Yes,43.88,1931.12,342.9,3,2,0,Credit Card,2,No
CUST-13400,56,Female,14,Month-to-Month,DSL,Yes,Yes,79.91,1170.48,287.2,46,1,0,Bank Transfer,2,No
CUST-13401,38,Male,29,One Year,DSL,No,Yes,21.04,597.48,239.5,45,1,0,Electronic Check,2,No
CUST-13402,27,Female,6,One Year,DSL,Yes,No,32.55,186.71,139.7,27,1,0,Electronic Check,3,Yes
CUST-13403,55,Male,7,One Year,Fiber Optic,No,No,110.64,741.58,205.3,38,1,0,Mailed Check,0,Yes
CUST-13404,63,Male,37,Month-to-Month,DSL,Yes,Yes,33.6,1299.21,58.9,36,1,0,Electronic Check,5,No
CUST-13405,21,Male,53,Month-to-Month,Fiber Optic,Yes,No,16.0,854.65,109.7,1,2,0,Mailed Check,1,No
CUST-13406,74,Female,18,One Year,DSL,No,No,34.21,,116.0,35,2,1,Mailed Check,4,No
CUST-13407,62,Female,38,Month-to-Month,DSL,Yes,Yes,108.5,3854.21,185.6,56,0,0,Mailed Check,6,Yes
CUST-13408,37,Male,59,One Year,DSL,No,Yes,20.2,1172.64,144.7,12,1,0,Electronic Check,1,No
CUST-13409,34,Female,1,Month-to-Month,DSL,Yes,No,41.1,39.19,203.5,35,3,0,Bank Transfer,1,Yes
CUST-13410,72,Male,68,Month-to-Month,Fiber Optic,No,Yes,28.55,1817.21,259.0,55,2,0,Electronic Check,1,No
CUST-13411,24,Female,44,Month-to-Month,Fiber Optic,Yes,Yes,58.15,2646.44,116.1,18,1,0,Bank Transfer,5,No
CUST-13412,21,Female,47,Month-to-Month,No,Yes,Yes,54.1,2434.57,193.4,46,2,1,Electronic Check,3,Yes
CUST-13413,46,Male,35,Month-to-Month,DSL,Yes,Yes,52.98,1747.53,142.6,37,2,0,Mailed Check,3,Yes
CUST-13414,31,Male,60,Month-to-Month,DSL,Yes,No,111.4,6949.74,197.1,23,7,1,Bank Transfer,1,No
CUST-13415,20,Male,52,Month-to-Month,DSL,Yes,Yes,35.02,1692.84,241.8,33,2,1,Electronic Check,1,No
CUST-13416,41,Male,8,Month-to-Month,Fiber Optic,Yes,Yes,62.45,505.51,262.9,14,0,1,Electronic Check,5,Yes
CUST-13417,54,Male,41,Month-to-Month,DSL,Yes,Yes,73.47,,240.3,59,0,0,Credit Card,4,Yes
CUST-13418,33,Female,3,One Year,Fiber Optic,No,Yes,40.49,126.09,217.3,44,4,0,Bank Transfer,5,Yes
CUST-13419,72,Female,69,Month-to-Month,DSL,Yes,Yes,77.16,5456.11,52.2,1,0,1,Mailed Check,5,No
CUST-13420,69,Male,14,One Year,DSL,Yes,No,55.0,774.46,82.7,27,1,1,Mailed Check,7,Yes
CUST-13421,21,Male,26,One Year,No,Yes,Yes,74.36,1831.25,105.8,24,3,1,Bank Transfer,6,No
CUST-13422,73,Male,70,One Year,Fiber Optic,Yes,No,62.3,4249.08,212.3,2,0,0,Electronic Check,3,No
CUST-13423,41,Female,58,Two Year,Fiber Optic,Yes,Yes,15.0,906.26,63.8,12,1,0,Mailed Check,4,No
CUST-13424,51,Male,40,Month-to-Month,Fiber Optic,Yes,Yes,97.65,3528.99,210.4,13,2,1,Electronic Check,2,Yes
CUST-13425,47,Male,51,One Year,Fiber Optic,Yes,Yes,116.76,6068.79,203.8,27,3,0,Credit Card,2,No
CUST-13426,35,Female,5,Two Year,DSL,Yes,No,60.58,284.05,5.8,20,0,0,Mailed Check,4,No
CUST-13427,36,Female,32,Two Year,Fiber Optic,Yes,No,42.55,1263.23,82.1,47,2,0,Electronic Check,3,No
CUST-13428,48,Female,1,Month-to-Month,DSL,Yes,Yes,102.65,95.96,273.9,48,1,0,Mailed Check,2,Yes
CUST-13429,36,Female,54,Month-to-Month,Fiber Optic,Yes,Yes,112.26,5510.17,242.8,51,0,1,Electronic Check,3,No
CUST-13430,66,Male,11,Month-to-Month,Fiber Optic,Yes,No,60.78,701.2,103.5,37,1,0,Credit Card,4,No
CUST-13431,63,Female,53,One Year,Fiber Optic,Yes,Yes,59.53,,86.9,34,1,2,Credit Card,4,No
CUST-13432,36,Female,8,One Year,Fiber Optic,Yes,No,63.0,492.99,1.0,6,2,0,Credit Card,3,Yes
CUST-13433,39,Male,25,Month-to-Month,Fiber Optic,Yes,Yes,23.14,582.7,312.4,8,2,0,Electronic Check,2,Yes
CUST-13434,41,Male,40,Month-to-Month,DSL,Yes,No,57.72,2270.68,183.7,21,3,2,Mailed Check,3,No
CUST-13435,62,Male,32,One Year,DSL,Yes,No,107.87,3526.87,349.5,39,3,1,Mailed Check,1,No
CUST-13436,29,Female,28,Month-to-Month,DSL,Yes,Yes,60.78,1747.3,162.7,21,3,2,Electronic Check,4,Yes
CUST-13437,47,Male,3,Two Year,Fiber Optic,Yes,No,39.0,109.39,205.4,45,3,1,Credit Card,2,Yes
CUST-13438,55,Female,62,One Year,No,Yes,Yes,77.42,4651.06,260.2,6,1,1,Credit Card,3,No
CUST-13439,70,Female,27,Month-to-Month,DSL,Yes,Yes,48.32,1298.41,327.5,41,3,1,Bank Transfer,3,Yes
CUST-13440,48,Female,45,One Year,DSL,No,Yes,63.34,2983.6,225.1,44,1,1,Electronic Check,2,No
CUST-13441,53,Male,25,Month-to-Month,Fiber Optic,Yes,Yes,33.28,834.0,180.2,59,2,1,Credit Card,4,No
CUST-13442,36,Female,61,One Year,No,No,Yes,39.08,2466.47,182.5,30,3,1,Bank Transfer,2,No
CUST-13443,65,Male,44,Two Year,Fiber Optic,Yes,No,83.44,3770.18,85.9,10,3,1,Credit Card,1,No
CUST-13444,62,Male,46,Two Year,DSL,Yes,No,67.9,3083.76,145.6,11,2,1,Mailed Check,4,No
CUST-13445,53,Male,14,Month-to-Month,No,Yes,Yes,45.6,660.14,184.6,1,1,0,Bank Transfer,2,No
CUST-13446,47,Female,8,Month-to-Month,No,No,No,67.99,520.32,304.4,10,2,1,Electronic Check,5,Yes
CUST-13447,72,Female,48,Month-to-Month,DSL,Yes,Yes,49.82,2288.27,141.3,25,2,1,Mailed Check,5,Yes
CUST-13448,66,Female,14,Month-to-Month,No,Yes,No,45.41,646.64,275.6,16,2,0,Mailed Check,2,No
CUST-13449,72,Male,65,Month-to-Month,Fiber Optic,Yes,Yes,94.1,5628.29,172.6,19,1,2,Bank Transfer,5,Yes
CUST-13450,50,Female,7,Month-to-Month,Fiber Optic,Yes,No,84.57,559.95,291.9,10,0,0,Mailed Check,4,Yes
CUST-13451,35,Female,49,Month-to-Month,Fiber Optic,Yes,No,64.47,3131.5,240.9,47,1,1,Bank Transfer,1,No
CUST-13452,69,Female,55,Month-to-Month,No,No,No,68.61,,234.8,14,2,0,Electronic Check,3,Yes
CUST-13453,66,Female,13,Month-to-Month,Fiber Optic,Yes,Yes,64.79,876.89,268.1,3,2,0,Credit Card,4,No
CUST-13454,45,Female,56,Two Year,DSL,Yes,Yes,77.18,4511.28,255.0,4,0,0,Mailed Check,5,No
CUST-13455,64,Male,56,One Year,No,Yes,Yes,45.01,2458.52,275.7,40,3,0,Electronic Check,3,Yes
CUST-13456,28,Male,15,Month-to-Month,DSL,Yes,Yes,86.56,1273.55,371.9,33,1,0,Credit Card,4,No
CUST-13457,74,Male,57,Month-to-Month,Fiber Optic,Yes,Yes,73.84,4245.47,325.5,20,1,2,Bank Transfer,6,No
CUST-13458,71,Male,58,Month-to-Month,Fiber Optic,Yes,No,58.42,3281.93,222.0,15,5,0,Bank Transfer,1,No
CUST-13459,62,Female,35,Month-to-Month,DSL,Yes,No,52.81,1716.22,140.2,7,1,1,Electronic Check,2,Yes
CUST-13460,50,Male,16,Month-to-Month,DSL,Yes,Yes,86.03,,213.0,44,2,1,Credit Card,2,Yes
CUST-13461,34,Female,8,Two Year,No,No,Yes,61.24,495.15,6.6,3,1,0,Bank Transfer,3,No
CUST-13462,23,Male,45,One Year,Fiber Optic,Yes,No,47.53,2003.56,254.6,55,2,0,Credit Card,2,No
CUST-13463,21,Male,40,One Year,Fiber Optic,Yes,No,55.39,2270.85,84.6,27,1,0,Bank Transfer,8,No
CUST-13464,37,Male,54,Month-to-Month,Fiber Optic,No,Yes,84.23,4512.25,281.0,37,3,0,Credit Card,2,No
CUST-13465,65,Female,14,Two Year,Fiber Optic,Yes,Yes,24.74,324.0,358.2,29,0,0,Electronic Check,3,No
CUST-13466,64,Female,59,Two Year,Fiber Optic,Yes,No,56.11,3303.23,49.4,26,0,0,Electronic Check,2,No
CUST-13467,44,Male,53,Month-to-Month,DSL,Yes,No,91.76,4547.37,175.5,27,2,1,Mailed Check,6,Yes
CUST-13468,32,Female,27,Month-to-Month,Fiber Optic,Yes,Yes,60.79,1542.5,84.2,25,2,0,Mailed Check,5,Yes
CUST-13469,23,Male,47,Month-to-Month,No,Yes,No,71.82,3467.36,24.5,40,4,0,Electronic Check,7,Yes
CUST-13470,64,Male,6,Month-to-Month,Fiber Optic,Yes,No,92.17,574.82,170.4,43,3,0,Mailed Check,2,Yes
CUST-13471,31,Male,55,One Year,DSL,Yes,Yes,87.31,4506.88,237.2,51,3,1,Bank Transfer,2,No
CUST-13472,28,Female,44,Month-to-Month,No,Yes,No,54.0,2469.16,247.9,30,1,1,Mailed Check,1,Yes
CUST-13473,56,Male,18,Month-to-Month,Fiber Optic,No,Yes,61.74,1040.0,193.9,44,1,0,Mailed Check,2,No
CUST-13474,26,Male,16,Month-to-Month,DSL,Yes,No,87.62,1286.39,30.2,20,2,2,Credit Card,7,Yes
CUST-13475,43,Male,12,Month-to-Month,No,Yes,No,88.49,964.97,191.1,7,3,0,Bank Transfer,1,No
CUST-13476,33,Female,20,Two Year,Fiber Optic,Yes,Yes,62.8,1176.01,45.7,29,4,0,Electronic Check,4,No
CUST-13477,22,Male,45,One Year,DSL,Yes,No,63.66,,51.6,46,1,0,Bank Transfer,3,No
CUST-13478,74,Female,64,One Year,DSL,Yes,No,71.69,4767.71,90.3,34,0,0,Credit Card,2,No
CUST-13479,69,Male,59,Month-to-Month,Fiber Optic,Yes,No,99.17,5478.46,274.5,26,2,2,Mailed Check,2,Yes
CUST-13480,27,Female,22,One Year,Fiber Optic,Yes,Yes,91.69,1926.04,229.1,27,0,1,Bank Transfer,2,Yes
CUST-13481,67,Male,47,Month-to-Month,DSL,Yes,Yes,82.33,3908.68,209.0,54,2,1,Credit Card,1,No
CUST-13482,20,Male,29,One Year,DSL,Yes,No,38.03,1042.56,102.4,57,2,1,Electronic Check,3,No
CUST-13483,30,Female,45,Month-to-Month,DSL,Yes,No,58.13,2622.8,145.1,44,2,0,Mailed Check,4,No
CUST-13484,60,Female,9,Month-to-Month,Fiber Optic,Yes,No,59.44,516.14,56.7,9,2,0,Credit Card,2,Yes
CUST-13485,66,Male,24,Month-to-Month,DSL,Yes,Yes,100.46,2240.98,302.8,22,1,0,Credit Card,2,No
CUST-13486,47,Female,15,Month-to-Month,DSL,Yes,Yes,59.03,894.4,377.8,12,1,0,Credit Card,4,No
CUST-13487,71,Male,36,Two Year,Fiber Optic,Yes,Yes,96.34,3135.48,230.1,6,0,0,Electronic Check,2,No
CUST-13488,62,Male,13,Month-to-Month,Fiber Optic,Yes,No,50.73,622.46,245.9,6,2,2,Electronic Check,3,No
CUST-13489,23,Male,44,Month-to-Month,Fiber Optic,Yes,No,52.73,2212.07,165.7,27,2,1,Credit Card,5,No
CUST-13490,34,Female,71,Month-to-Month,Fiber Optic,Yes,No,77.04,5298.81,34.2,58,2,1,Bank Transfer,3,No
CUST-13491,62,Male,36,Two Year,Fiber Optic,Yes,Yes,104.2,3758.63,104.0,54,0,0,Electronic Check,2,No
CUST-13492,68,Female,61,Month-to-Month,Fiber Optic,No,Yes,59.71,3529.07,138.1,19,1,0,Bank Transfer,1,No
CUST-13493,70,Male,40,One Year,No,No,No,15.0,593.49,145.3,52,2,0,Bank Transfer,2,No
CUST-13494,36,Female,27,Two Year,Fiber Optic,Yes,No,25.9,691.86,124.6,6,0,2,Credit Card,5,No
CUST-13495,59,Female,1,Month-to-Month,DSL,Yes,No,72.45,69.26,184.3,58,2,0,Credit Card,1,No
CUST-13496,52,Male,34,Month-to-Month,Fiber Optic,Yes,Yes,28.13,994.77,103.5,49,3,0,Mailed Check,3,No
CUST-13497,63,Female,68,Month-to-Month,Fiber Optic,Yes,Yes,43.36,3076.38,375.1,17,2,0,Electronic Check,8,No
CUST-13498,43,Male,21,Two Year,Fiber Optic,Yes,Yes,65.31,1354.06,57.1,29,1,1,Electronic Check,2,No
CUST-13499,68,Male,33,Month-to-Month,Fiber Optic,Yes,No,15.0,450.82,259.9,23,0,0,Electronic Check,6,Yes
CUST-13500,22,Male,7,Month-to-Month,No,No,Yes,55.51,378.34,156.4,17,1,0,Credit Card,4,Yes
CUST-13501,46,Male,65,One Year,Fiber Optic,Yes,No,35.88,2163.5,221.7,21,1,0,Electronic Check,3,No
CUST-13502,54,Male,3,One Year,Fiber Optic,Yes,No,27.52,80.29,225.7,10,2,0,Credit Card,6,No
CUST-13503,37,Female,51,Month-to-Month,No,Yes,Yes,44.95,2128.02,194.1,43,0,1,Electronic Check,2,No
CUST-13504,66,Male,54,Month-to-Month,Fiber Optic,Yes,Yes,38.27,2078.11,78.0,8,2,2,Bank Transfer,6,Yes
CUST-13505,38,Female,59,Month-to-Month,Fiber Optic,Yes,No,76.74,4129.52,150.1,54,2,1,Credit Card,3,No
CUST-13506,27,Female,6,Month-to-Month,No,Yes,Yes,94.91,593.94,195.2,14,1,3,Mailed Check,1,Yes
CUST-13507,22,Male,29,Month-to-Month,DSL,Yes,Yes,55.89,1506.23,189.6,31,0,3,Mailed Check,1,Yes
CUST-13508,53,Female,17,Two Year,DSL,Yes,No,50.1,850.93,87.9,51,0,0,Electronic Check,5,No
CUST-13509,23,Male,60,Month-to-Month,No,Yes,No,54.64,3401.49,296.2,18,2,0,Bank Transfer,1,No
CUST-13510,43,Female,22,Two Year,Fiber Optic,Yes,No,37.3,769.05,1.0,47,1,1,Bank Transfer,3,No
CUST-13511,21,Female,24,One Year,No,Yes,Yes,32.78,818.3,157.5,30,1,1,Electronic Check,2,No
CUST-13512,56,Female,51,Month-to-Month,DSL,Yes,No,23.86,1166.12,97.1,18,1,0,Mailed Check,3,No
CUST-13513,56,Male,50,One Year,Fiber Optic,Yes,Yes,31.76,1658.0,196.4,52,3,0,Electronic Check,4,No
CUST-13514,67,Female,11,Month-to-Month,DSL,Yes,Yes,105.8,1216.99,271.5,57,1,1,Bank Transfer,2,Yes
CUST-13515,52,Male,56,Two Year,Fiber Optic,Yes,Yes,47.74,2481.52,53.4,25,0,0,Electronic Check,3,No
CUST-13516,18,Female,71,Two Year,DSL,Yes,Yes,15.0,1091.27,391.8,49,0,0,Electronic Check,3,No
CUST-13517,41,Female,42,Month-to-Month,DSL,No,No,50.32,1963.41,198.2,37,0,0,Electronic Check,7,Yes
CUST-13518,74,Female,39,Month-to-Month,DSL,Yes,No,25.24,919.36,214.4,25,3,1,Bank Transfer,1,Yes
CUST-13519,53,Female,69,Month-to-Month,Fiber Optic,Yes,No,66.49,4186.92,50.4,30,2,0,Mailed Check,4,No
CUST-13520,23,Male,48,Month-to-Month,Fiber Optic,Yes,No,63.79,2827.62,175.8,30,2,0,Credit Card,2,No
CUST-13521,58,Male,57,Month-to-Month,DSL,No,Yes,66.4,3765.24,267.5,36,2,0,Electronic Check,5,No
CUST-13522,71,Female,21,Month-to-Month,DSL,Yes,Yes,63.98,1299.76,198.9,11,0,0,Credit Card,2,No
CUST-13523,63,Female,20,One Year,DSL,Yes,No,55.68,1134.36,192.6,48,1,0,Credit Card,3,No
CUST-13524,61,Male,15,Month-to-Month,No,Yes,No,28.6,407.46,175.3,39,1,0,Mailed Check,0,No
CUST-13525,74,Male,69,Two Year,DSL,Yes,Yes,63.13,4553.27,56.0,27,2,0,Mailed Check,2,No
CUST-13526,48,Male,51,Two Year,DSL,Yes,Yes,90.47,4187.09,55.5,16,2,0,Bank Transfer,4,No
CUST-13527,37,Male,62,Month-to-Month,No,Yes,Yes,110.34,6221.55,285.2,38,3,0,Credit Card,3,No
CUST-13528,41,Female,37,Two Year,Fiber Optic,Yes,Yes,59.05,2196.22,259.4,32,2,0,Credit Card,3,No
CUST-13529,42,Female,6,Month-to-Month,Fiber Optic,No,Yes,61.76,382.84,272.7,29,2,0,Electronic Check,4,Yes
CUST-13530,53,Male,71,Month-to-Month,Fiber Optic,Yes,Yes,77.51,5609.56,105.9,52,2,0,Electronic Check,1,No
CUST-13531,38,Male,26,One Year,No,Yes,Yes,102.33,2590.0,165.8,10,2,0,Mailed Check,1,No
CUST-13532,47,Male,8,Month-to-Month,DSL,Yes,Yes,52.84,397.55,290.9,30,2,1,Mailed Check,3,Yes
CUST-13533,41,Male,4,One Year,No,Yes,Yes,82.32,297.02,69.4,11,0,0,Mailed Check,2,Yes
CUST-13534,61,Male,21,Two Year,No,Yes,No,44.43,911.03,281.7,15,1,1,Bank Transfer,4,No
CUST-13535,59,Male,31,Two Year,Fiber Optic,Yes,No,73.25,2205.68,127.2,44,4,0,Credit Card,3,No
CUST-13536,47,Female,21,One Year,Fiber Optic,Yes,No,89.27,1784.01,103.0,23,1,0,Bank Transfer,2,No
CUST-13537,39,Female,25,One Year,Fiber Optic,Yes,No,32.73,807.38,177.1,48,2,2,Credit Card,1,Yes
CUST-13538,45,Female,15,Month-to-Month,DSL,Yes,No,51.87,785.3,79.5,23,0,0,Mailed Check,1,No
CUST-13539,24,Male,35,Month-to-Month,DSL,Yes,Yes,88.87,3126.42,9.3,50,2,2,Bank Transfer,3,Yes
CUST-13540,52,Male,49,One Year,No,No,Yes,80.4,3701.21,186.8,7,2,0,Bank Transfer,5,No
CUST-13541,72,Male,43,Month-to-Month,Fiber Optic,No,No,90.9,3861.0,228.1,14,0,0,Credit Card,2,No
CUST-13542,45,Female,41,Month-to-Month,Fiber Optic,No,No,86.21,3260.03,289.4,9,1,1,Credit Card,5,No
CUST-13543,31,Male,37,Month-to-Month,Fiber Optic,Yes,Yes,56.47,1918.56,234.6,54,2,1,Bank Transfer,3,No
CUST-13544,73,Male,57,One Year,Fiber Optic,Yes,No,119.98,6961.13,356.9,28,2,0,Electronic Check,2,No
CUST-13545,27,Female,42,Month-to-Month,DSL,No,Yes,68.42,2885.31,302.5,6,1,1,Credit Card,1,Yes
CUST-13546,33,Male,47,One Year,Fiber Optic,Yes,Yes,15.0,715.71,246.4,43,1,1,Credit Card,2,No
CUST-13547,33,Female,61,Month-to-Month,Fiber Optic,Yes,Yes,57.94,3261.73,222.2,45,3,0,Bank Transfer,3,Yes
CUST-13548,71,Female,14,Month-to-Month,DSL,Yes,Yes,53.27,773.52,290.7,22,1,0,Mailed Check,6,Yes
CUST-13549,48,Male,68,Month-to-Month,No,Yes,Yes,84.88,5309.9,1.0,18,2,0,Electronic Check,4,Yes
CUST-13550,59,Female,53,Month-to-Month,DSL,Yes,No,53.72,2934.01,136.8,44,0,1,Mailed Check,5,No
CUST-13551,42,Male,34,Two Year,Fiber Optic,Yes,Yes,92.47,2995.76,12.7,38,1,0,Bank Transfer,4,No
CUST-13552,30,Female,24,Month-to-Month,DSL,Yes,Yes,78.95,1735.29,239.7,22,1,0,Mailed Check,4,No
CUST-13553,23,Male,20,Month-to-Month,Fiber Optic,Yes,Yes,40.0,754.41,113.2,9,0,0,Mailed Check,1,Yes
CUST-13554,61,Female,69,Month-to-Month,Fiber Optic,Yes,No,61.49,3934.01,451.8,18,2,1,Bank Transfer,2,No
CUST-13555,26,Male,30,Month-to-Month,Fiber Optic,Yes,No,45.61,1332.18,133.4,57,1,0,Credit Card,3,No
CUST-13556,62,Female,7,Month-to-Month,No,Yes,Yes,69.62,508.03,189.6,21,1,1,Mailed Check,7,Yes
CUST-13557,53,Female,36,Month-to-Month,DSL,Yes,Yes,45.46,1553.39,143.8,15,1,0,Bank Transfer,4,Yes
CUST-13558,73,Female,38,Two Year,Fiber Optic,Yes,Yes,66.86,2519.88,136.0,9,1,0,Bank Transfer,3,Yes
CUST-13559,60,Male,52,One Year,Fiber Optic,Yes,No,58.19,3128.03,67.8,42,3,0,Bank Transfer,0,No
CUST-13560,37,Male,15,Month-to-Month,No,Yes,Yes,61.19,912.81,64.8,58,1,1,Mailed Check,1,No
CUST-13561,35,Female,46,Month-to-Month,Fiber Optic,Yes,Yes,116.27,5104.16,1.0,2,0,0,Credit Card,4,No
CUST-13562,60,Male,23,Month-to-Month,DSL,Yes,Yes,55.99,1350.39,229.1,14,3,1,Mailed Check,2,Yes
CUST-13563,74,Female,12,Month-to-Month,DSL,Yes,Yes,16.64,185.33,141.8,21,3,2,Mailed Check,0,Yes
CUST-13564,38,Male,44,One Year,No,Yes,No,90.4,3892.04,354.0,43,1,0,Electronic Check,7,Yes
CUST-13565,21,Female,15,Two Year,No,Yes,Yes,90.2,1379.39,68.0,45,1,0,Mailed Check,4,No
CUST-13566,67,Male,49,Month-to-Month,DSL,Yes,Yes,15.53,684.95,312.9,34,2,0,Bank Transfer,2,No
CUST-13567,50,Female,21,Two Year,Fiber Optic,Yes,No,47.48,1002.37,321.5,53,1,0,Bank Transfer,1,No
CUST-13568,44,Female,15,Month-to-Month,Fiber Optic,Yes,No,75.9,1070.16,294.9,7,2,0,Electronic Check,0,Yes
CUST-13569,24,Female,14,Month-to-Month,No,Yes,Yes,78.11,1012.03,201.1,15,3,0,Electronic Check,3,Yes
CUST-13570,23,Female,42,Month-to-Month,No,No,No,64.88,,149.6,39,1,0,Electronic Check,1,Yes
CUST-13571,32,Male,15,Month-to-Month,No,No,No,65.45,1025.95,294.8,12,0,0,Electronic Check,2,No
CUST-13572,35,Female,63,Two Year,No,Yes,Yes,41.54,2705.45,108.8,59,2,0,Mailed Check,6,No
CUST-13573,49,Male,68,Month-to-Month,No,Yes,Yes,15.0,950.7,204.4,7,1,0,Mailed Check,1,No
CUST-13574,73,Male,27,Month-to-Month,DSL,Yes,Yes,116.24,2879.72,176.1,5,2,0,Bank Transfer,5,No
CUST-13575,28,Female,53,Two Year,No,No,Yes,40.78,2063.26,99.8,47,1,0,Mailed Check,2,No
CUST-13576,37,Male,52,Two Year,Fiber Optic,Yes,Yes,69.41,3569.08,205.0,39,1,0,Electronic Check,3,No
CUST-13577,41,Male,63,One Year,No,Yes,No,61.03,,246.8,54,0,1,Credit Card,3,No
CUST-13578,32,Male,53,Two Year,Fiber Optic,Yes,No,87.43,4841.91,96.2,23,0,0,Electronic Check,4,No
CUST-13579,65,Female,57,Month-to-Month,DSL,Yes,Yes,67.87,3917.62,221.4,53,2,2,Electronic Check,0,No
CUST-13580,24,Male,52,Two Year,Fiber Optic,Yes,Yes,68.84,3543.35,1.0,28,0,0,Credit Card,1,No
CUST-13581,38,Male,43,One Year,Fiber Optic,Yes,Yes,15.0,594.27,85.6,34,2,1,Credit Card,2,No
CUST-13582,59,Female,7,Two Year,DSL,Yes,No,44.17,281.7,138.8,25,3,0,Electronic Check,1,No
CUST-13583,43,Female,42,One Year,Fiber Optic,Yes,No,83.62,3474.83,212.2,2,0,0,Mailed Check,2,No
CUST-13584,61,Male,4,Month-to-Month,Fiber Optic,Yes,Yes,81.37,319.25,258.2,51,1,0,Bank Transfer,2,Yes
CUST-13585,73,Female,69,One Year,Fiber Optic,Yes,No,41.21,2920.02,187.5,9,1,0,Credit Card,0,No
CUST-13586,31,Male,5,Month-to-Month,Fiber Optic,Yes,Yes,25.55,121.16,231.0,34,0,0,Bank Transfer,2,Yes
CUST-13587,74,Male,41,Month-to-Month,DSL,Yes,No,68.16,2531.74,165.5,46,2,0,Mailed Check,0,No
CUST-13588,54,Male,4,Month-to-Month,No,No,Yes,15.0,57.81,216.4,47,0,1,Electronic Check,3,Yes
CUST-13589,38,Female,2,Two Year,Fiber Optic,Yes,Yes,36.28,75.85,211.7,56,1,1,Mailed Check,4,No
CUST-13590,35,Male,67,Month-to-Month,DSL,Yes,Yes,109.0,7444.21,134.2,32,1,0,Mailed Check,3,No
CUST-13591,22,Female,21,Month-to-Month,Fiber Optic,Yes,No,101.13,1922.12,148.0,12,3,0,Bank Transfer,4,Yes
CUST-13592,20,Female,70,Month-to-Month,Fiber Optic,Yes,No,77.18,5571.17,234.0,19,6,0,Mailed Check,2,Yes
CUST-13593,40,Male,43,Two Year,DSL,Yes,No,72.68,3033.84,343.1,47,0,0,Credit Card,5,No
CUST-13594,43,Female,69,Month-to-Month,Fiber Optic,Yes,Yes,16.25,1070.47,288.6,38,3,0,Electronic Check,3,No
CUST-13595,54,Female,9,One Year,Fiber Optic,Yes,Yes,46.48,398.25,78.4,57,1,0,Credit Card,7,Yes
CUST-13596,41,Female,28,Two Year,Fiber Optic,Yes,Yes,57.62,1596.05,78.7,10,2,0,Mailed Check,2,No
CUST-13597,66,Female,26,Month-to-Month,Fiber Optic,Yes,No,47.01,1197.31,131.8,10,2,1,Bank Transfer,2,No
CUST-13598,36,Female,3,Month-to-Month,Fiber Optic,No,No,56.24,168.47,188.9,35,0,0,Bank Transfer,5,Yes
CUST-13599,68,Male,49,One Year,DSL,Yes,No,97.48,4709.87,184.3,41,1,1,Credit Card,3,No
CUST-13600,42,Female,17,Two Year,No,No,No,51.45,806.07,291.6,55,2,2,Credit Card,3,No
CUST-13601,38,Male,63,One Year,DSL,Yes,No,56.48,3339.71,296.6,37,2,2,Bank Transfer,2,No
CUST-13602,29,Male,55,Month-to-Month,Fiber Optic,Yes,No,83.49,4712.05,180.5,32,1,1,Credit Card,1,No
CUST-13603,74,Male,23,Two Year,DSL,Yes,Yes,29.51,678.38,159.5,56,1,1,Mailed Check,1,No
CUST-13604,58,Male,34,Month-to-Month,DSL,Yes,No,43.99,1446.69,226.5,54,0,0,Electronic Check,4,Yes
CUST-13605,50,Male,69,One Year,Fiber Optic,Yes,No,46.56,2979.37,275.7,7,3,0,Electronic Check,6,No
CUST-13606,67,Male,15,Two Year,DSL,Yes,Yes,66.39,897.41,229.7,51,0,0,Electronic Check,2,No
CUST-13607,70,Female,47,Month-to-Month,Fiber Optic,Yes,No,56.38,2508.84,141.2,10,2,1,Bank Transfer,2,Yes
CUST-13608,21,Female,3,One Year,DSL,Yes,Yes,57.17,155.77,124.9,43,0,0,Bank Transfer,6,Yes
CUST-13609,59,Female,28,One Year,Fiber Optic,No,Yes,48.38,1317.17,80.0,38,2,3,Bank Transfer,4,No
CUST-13610,74,Male,3,Two Year,Fiber Optic,Yes,No,38.23,117.36,197.4,27,2,0,Electronic Check,7,No
CUST-13611,24,Female,4,Month-to-Month,DSL,No,Yes,80.23,302.57,236.1,32,2,0,Credit Card,2,No
CUST-13612,39,Female,31,Month-to-Month,No,Yes,Yes,56.55,1800.67,246.1,51,2,0,Bank Transfer,0,No
CUST-13613,72,Female,45,Two Year,DSL,Yes,No,80.48,,283.7,7,2,1,Bank Transfer,5,No
CUST-13614,50,Male,59,Month-to-Month,DSL,Yes,Yes,37.21,2017.1,313.2,48,2,0,Mailed Check,3,No
CUST-13615,34,Female,45,Month-to-Month,Fiber Optic,Yes,Yes,48.37,2169.43,56.3,26,1,0,Bank Transfer,3,No
CUST-13616,41,Male,37,Two Year,Fiber Optic,Yes,No,59.47,2030.41,216.4,22,3,1,Bank Transfer,2,No
CUST-13617,51,Female,65,Month-to-Month,Fiber Optic,Yes,Yes,61.8,4009.84,219.5,58,1,0,Electronic Check,2,No
CUST-13618,45,Male,9,Two Year,DSL,Yes,Yes,83.86,695.42,173.3,12,0,0,Electronic Check,4,Yes
CUST-13619,60,Male,17,Month-to-Month,No,Yes,Yes,54.24,884.16,105.4,24,1,0,Mailed Check,6,No
CUST-13620,58,Male,65,Month-to-Month,Fiber Optic,Yes,Yes,83.67,5356.91,310.0,56,4,0,Electronic Check,3,Yes
CUST-13621,56,Female,3,One Year,DSL,Yes,Yes,74.37,202.48,127.0,54,2,1,Credit Card,4,No
CUST-13622,39,Female,26,One Year,Fiber Optic,Yes,No,62.33,1495.79,1.0,50,2,1,Credit Card,8,No
CUST-13623,66,Male,53,One Year,No,Yes,Yes,41.22,2071.19,181.8,46,3,0,Electronic Check,3,No
CUST-13624,34,Female,31,Month-to-Month,Fiber Optic,Yes,Yes,83.92,2521.78,158.6,58,2,1,Bank Transfer,4,No
CUST-13625,51,Male,26,Two Year,DSL,Yes,No,41.84,,347.2,29,1,0,Mailed Check,0,No
CUST-13626,23,Male,23,Month-to-Month,Fiber Optic,Yes,No,64.47,1376.18,224.1,32,2,0,Bank Transfer,5,No
CUST-13627,63,Female,30,Month-to-Month,DSL,Yes,Yes,63.65,1818.07,152.5,16,2,1,Bank Transfer,3,No
CUST-13628,23,Female,10,Month-to-Month,Fiber Optic,Yes,No,59.82,581.07,162.3,26,1,1,Mailed Check,3,Yes
CUST-13629,51,Female,64,One Year,No,Yes,No,55.27,3340.49,161.2,6,0,0,Electronic Check,1,No
CUST-13630,18,Male,22,Month-to-Month,Fiber Optic,Yes,No,44.45,971.9,379.5,1,3,2,Mailed Check,4,No
CUST-13631,27,Male,15,Month-to-Month,Fiber Optic,Yes,No,24.58,346.02,240.8,13,1,1,Credit Card,4,No
CUST-13632,38,Female,56,Month-to-Month,No,Yes,Yes,100.1,5694.46,53.4,38,2,1,Bank Transfer,6,No
CUST-13633,22,Male,20,Month-to-Month,Fiber Optic,Yes,Yes,52.71,1028.66,158.0,6,1,0,Credit Card,2,Yes
CUST-13634,19,Female,47,Month-to-Month,Fiber Optic,Yes,Yes,61.8,2651.74,177.9,38,1,0,Mailed Check,2,No
CUST-13635,39,Male,53,One Year,DSL,Yes,No,61.64,3247.48,80.3,12,2,1,Electronic Check,1,No
CUST-13636,65,Female,53,Month-to-Month,Fiber Optic,Yes,No,92.39,,19.5,9,1,0,Mailed Check,2,Yes
CUST-13637,74,Female,1,Two Year,Fiber Optic,Yes,Yes,113.33,107.75,233.6,20,0,0,Credit Card,0,No
CUST-13638,19,Male,2,One Year,Fiber Optic,Yes,Yes,69.0,124.43,107.6,59,2,0,Credit Card,3,No
CUST-13639,27,Female,58,Month-to-Month,No,Yes,No,61.07,3294.49,292.4,39,4,0,Bank Transfer,2,Yes
CUST-13640,51,Female,19,One Year,No,Yes,Yes,36.91,673.84,180.7,27,2,0,Bank Transfer,0,No
CUST-13641,33,Male,62,Month-to-Month,Fiber Optic,No,Yes,28.91,1666.93,137.3,3,3,0,Bank Transfer,4,No
CUST-13642,65,Female,12,One Year,Fiber Optic,Yes,No,20.65,244.49,1.0,24,1,0,Bank Transfer,2,No
CUST-13643,68,Male,26,Two Year,Fiber Optic,Yes,Yes,45.1,1180.63,290.0,15,0,1,Electronic Check,2,No
CUST-13644,56,Female,27,Month-to-Month,DSL,Yes,Yes,15.0,416.5,206.4,34,2,1,Mailed Check,3,No
CUST-13645,39,Male,29,One Year,DSL,Yes,Yes,91.97,2659.26,139.7,50,0,0,Mailed Check,1,No
CUST-13646,29,Female,15,Month-to-Month,Fiber Optic,Yes,No,75.58,1137.5,99.9,32,0,0,Mailed Check,1,Yes
CUST-13647,41,Female,46,Month-to-Month,Fiber Optic,Yes,Yes,58.71,2677.07,323.9,21,4,0,Electronic Check,6,No
CUST-13648,64,Female,1,Two Year,No,Yes,No,92.73,97.16,84.2,1,1,1,Mailed Check,2,No
CUST-13649,57,Female,60,Month-to-Month,DSL,Yes,Yes,38.22,2153.66,146.8,33,2,0,Mailed Check,0,No
CUST-13650,55,Male,57,Month-to-Month,Fiber Optic,No,No,44.5,2384.15,231.3,11,1,1,Electronic Check,6,No
CUST-13651,27,Male,3,Month-to-Month,Fiber Optic,Yes,Yes,16.66,45.93,310.6,3,1,0,Bank Transfer,2,Yes
CUST-13652,52,Male,18,One Year,Fiber Optic,No,Yes,84.36,1477.26,160.5,22,2,0,Bank Transfer,4,No
CUST-13653,68,Male,52,Month-to-Month,No,Yes,No,44.74,2127.39,113.9,10,2,0,Electronic Check,1,No
CUST-13654,66,Male,60,Two Year,No,Yes,Yes,65.39,3690.04,170.4,44,0,1,Electronic Check,3,No
CUST-13655,49,Male,34,Month-to-Month,DSL,Yes,No,90.06,2977.53,261.4,38,1,1,Bank Transfer,5,Yes
CUST-13656,24,Male,60,Month-to-Month,DSL,Yes,Yes,99.27,6216.12,281.6,24,2,0,Electronic Check,2,No
CUST-13657,38,Female,26,One Year,DSL,Yes,Yes,64.27,1745.5,56.2,7,0,0,Mailed Check,4,Yes
CUST-13658,37,Female,19,Month-to-Month,Fiber Optic,Yes,No,74.61,1433.98,190.3,49,1,1,Credit Card,1,Yes
CUST-13659,43,Female,22,One Year,Fiber Optic,No,No,42.4,893.98,50.9,49,2,0,Credit Card,2,No
CUST-13660,21,Female,33,Month-to-Month,Fiber Optic,Yes,Yes,107.08,3638.85,259.6,36,3,0,Mailed Check,5,No
CUST-13661,63,Male,38,Month-to-Month,Fiber Optic,Yes,No,60.85,2384.72,218.0,1,1,0,Electronic Check,4,No
CUST-13662,69,Male,35,Month-to-Month,Fiber Optic,Yes,Yes,67.01,2431.02,97.1,1,3,0,Bank Transfer,1,No
CUST-13663,39,Male,67,Two Year,Fiber Optic,Yes,Yes,54.83,3658.93,318.1,26,1,1,Credit Card,1,No
CUST-13664,32,Female,10,One Year,Fiber Optic,No,Yes,94.98,883.57,210.2,17,1,1,Credit Card,1,No
CUST-13665,73,Male,15,One Year,Fiber Optic,Yes,Yes,69.99,959.21,200.3,11,0,0,Mailed Check,2,No
CUST-13666,57,Female,11,Month-to-Month,DSL,Yes,Yes,84.02,958.62,163.9,3,0,0,Bank Transfer,5,Yes
CUST-13667,38,Male,24,One Year,Fiber Optic,Yes,No,73.85,1609.93,179.3,10,0,1,Credit Card,3,No
CUST-13668,32,Male,4,Month-to-Month,Fiber Optic,Yes,Yes,59.49,,145.7,2,0,0,Mailed Check,3,No
CUST-13669,39,Male,13,Two Year,Fiber Optic,Yes,Yes,88.24,1116.2,113.3,32,3,0,Bank Transfer,0,No
CUST-13670,69,Male,57,One Year,No,Yes,No,73.63,3791.05,290.6,16,1,0,Electronic Check,2,No
CUST-13671,45,Female,37,One Year,No,Yes,Yes,40.98,1570.9,135.7,48,0,0,Mailed Check,1,No
CUST-13672,31,Female,48,Month-to-Month,No,Yes,Yes,40.27,,132.6,59,1,0,Credit Card,1,No
CUST-13673,44,Male,71,Month-to-Month,Fiber Optic,Yes,Yes,68.72,4412.07,168.4,26,4,0,Mailed Check,1,No
CUST-13674,58,Female,1,Month-to-Month,Fiber Optic,Yes,Yes,87.69,91.99,308.2,40,2,0,Mailed Check,3,Yes
CUST-13675,57,Male,60,Two Year,Fiber Optic,Yes,Yes,105.99,6020.5,281.8,39,0,0,Credit Card,3,No
CUST-13676,45,Male,12,Month-to-Month,DSL,Yes,Yes,20.57,254.62,144.5,10,0,0,Electronic Check,1,No
CUST-13677,43,Male,21,Month-to-Month,DSL,No,No,65.64,1334.36,290.4,56,1,1,Credit Card,6,Yes
CUST-13678,66,Male,11,Month-to-Month,DSL,Yes,No,77.24,849.19,189.7,36,2,0,Credit Card,4,No
CUST-13679,19,Female,44,Month-to-Month,DSL,Yes,No,72.39,2981.83,104.1,30,2,1,Electronic Check,2,No
CUST-13680,42,Male,58,Month-to-Month,Fiber Optic,No,No,90.23,5104.76,137.1,9,1,1,Credit Card,2,No
CUST-13681,73,Male,44,Two Year,No,Yes,Yes,81.39,3361.45,303.6,5,4,0,Bank Transfer,7,Yes
CUST-13682,20,Female,34,One Year,DSL,Yes,Yes,40.36,1430.78,367.5,7,0,1,Bank Transfer,4,No
CUST-13683,25,Male,25,Two Year,No,Yes,No,39.63,900.73,208.8,36,2,1,Credit Card,0,No
CUST-13684,61,Female,4,Two Year,DSL,Yes,Yes,72.81,274.12,129.0,1,2,0,Bank Transfer,3,No
CUST-13685,50,Male,64,Month-to-Month,DSL,Yes,Yes,89.76,5939.76,168.8,27,0,1,Mailed Check,1,No
CUST-13686,59,Male,16,Month-to-Month,Fiber Optic,Yes,No,68.59,1066.72,111.4,12,0,0,Bank Transfer,5,Yes
CUST-13687,69,Male,10,Month-to-Month,Fiber Optic,Yes,Yes,25.55,252.95,124.5,16,1,0,Bank Transfer,2,No
CUST-13688,52,Male,66,Two Year,DSL,Yes,No,38.82,2556.37,115.6,48,5,1,Mailed Check,4,No
CUST-13689,23,Male,35,Month-to-Month,DSL,No,Yes,82.29,2622.78,172.9,8,3,2,Bank Transfer,4,No
CUST-13690,56,Male,6,Month-to-Month,Fiber Optic,Yes,No,56.28,304.81,190.9,25,0,2,Credit Card,5,Yes
CUST-13691,69,Female,19,Month-to-Month,DSL,No,No,67.95,1343.56,166.7,13,2,0,Mailed Check,1,Yes
CUST-13692,40,Male,59,Month-to-Month,Fiber Optic,Yes,Yes,91.64,5086.28,160.1,41,1,0,Mailed Check,4,No
CUST-13693,42,Female,53,Month-to-Month,Fiber Optic,Yes,No,34.94,1772.28,248.4,10,0,0,Credit Card,2,No
CUST-13694,67,Female,8,Month-to-Month,DSL,Yes,No,54.64,438.13,159.4,40,2,1,Credit Card,5,Yes
CUST-13695,60,Male,10,One Year,No,No,No,51.93,485.78,165.1,33,3,0,Credit Card,3,No
CUST-13696,36,Female,67,Two Year,DSL,Yes,Yes,73.89,4999.94,164.1,35,1,0,Bank Transfer,3,No
CUST-13697,22,Male,38,Month-to-Month,Fiber Optic,Yes,Yes,84.32,3103.99,318.9,37,0,0,Bank Transfer,3,No
CUST-13698,68,Female,29,Month-to-Month,Fiber Optic,Yes,Yes,27.99,834.84,135.8,39,1,0,Bank Transfer,1,Yes
CUST-13699,28,Male,15,Two Year,No,Yes,Yes,64.86,916.26,233.7,28,1,1,Credit Card,1,No
CUST-13700,73,Female,23,Month-to-Month,Fiber Optic,Yes,No,86.73,1856.3,112.6,16,2,0,Electronic Check,5,No
CUST-13701,29,Female,46,Two Year,Fiber Optic,No,Yes,18.63,878.19,211.5,8,0,2,Bank Transfer,1,No
CUST-13702,27,Male,28,Month-to-Month,DSL,Yes,Yes,63.39,1684.31,229.2,33,0,0,Electronic Check,1,No
CUST-13703,25,Female,26,One Year,Fiber Optic,Yes,Yes,34.61,865.47,277.6,53,0,0,Mailed Check,2,No
CUST-13704,41,Male,10,One Year,Fiber Optic,Yes,No,48.96,,145.4,35,1,0,Credit Card,5,No
CUST-13705,45,Male,47,One Year,Fiber Optic,No,No,15.0,701.71,79.7,55,1,0,Credit Card,3,No
CUST-13706,58,Male,4,Two Year,No,No,No,99.82,385.81,109.4,38,0,1,Mailed Check,4,Yes
CUST-13707,53,Male,55,Month-to-Month,DSL,Yes,No,56.1,2892.61,266.8,12,1,0,Bank Transfer,3,No
CUST-13708,54,Male,66,Month-to-Month,No,Yes,No,44.82,3001.4,367.4,15,0,0,Bank Transfer,1,No
CUST-13709,38,Female,67,Month-to-Month,No,Yes,No,73.21,4547.32,255.1,17,2,0,Bank Transfer,6,No
CUST-13710,25,Female,7,Two Year,Fiber Optic,Yes,Yes,38.94,283.28,66.4,27,1,1,Electronic Check,0,No
CUST-13711,72,Female,55,Month-to-Month,Fiber Optic,Yes,Yes,36.57,1855.57,252.1,50,1,0,Mailed Check,6,No
CUST-13712,26,Male,31,Two Year,Fiber Optic,Yes,No,102.76,3251.63,95.1,21,3,0,Electronic Check,2,Yes
CUST-13713,64,Female,19,Month-to-Month,No,Yes,Yes,110.22,2018.03,148.6,21,1,1,Bank Transfer,3,Yes
CUST-13714,32,Female,28,Month-to-Month,DSL,Yes,No,50.2,1304.26,196.9,17,2,1,Electronic Check,2,No
CUST-13715,65,Female,28,One Year,Fiber Optic,Yes,Yes,91.68,2465.27,212.0,27,1,0,Mailed Check,2,No
CUST-13716,63,Female,19,Month-to-Month,Fiber Optic,Yes,No,73.9,1310.35,185.9,12,1,0,Bank Transfer,3,No
CUST-13717,57,Female,20,Month-to-Month,No,Yes,Yes,29.65,545.8,125.9,48,4,0,Electronic Check,3,No
CUST-13718,35,Male,13,Month-to-Month,Fiber Optic,No,Yes,41.8,508.55,275.4,44,1,0,Mailed Check,0,No
CUST-13719,59,Male,43,Month-to-Month,Fiber Optic,Yes,No,103.78,4596.91,132.5,36,0,0,Bank Transfer,0,Yes
CUST-13720,37,Female,11,One Year,DSL,Yes,Yes,29.33,295.49,292.9,28,3,0,Bank Transfer,1,No
CUST-13721,23,Male,48,One Year,Fiber Optic,No,No,122.02,6125.68,57.7,25,2,1,Credit Card,2,No
CUST-13722,29,Male,15,Month-to-Month,DSL,Yes,No,50.72,685.29,199.4,9,1,0,Bank Transfer,4,Yes
CUST-13723,19,Female,17,Month-to-Month,No,Yes,No,104.52,1774.59,69.6,47,3,0,Credit Card,4,No
CUST-13724,24,Female,54,Month-to-Month,Fiber Optic,No,No,57.36,3185.65,104.9,37,1,1,Bank Transfer,3,No
CUST-13725,33,Male,50,Month-to-Month,Fiber Optic,Yes,Yes,85.0,4420.4,133.8,23,1,0,Electronic Check,4,No
CUST-13726,20,Female,28,Two Year,Fiber Optic,Yes,No,99.88,2577.38,316.9,11,0,0,Electronic Check,1,No
CUST-13727,62,Male,4,Two Year,Fiber Optic,Yes,Yes,99.75,400.89,297.7,50,3,0,Bank Transfer,2,Yes
CUST-13728,20,Male,22,Month-to-Month,DSL,Yes,Yes,50.39,1015.57,258.7,1,1,0,Bank Transfer,3,No
CUST-13729,44,Female,39,Month-to-Month,DSL,Yes,No,43.57,1619.18,183.0,16,1,0,Credit Card,1,No
CUST-13730,67,Male,34,Two Year,DSL,No,No,62.97,2161.94,196.9,50,2,1,Electronic Check,5,No
CUST-13731,60,Male,44,Month-to-Month,Fiber Optic,Yes,Yes,32.49,1360.79,294.0,13,1,0,Electronic Check,1,Yes
CUST-13732,57,Male,42,Month-to-Month,DSL,No,Yes,70.98,2823.18,243.1,20,3,0,Bank Transfer,4,No
CUST-13733,55,Female,40,One Year,Fiber Optic,No,No,44.48,1632.25,181.6,16,1,3,Credit Card,2,No
CUST-13734,50,Female,12,Month-to-Month,Fiber Optic,Yes,Yes,92.07,1005.37,313.8,54,2,0,Bank Transfer,2,Yes
CUST-13735,45,Female,2,Month-to-Month,Fiber Optic,Yes,No,50.75,93.11,253.3,16,3,0,Electronic Check,2,No
CUST-13736,18,Female,28,Two Year,DSL,Yes,No,21.44,619.12,201.8,35,1,0,Electronic Check,0,No
CUST-13737,72,Male,67,One Year,DSL,Yes,Yes,100.02,6042.46,138.7,50,2,1,Electronic Check,2,No
CUST-13738,25,Female,71,Month-to-Month,DSL,Yes,Yes,69.58,4959.59,130.6,32,1,0,Electronic Check,1,No
CUST-13739,54,Female,10,Month-to-Month,Fiber Optic,No,Yes,65.73,667.35,149.7,23,4,2,Bank Transfer,3,Yes
CUST-13740,49,Female,57,Month-to-Month,DSL,Yes,No,92.36,5186.52,221.1,56,0,0,Electronic Check,1,Yes
CUST-13741,65,Female,37,One Year,No,Yes,No,86.79,3242.11,255.2,25,3,1,Bank Transfer,3,No
CUST-13742,60,Male,64,Month-to-Month,Fiber Optic,Yes,No,45.95,2934.45,50.0,43,1,1,Electronic Check,2,No
CUST-13743,54,Male,40,Month-to-Month,DSL,Yes,Yes,53.76,2082.3,4.8,28,3,1,Electronic Check,3,No
CUST-13744,21,Male,60,Two Year,Fiber Optic,Yes,No,37.18,2135.78,94.4,58,2,1,Mailed Check,4,No
CUST-13745,47,Female,48,Month-to-Month,Fiber Optic,No,Yes,28.39,1418.86,143.3,45,2,0,Credit Card,1,No
CUST-13746,23,Female,19,Month-to-Month,Fiber Optic,Yes,No,79.46,1578.87,287.6,56,2,0,Mailed Check,5,No
CUST-13747,63,Male,33,Month-to-Month,DSL,Yes,Yes,74.8,2462.7,154.8,2,2,0,Mailed Check,3,Yes
CUST-13748,71,Female,44,Month-to-Month,DSL,Yes,No,84.02,3436.6,202.9,3,3,0,Electronic Check,2,Yes
CUST-13749,36,Female,37,Month-to-Month,DSL,Yes,No,97.04,3472.66,217.6,31,2,0,Credit Card,5,Yes
CUST-13750,49,Male,36,Two Year,Fiber Optic,Yes,Yes,84.36,2959.46,87.9,33,1,0,Mailed Check,6,No
CUST-13751,26,Male,21,Two Year,Fiber Optic,Yes,No,86.59,1843.29,311.4,33,1,1,Mailed Check,2,No
CUST-13752,29,Female,2,Month-to-Month,Fiber Optic,Yes,Yes,15.0,30.0,120.2,47,0,1,Bank Transfer,2,Yes
CUST-13753,28,Female,31,Month-to-Month,No,Yes,Yes,57.33,1736.75,320.4,54,1,0,Credit Card,4,Yes
CUST-13754,63,Female,30,One Year,DSL,Yes,Yes,89.11,2678.79,168.6,35,1,0,Mailed Check,3,No
CUST-13755,72,Male,44,Month-to-Month,DSL,Yes,No,35.79,1422.97,149.6,36,1,1,Mailed Check,3,No
CUST-13756,33,Male,12,Month-to-Month,Fiber Optic,Yes,No,67.29,820.8,80.0,26,1,1,Bank Transfer,4,No
CUST-13757,18,Male,51,Two Year,DSL,Yes,No,77.99,3706.01,197.8,12,0,2,Electronic Check,4,No
CUST-13758,62,Male,49,Month-to-Month,DSL,Yes,No,76.07,,382.9,56,2,1,Mailed Check,1,No
CUST-13759,72,Female,24,Month-to-Month,Fiber Optic,Yes,Yes,74.22,1633.6,217.2,53,1,0,Credit Card,7,Yes
CUST-13760,70,Male,24,Month-to-Month,DSL,Yes,Yes,79.97,1760.3,204.3,44,1,0,Bank Transfer,1,No
CUST-13761,38,Male,60,Month-to-Month,Fiber Optic,Yes,Yes,69.52,3776.39,120.0,46,1,0,Credit Card,1,Yes
CUST-13762,47,Female,11,Month-to-Month,DSL,Yes,No,28.43,324.16,233.3,11,2,0,Credit Card,4,Yes
CUST-13763,30,Female,13,Month-to-Month,Fiber Optic,Yes,No,77.67,1000.3,194.2,6,0,0,Credit Card,2,No
CUST-13764,51,Female,64,Month-to-Month,No,No,Yes,72.12,4404.72,174.3,25,1,1,Bank Transfer,3,No
CUST-13765,21,Male,20,One Year,DSL,Yes,No,28.76,585.65,224.5,46,2,0,Credit Card,1,No
CUST-13766,45,Female,71,Month-to-Month,No,Yes,No,99.49,7020.79,16.6,59,1,0,Mailed Check,4,No
CUST-13767,55,Female,28,Month-to-Month,Fiber Optic,Yes,Yes,78.35,2178.47,171.0,59,3,1,Bank Transfer,3,Yes
CUST-13768,48,Male,2,One Year,No,Yes,No,30.49,59.34,72.3,34,1,0,Mailed Check,2,No
CUST-13769,72,Male,43,Two Year,DSL,Yes,No,44.57,1727.14,182.6,35,1,0,Electronic Check,5,No
CUST-13770,44,Female,8,Month-to-Month,Fiber Optic,Yes,Yes,50.9,382.27,114.8,21,1,0,Mailed Check,2,No
CUST-13771,22,Male,13,Month-to-Month,Fiber Optic,Yes,No,50.88,606.12,121.0,18,2,1,Credit Card,6,No
CUST-13772,42,Female,35,Month-to-Month,Fiber Optic,Yes,Yes,72.33,2529.93,60.0,8,2,3,Electronic Check,4,No
CUST-13773,20,Female,23,One Year,Fiber Optic,No,Yes,40.59,875.03,280.4,34,0,0,Credit Card,4,No
CUST-13774,50,Male,46,Month-to-Month,Fiber Optic,Yes,Yes,93.2,4147.97,119.0,52,1,0,Bank Transfer,3,Yes
CUST-13775,21,Female,15,Month-to-Month,No,Yes,No,91.15,1303.01,123.8,48,2,0,Bank Transfer,3,Yes
CUST-13776,42,Male,2,Month-to-Month,Fiber Optic,Yes,Yes,80.48,148.32,317.8,14,0,1,Electronic Check,2,Yes
CUST-13777,37,Male,61,Month-to-Month,DSL,Yes,No,66.11,,231.1,19,1,1,Mailed Check,2,Yes
CUST-13778,51,Male,64,Month-to-Month,Fiber Optic,Yes,No,88.44,5886.64,1.0,20,3,0,Credit Card,1,No
CUST-13779,43,Female,52,Month-to-Month,Fiber Optic,Yes,Yes,58.1,2757.42,304.7,4,1,2,Mailed Check,1,No
CUST-13780,22,Male,36,Two Year,Fiber Optic,Yes,No,46.89,1728.73,328.3,38,1,0,Credit Card,3,No
CUST-13781,52,Male,67,One Year,Fiber Optic,Yes,Yes,94.75,6178.47,319.9,32,3,0,Credit Card,4,No
CUST-13782,45,Female,69,Month-to-Month,No,Yes,No,72.94,5113.69,240.1,26,1,0,Mailed Check,4,No
CUST-13783,46,Female,67,Month-to-Month,Fiber Optic,Yes,Yes,47.9,2961.14,80.8,28,2,0,Bank Transfer,3,No
CUST-13784,26,Female,47,Month-to-Month,DSL,Yes,No,54.56,2358.77,175.6,12,2,0,Bank Transfer,4,No
CUST-13785,69,Female,2,Month-to-Month,DSL,No,No,46.59,96.31,49.6,58,1,0,Electronic Check,3,No
CUST-13786,55,Male,44,Two Year,No,Yes,No,115.55,5260.48,102.1,10,1,0,Mailed Check,7,No
CUST-13787,67,Male,64,Two Year,Fiber Optic,Yes,Yes,65.1,4040.94,80.0,41,1,0,Bank Transfer,5,No
CUST-13788,23,Male,28,Month-to-Month,No,Yes,No,68.94,1989.24,123.6,35,1,0,Bank Transfer,3,Yes
CUST-13789,36,Female,54,Month-to-Month,DSL,Yes,Yes,83.03,4484.15,194.8,33,0,1,Credit Card,4,Yes
CUST-13790,61,Female,67,Month-to-Month,Fiber Optic,Yes,Yes,34.62,2151.96,140.0,14,1,0,Credit Card,2,No
CUST-13791,74,Male,36,One Year,Fiber Optic,Yes,Yes,92.41,3158.24,136.1,40,1,0,Bank Transfer,4,No
CUST-13792,28,Female,63,One Year,DSL,No,Yes,49.8,2887.69,153.8,23,2,0,Electronic Check,2,No
CUST-13793,19,Female,25,Two Year,Fiber Optic,Yes,No,110.75,2813.31,315.0,18,1,0,Bank Transfer,4,No
CUST-13794,64,Male,48,One Year,Fiber Optic,No,No,57.18,2875.8,374.7,53,0,0,Electronic Check,5,No
CUST-13795,61,Male,39,Month-to-Month,Fiber Optic,Yes,Yes,90.94,3482.67,139.4,44,0,0,Electronic Check,1,Yes
CUST-13796,61,Female,47,One Year,No,Yes,No,15.0,703.86,210.2,12,0,2,Credit Card,2,No
CUST-13797,26,Female,21,One Year,No,Yes,Yes,35.62,756.93,104.3,42,2,1,Electronic Check,3,No
CUST-13798,38,Female,30,Month-to-Month,No,Yes,No,57.66,1615.01,249.1,36,1,2,Mailed Check,2,Yes
CUST-13799,41,Male,31,Month-to-Month,No,Yes,No,15.0,441.94,137.1,25,2,0,Mailed Check,3,No
CUST-13800,51,Male,26,One Year,Fiber Optic,Yes,No,80.02,2001.14,116.0,52,2,0,Credit Card,4,No
CUST-13801,39,Male,22,One Year,Fiber Optic,Yes,Yes,72.82,1584.72,360.1,37,0,0,Bank Transfer,2,No
CUST-13802,20,Male,21,One Year,No,No,No,40.23,868.13,58.0,40,2,0,Mailed Check,5,No
CUST-13803,29,Male,1,One Year,Fiber Optic,Yes,Yes,64.6,60.6,1.0,51,2,0,Mailed Check,5,Yes
CUST-13804,45,Female,37,One Year,DSL,Yes,No,85.16,3058.39,246.1,22,0,1,Bank Transfer,4,No
CUST-13805,47,Female,46,One Year,Fiber Optic,Yes,No,15.0,698.78,146.9,6,1,1,Credit Card,4,No
CUST-13806,43,Female,9,Month-to-Month,DSL,Yes,No,33.16,272.51,121.9,16,1,2,Electronic Check,2,Yes
CUST-13807,65,Male,17,One Year,Fiber Optic,Yes,Yes,56.62,940.34,425.8,23,2,0,Electronic Check,2,No
CUST-13808,38,Male,47,Month-to-Month,DSL,Yes,No,65.59,2841.22,245.7,9,3,0,Bank Transfer,4,No
CUST-13809,45,Male,59,Month-to-Month,DSL,Yes,No,63.53,3676.57,174.7,43,2,0,Bank Transfer,1,No
CUST-13810,73,Female,54,Month-to-Month,No,Yes,No,87.23,4781.89,116.3,35,1,0,Mailed Check,2,No
CUST-13811,43,Male,12,One Year,Fiber Optic,Yes,No,76.93,863.66,220.1,29,1,0,Electronic Check,5,No
CUST-13812,50,Male,64,One Year,Fiber Optic,Yes,No,82.42,5419.53,24.0,14,1,0,Credit Card,2,No
CUST-13813,38,Female,6,Two Year,Fiber Optic,Yes,No,30.25,172.47,133.6,5,1,1,Mailed Check,3,No
CUST-13814,52,Male,53,Month-to-Month,No,Yes,Yes,68.62,3377.25,176.7,21,2,0,Electronic Check,1,No
CUST-13815,69,Female,16,Month-to-Month,Fiber Optic,Yes,No,57.32,889.42,199.2,53,1,1,Credit Card,6,No
CUST-13816,51,Male,5,Month-to-Month,Fiber Optic,Yes,Yes,101.55,523.7,167.2,6,2,0,Electronic Check,1,Yes
CUST-13817,58,Male,46,Month-to-Month,No,Yes,No,69.36,2904.49,117.6,1,1,1,Mailed Check,1,Yes
CUST-13818,68,Female,14,One Year,DSL,Yes,No,48.27,641.41,262.9,31,0,0,Credit Card,3,No
CUST-13819,64,Female,44,Month-to-Month,No,Yes,Yes,86.31,3789.95,31.4,45,1,1,Electronic Check,2,No
CUST-13820,35,Female,63,One Year,Fiber Optic,Yes,No,79.08,4751.06,155.0,41,2,0,Electronic Check,3,No
CUST-13821,28,Female,52,One Year,Fiber Optic,No,No,44.46,2105.29,133.4,28,1,2,Electronic Check,2,Yes
CUST-13822,74,Female,26,Month-to-Month,DSL,Yes,No,56.29,1390.07,271.1,3,2,1,Mailed Check,2,No
CUST-13823,40,Female,53,Two Year,Fiber Optic,Yes,Yes,56.71,3075.19,138.7,38,3,0,Mailed Check,2,No
CUST-13824,65,Male,29,Month-to-Month,Fiber Optic,Yes,Yes,95.69,2900.46,219.4,52,0,0,Credit Card,4,No
CUST-13825,39,Male,19,Month-to-Month,No,Yes,No,70.08,1206.31,210.0,23,3,2,Bank Transfer,8,No
CUST-13826,34,Female,47,Two Year,No,Yes,Yes,83.17,,14.8,40,1,0,Electronic Check,0,Yes
CUST-13827,22,Male,8,Two Year,No,Yes,No,52.67,385.88,174.1,4,1,0,Electronic Check,4,No
CUST-13828,61,Female,23,Month-to-Month,DSL,Yes,Yes,73.37,1690.99,23.2,58,4,1,Electronic Check,6,Yes
CUST-13829,28,Male,35,Month-to-Month,No,Yes,Yes,97.58,3077.81,211.6,6,1,0,Mailed Check,0,Yes
CUST-13830,47,Female,53,Month-to-Month,Fiber Optic,Yes,No,55.97,2676.33,114.3,12,1,2,Electronic Check,5,Yes
CUST-13831,32,Male,58,Month-to-Month,No,No,Yes,67.88,4002.13,286.8,12,2,0,Credit Card,2,No
CUST-13832,44,Male,5,Two Year,DSL,Yes,No,30.92,,163.7,58,1,0,Mailed Check,2,No
CUST-13833,52,Male,16,One Year,Fiber Optic,Yes,No,45.86,693.97,110.7,7,1,1,Mailed Check,6,No
CUST-13834,50,Male,17,Month-to-Month,No,Yes,No,56.64,1004.96,288.0,28,0,0,Mailed Check,5,No
CUST-13835,37,Male,32,Two Year,No,Yes,Yes,38.48,1290.2,101.5,26,0,1,Mailed Check,3,No
CUST-13836,33,Female,52,Month-to-Month,Fiber Optic,Yes,No,98.05,4712.18,260.5,48,1,1,Bank Transfer,4,No
CUST-13837,51,Female,20,Month-to-Month,Fiber Optic,Yes,Yes,44.05,867.02,222.1,7,1,0,Mailed Check,1,No
CUST-13838,19,Female,66,Two Year,DSL,No,No,84.67,5498.09,147.1,57,3,0,Bank Transfer,2,No
CUST-13839,52,Male,1,Two Year,Fiber Optic,No,Yes,69.67,67.43,59.8,56,2,0,Mailed Check,1,No
CUST-13840,57,Female,58,Two Year,Fiber Optic,Yes,Yes,65.77,3962.31,291.7,3,2,1,Mailed Check,1,No
CUST-13841,73,Male,44,Month-to-Month,DSL,Yes,No,102.15,4553.5,225.0,13,1,0,Electronic Check,5,Yes
CUST-13842,45,Male,6,One Year,DSL,Yes,No,15.0,91.32,110.5,52,1,0,Mailed Check,7,Yes
CUST-13843,64,Male,50,Month-to-Month,DSL,Yes,Yes,60.09,2825.54,202.0,41,0,0,Credit Card,3,No
CUST-13844,56,Female,20,One Year,Fiber Optic,Yes,Yes,37.99,733.32,270.6,11,3,0,Credit Card,3,Yes
CUST-13845,23,Male,14,Two Year,DSL,Yes,No,15.96,217.43,190.1,39,2,0,Credit Card,2,No
CUST-13846,26,Female,5,Month-to-Month,Fiber Optic,Yes,Yes,35.13,165.96,201.5,23,1,0,Electronic Check,5,Yes
CUST-13847,37,Female,41,One Year,Fiber Optic,Yes,Yes,65.43,2452.52,272.9,47,4,0,Mailed Check,2,Yes
CUST-13848,18,Male,40,Month-to-Month,Fiber Optic,Yes,Yes,46.87,1722.85,318.4,1,2,0,Credit Card,3,Yes
CUST-13849,25,Male,34,Month-to-Month,Fiber Optic,Yes,Yes,87.42,2755.6,169.2,34,3,1,Credit Card,3,No
CUST-13850,72,Female,45,One Year,Fiber Optic,Yes,Yes,59.65,2497.82,59.6,31,1,0,Credit Card,5,No
CUST-13851,40,Female,71,Month-to-Month,Fiber Optic,No,Yes,56.88,,62.8,33,3,0,Bank Transfer,2,No
CUST-13852,20,Female,71,One Year,Fiber Optic,Yes,No,56.99,3796.71,117.8,47,3,0,Bank Transfer,7,No
CUST-13853,21,Female,27,Month-to-Month,Fiber Optic,Yes,Yes,62.54,1635.15,95.9,36,2,0,Bank Transfer,1,Yes
CUST-13854,42,Female,44,Two Year,No,Yes,No,54.54,2343.21,28.6,36,3,1,Credit Card,2,No
CUST-13855,64,Female,33,Month-to-Month,DSL,Yes,No,43.72,1365.33,346.3,14,0,0,Credit Card,3,No
CUST-13856,55,Male,33,Month-to-Month,DSL,Yes,No,89.73,3067.97,227.5,37,3,1,Mailed Check,4,Yes
CUST-13857,32,Female,44,Month-to-Month,Fiber Optic,Yes,No,49.4,2136.59,132.9,32,2,0,Credit Card,0,No
CUST-13858,38,Female,20,Two Year,Fiber Optic,Yes,Yes,55.41,1128.28,177.1,53,3,0,Credit Card,4,No
CUST-13859,52,Female,36,One Year,No,Yes,Yes,75.74,2831.99,19.2,28,1,0,Credit Card,5,No
CUST-13860,74,Female,7,One Year,DSL,No,No,72.97,472.21,284.2,1,2,0,Credit Card,4,Yes
CUST-13861,70,Male,32,Month-to-Month,Fiber Optic,Yes,Yes,42.66,1316.22,4.5,47,2,0,Electronic Check,2,No
CUST-13862,70,Male,67,Month-to-Month,DSL,No,Yes,83.87,5422.51,225.9,7,1,0,Mailed Check,3,No
CUST-13863,63,Female,39,Month-to-Month,Fiber Optic,No,No,78.44,2915.9,14.5,16,2,2,Credit Card,3,No
CUST-13864,69,Female,24,One Year,DSL,Yes,Yes,69.45,1502.35,142.7,54,2,0,Electronic Check,3,No
CUST-13865,31,Female,70,Month-to-Month,No,No,No,54.22,3880.4,291.8,32,1,0,Bank Transfer,2,No
CUST-13866,53,Male,54,Two Year,No,Yes,No,54.83,2714.28,32.9,24,0,0,Electronic Check,2,No
CUST-13867,29,Male,38,One Year,Fiber Optic,Yes,No,59.96,2390.86,166.6,14,2,0,Bank Transfer,1,No
CUST-13868,34,Male,32,Month-to-Month,No,Yes,No,34.2,1111.85,236.5,47,0,1,Electronic Check,2,No
CUST-13869,56,Male,45,Month-to-Month,Fiber Optic,No,Yes,64.02,2843.45,221.8,15,2,0,Electronic Check,4,No
CUST-13870,26,Male,61,One Year,No,Yes,No,87.3,4916.27,186.3,52,0,0,Electronic Check,1,No
CUST-13871,52,Male,70,Month-to-Month,No,Yes,Yes,86.91,5945.65,224.6,1,0,1,Bank Transfer,6,No
CUST-13872,30,Female,53,Month-to-Month,DSL,Yes,No,55.48,2761.56,125.0,28,1,1,Bank Transfer,3,No
CUST-13873,32,Male,51,Month-to-Month,Fiber Optic,No,Yes,91.6,4381.25,354.0,19,2,0,Bank Transfer,2,Yes
CUST-13874,35,Male,56,One Year,Fiber Optic,Yes,No,112.65,6462.51,35.0,57,1,0,Credit Card,2,No
CUST-13875,68,Female,27,One Year,DSL,Yes,No,57.09,1475.3,284.6,58,3,0,Bank Transfer,2,No
CUST-13876,50,Male,38,Month-to-Month,DSL,Yes,Yes,82.29,3025.73,197.1,7,2,0,Electronic Check,3,No
CUST-13877,23,Female,62,Month-to-Month,No,Yes,Yes,15.0,954.59,235.5,18,1,1,Bank Transfer,2,No
CUST-13878,44,Male,18,Month-to-Month,No,Yes,Yes,33.55,551.46,251.5,47,0,0,Mailed Check,4,No
CUST-13879,40,Female,64,One Year,Fiber Optic,Yes,Yes,67.28,,230.0,13,3,0,Credit Card,3,No
CUST-13880,44,Female,30,Month-to-Month,No,Yes,Yes,39.83,,107.0,51,1,0,Electronic Check,4,Yes
CUST-13881,51,Female,49,Month-to-Month,No,Yes,No,115.98,5477.19,154.2,18,1,0,Mailed Check,2,No
CUST-13882,73,Female,41,Two Year,DSL,Yes,Yes,79.95,3358.15,49.4,4,2,0,Bank Transfer,1,No
CUST-13883,63,Female,13,Two Year,DSL,Yes,Yes,89.15,1206.97,153.1,50,2,0,Electronic Check,3,No
CUST-13884,55,Male,34,Two Year,DSL,Yes,No,64.27,2119.19,209.0,4,0,2,Bank Transfer,3,No
CUST-13885,31,Male,25,Two Year,DSL,Yes,Yes,39.92,966.49,234.6,27,0,1,Electronic Check,2,No
CUST-13886,53,Female,66,Month-to-Month,DSL,Yes,Yes,52.03,3349.19,215.2,16,2,1,Credit Card,4,No
CUST-13887,70,Female,18,Month-to-Month,Fiber Optic,Yes,No,71.36,1295.36,22.0,14,1,0,Electronic Check,4,Yes
CUST-13888,25,Female,5,Month-to-Month,No,Yes,No,49.05,245.3,129.4,14,2,1,Bank Transfer,2,Yes
CUST-13889,52,Male,19,Month-to-Month,No,Yes,Yes,81.78,1450.37,120.4,7,1,0,Bank Transfer,2,No
CUST-13890,36,Female,42,Two Year,Fiber Optic,Yes,Yes,82.79,3162.79,62.1,45,1,0,Electronic Check,2,No
CUST-13891,47,Female,18,One Year,No,Yes,Yes,65.12,1221.85,104.8,56,0,2,Mailed Check,1,Yes
CUST-13892,31,Female,32,One Year,Fiber Optic,Yes,Yes,19.36,581.83,180.1,14,1,1,Credit Card,2,No
CUST-13893,37,Female,21,Month-to-Month,No,Yes,Yes,107.87,2255.73,307.2,42,2,0,Electronic Check,4,Yes
CUST-13894,66,Male,10,Two Year,Fiber Optic,No,No,59.68,611.28,94.2,45,1,0,Credit Card,5,No
CUST-13895,42,Female,37,Two Year,DSL,Yes,No,132.73,4641.11,78.4,6,1,1,Bank Transfer,6,No
CUST-13896,57,Female,49,Month-to-Month,No,Yes,Yes,81.31,3965.52,126.0,43,2,1,Credit Card,1,No
CUST-13897,41,Male,13,Two Year,Fiber Optic,Yes,No,59.75,711.65,210.4,57,1,1,Credit Card,2,No
CUST-13898,31,Female,55,Month-to-Month,Fiber Optic,Yes,Yes,76.2,4381.65,290.1,38,1,0,Bank Transfer,1,No
CUST-13899,43,Female,17,Month-to-Month,DSL,Yes,No,15.0,231.72,172.2,27,1,0,Credit Card,2,Yes
CUST-13900,55,Male,9,One Year,Fiber Optic,Yes,No,90.65,787.89,49.9,11,2,0,Mailed Check,1,Yes
CUST-13901,40,Male,44,One Year,No,Yes,No,129.17,5572.78,69.0,31,2,1,Mailed Check,6,No
CUST-13902,39,Male,46,Month-to-Month,DSL,Yes,Yes,15.0,702.81,196.9,51,0,1,Electronic Check,5,No
CUST-13903,65,Female,8,Month-to-Month,No,Yes,Yes,57.81,,269.6,49,0,1,Electronic Check,2,Yes
CUST-13904,74,Female,37,Two Year,DSL,Yes,No,62.37,2229.51,343.4,57,5,0,Mailed Check,2,No
CUST-13905,36,Male,19,One Year,Fiber Optic,Yes,Yes,86.88,1559.86,73.6,3,1,0,Electronic Check,1,No
CUST-13906,63,Male,63,One Year,DSL,No,Yes,117.65,7017.65,192.6,1,2,0,Credit Card,4,No
CUST-13907,68,Male,46,Month-to-Month,Fiber Optic,Yes,Yes,74.57,3487.91,87.3,16,0,1,Bank Transfer,4,No
CUST-13908,20,Female,71,Month-to-Month,DSL,Yes,No,118.54,7581.6,99.1,44,1,0,Electronic Check,7,Yes
CUST-13909,59,Female,26,Month-to-Month,Fiber Optic,Yes,Yes,69.26,1823.02,91.5,27,0,0,Electronic Check,5,Yes
CUST-13910,36,Male,46,Month-to-Month,DSL,No,No,76.29,3585.0,149.9,46,2,0,Mailed Check,6,Yes
CUST-13911,26,Female,46,Month-to-Month,DSL,Yes,Yes,73.21,,100.6,50,5,1,Bank Transfer,2,No
CUST-13912,45,Male,14,Month-to-Month,Fiber Optic,Yes,Yes,95.51,1329.16,403.1,3,0,0,Electronic Check,4,Yes
CUST-13913,37,Female,63,One Year,DSL,Yes,No,54.44,3258.3,138.6,56,1,0,Electronic Check,0,No
CUST-13914,62,Female,3,Month-to-Month,DSL,Yes,Yes,85.46,247.17,268.9,8,1,1,Bank Transfer,2,Yes
CUST-13915,24,Female,28,Two Year,DSL,Yes,Yes,34.23,1002.01,120.6,50,0,0,Bank Transfer,2,No
CUST-13916,31,Female,29,Month-to-Month,Fiber Optic,Yes,Yes,57.89,1732.83,381.0,16,3,0,Bank Transfer,1,Yes
CUST-13917,26,Male,18,Month-to-Month,Fiber Optic,Yes,Yes,49.08,856.52,210.5,47,1,1,Electronic Check,2,No
CUST-13918,72,Female,35,Month-to-Month,DSL,Yes,No,67.2,2449.51,255.3,54,2,0,Mailed Check,2,No
CUST-13919,74,Female,47,Month-to-Month,DSL,Yes,Yes,57.1,2746.61,126.8,2,1,0,Credit Card,4,Yes
CUST-13920,36,Male,5,Month-to-Month,Fiber Optic,No,No,93.3,482.9,267.9,29,3,0,Electronic Check,4,Yes
CUST-13921,64,Female,59,Two Year,DSL,Yes,No,43.03,2544.98,210.1,16,3,1,Electronic Check,2,No
CUST-13922,69,Male,59,One Year,No,Yes,Yes,21.72,1318.19,145.9,55,1,0,Bank Transfer,3,No
CUST-13923,31,Male,47,Month-to-Month,Fiber Optic,Yes,Yes,31.07,1509.6,82.8,29,1,0,Bank Transfer,2,No
CUST-13924,73,Female,13,Month-to-Month,Fiber Optic,Yes,Yes,89.85,1067.37,158.6,31,3,0,Credit Card,2,No
CUST-13925,55,Female,33,One Year,DSL,Yes,Yes,40.76,1405.32,150.9,42,1,1,Electronic Check,2,No
CUST-13926,70,Male,62,One Year,Fiber Optic,Yes,No,74.95,4414.75,258.2,59,2,1,Bank Transfer,2,No
CUST-13927,53,Male,16,Month-to-Month,No,Yes,Yes,57.63,890.72,159.1,11,2,0,Electronic Check,5,Yes
CUST-13928,57,Male,44,One Year,Fiber Optic,Yes,No,85.61,3837.6,7.1,51,2,0,Bank Transfer,1,No
CUST-13929,34,Female,58,Two Year,Fiber Optic,Yes,Yes,59.23,3434.43,238.2,32,0,0,Credit Card,1,No
CUST-13930,47,Male,6,One Year,Fiber Optic,Yes,Yes,134.11,831.99,296.4,24,2,0,Mailed Check,4,No
CUST-13931,26,Male,15,Two Year,Fiber Optic,Yes,Yes,112.45,1619.43,30.1,19,0,0,Credit Card,1,No
CUST-13932,50,Male,4,Two Year,DSL,Yes,Yes,57.12,218.43,342.4,32,0,1,Electronic Check,2,No
CUST-13933,73,Female,56,Two Year,Fiber Optic,Yes,No,53.7,2720.77,305.7,10,1,0,Electronic Check,2,No
CUST-13934,69,Male,64,Month-to-Month,DSL,Yes,No,143.31,8891.26,123.2,54,2,0,Bank Transfer,4,No
CUST-13935,42,Female,68,One Year,Fiber Optic,Yes,Yes,38.03,2608.31,79.5,49,1,0,Electronic Check,2,No
CUST-13936,31,Female,34,One Year,No,Yes,No,63.62,2044.49,274.8,56,3,0,Electronic Check,4,No
CUST-13937,28,Male,56,One Year,No,Yes,No,65.56,3559.05,56.7,32,0,1,Electronic Check,1,No
CUST-13938,70,Female,32,Two Year,Fiber Optic,Yes,No,64.94,1938.66,119.8,23,1,1,Bank Transfer,1,No
CUST-13939,52,Male,9,Month-to-Month,DSL,Yes,No,21.53,196.85,61.6,33,4,0,Credit Card,1,Yes
CUST-13940,58,Female,63,Month-to-Month,DSL,Yes,No,77.42,4433.99,180.5,30,2,0,Bank Transfer,4,No
CUST-13941,31,Female,33,Month-to-Month,Fiber Optic,Yes,No,40.74,1352.23,311.9,30,2,1,Electronic Check,4,Yes
CUST-13942,47,Male,21,Month-to-Month,No,Yes,Yes,100.9,2027.45,213.7,7,0,0,Mailed Check,4,No
CUST-13943,58,Male,55,Month-to-Month,Fiber Optic,No,Yes,28.6,1425.51,271.6,16,1,0,Mailed Check,3,No
CUST-13944,21,Male,57,One Year,DSL,Yes,No,66.49,3896.13,148.3,43,1,0,Credit Card,4,No
CUST-13945,21,Female,2,Month-to-Month,No,Yes,No,15.0,29.19,188.8,53,4,0,Credit Card,4,Yes
CUST-13946,45,Female,13,One Year,No,Yes,No,15.0,193.03,69.6,50,1,0,Credit Card,4,No
CUST-13947,25,Male,4,One Year,Fiber Optic,Yes,No,44.02,177.81,171.3,1,2,2,Credit Card,4,No
CUST-13948,19,Male,50,Month-to-Month,Fiber Optic,Yes,Yes,47.54,2372.87,112.9,30,0,1,Credit Card,4,No
CUST-13949,58,Female,48,Month-to-Month,Fiber Optic,Yes,No,101.64,4925.69,165.6,34,2,0,Electronic Check,0,Yes
CUST-13950,63,Female,30,One Year,Fiber Optic,Yes,No,63.99,1947.23,159.4,54,2,0,Mailed Check,1,No
CUST-13951,39,Female,29,One Year,No,Yes,No,97.31,2789.18,151.7,34,1,1,Electronic Check,2,No
CUST-13952,58,Male,8,Two Year,DSL,Yes,No,55.51,424.03,369.7,38,1,0,Credit Card,1,No
CUST-13953,73,Female,12,Two Year,Fiber Optic,Yes,Yes,80.15,900.7,339.1,31,1,0,Bank Transfer,2,No
CUST-13954,72,Male,41,Two Year,Fiber Optic,Yes,Yes,46.86,1989.34,307.5,56,2,1,Mailed Check,6,No
CUST-13955,33,Female,26,One Year,No,Yes,No,45.16,1227.57,341.6,8,1,1,Mailed Check,2,No
CUST-13956,46,Female,50,Two Year,No,Yes,Yes,19.48,928.85,307.7,54,2,0,Electronic Check,5,No
CUST-13957,66,Male,2,Two Year,No,Yes,Yes,73.39,134.57,178.0,53,2,0,Electronic Check,1,No
CUST-13958,65,Male,55,Two Year,Fiber Optic,Yes,Yes,71.55,3673.09,168.8,20,2,0,Bank Transfer,3,No
CUST-13959,47,Male,56,Month-to-Month,No,Yes,Yes,84.43,4730.92,201.2,46,3,0,Mailed Check,2,Yes
CUST-13960,29,Female,14,Two Year,Fiber Optic,Yes,No,70.37,912.22,161.0,54,1,0,Mailed Check,5,No
CUST-13961,52,Female,6,Month-to-Month,Fiber Optic,Yes,No,115.65,705.71,86.4,29,1,1,Mailed Check,1,Yes
CUST-13962,28,Female,61,One Year,DSL,Yes,No,69.4,4396.19,206.7,31,0,0,Credit Card,5,No
CUST-13963,63,Male,12,Month-to-Month,No,Yes,Yes,89.8,1125.6,39.0,21,0,0,Mailed Check,1,No
CUST-13964,67,Female,13,Month-to-Month,No,Yes,No,56.9,666.76,192.4,26,3,0,Electronic Check,3,No
CUST-13965,38,Male,19,Month-to-Month,DSL,Yes,No,42.29,838.64,90.5,31,1,0,Bank Transfer,4,Yes
CUST-13966,38,Male,44,Month-to-Month,DSL,Yes,No,82.94,3689.61,172.7,20,1,2,Credit Card,3,No
CUST-13967,22,Male,59,Month-to-Month,No,Yes,No,62.77,3379.78,197.2,22,1,0,Credit Card,6,No
CUST-13968,65,Female,37,Two Year,Fiber Optic,Yes,No,85.8,3054.87,148.2,57,3,1,Mailed Check,2,No
CUST-13969,37,Female,25,Month-to-Month,No,Yes,Yes,73.82,1854.74,32.4,57,2,2,Bank Transfer,5,Yes
CUST-13970,54,Male,16,Month-to-Month,DSL,Yes,Yes,45.17,754.16,73.1,40,1,0,Electronic Check,3,No
CUST-13971,20,Female,38,Month-to-Month,DSL,Yes,No,91.86,3227.56,221.2,26,1,0,Electronic Check,5,Yes
CUST-13972,61,Male,43,One Year,Fiber Optic,Yes,No,43.22,1708.22,129.8,17,1,0,Electronic Check,6,No
CUST-13973,50,Male,14,Month-to-Month,DSL,No,No,80.63,1095.92,230.5,25,1,0,Bank Transfer,2,No
CUST-13974,70,Female,6,Month-to-Month,DSL,Yes,Yes,97.04,608.57,180.9,37,1,2,Bank Transfer,1,Yes
CUST-13975,26,Male,23,Month-to-Month,DSL,Yes,No,55.39,1332.2,162.2,27,0,1,Mailed Check,3,Yes
CUST-13976,26,Male,60,One Year,DSL,Yes,Yes,93.9,5263.21,211.3,3,3,0,Bank Transfer,3,No
CUST-13977,21,Female,12,Month-to-Month,DSL,Yes,Yes,74.94,,119.3,56,1,0,Bank Transfer,2,No
CUST-13978,52,Male,13,Month-to-Month,No,Yes,Yes,86.3,1162.52,216.0,24,0,0,Mailed Check,3,No
CUST-13979,34,Male,6,Month-to-Month,DSL,Yes,No,44.08,267.18,142.2,25,2,0,Credit Card,1,Yes
CUST-13980,51,Male,63,Two Year,Fiber Optic,Yes,Yes,70.36,4635.91,408.3,50,2,0,Electronic Check,0,No
CUST-13981,41,Male,38,Month-to-Month,No,Yes,No,29.8,1170.87,77.9,10,1,1,Credit Card,2,Yes
CUST-13982,49,Male,50,One Year,Fiber Optic,Yes,Yes,107.78,5023.97,147.8,36,4,0,Electronic Check,5,Yes
CUST-13983,18,Male,52,Month-to-Month,Fiber Optic,Yes,No,15.0,790.89,151.5,42,2,1,Credit Card,2,No
CUST-13984,25,Male,40,Month-to-Month,Fiber Optic,Yes,No,56.13,2037.04,58.3,18,2,1,Bank Transfer,3,No
CUST-13985,62,Female,8,Month-to-Month,No,Yes,No,41.71,341.25,245.3,45,0,0,Credit Card,2,Yes
CUST-13986,40,Female,61,Month-to-Month,No,Yes,Yes,81.87,4945.3,141.4,54,2,0,Credit Card,2,No
CUST-13987,64,Male,8,Month-to-Month,Fiber Optic,No,Yes,113.1,944.08,1.0,17,3,0,Mailed Check,4,Yes
CUST-13988,57,Male,34,Month-to-Month,No,Yes,No,81.37,2888.32,242.6,14,0,1,Bank Transfer,4,No
CUST-13989,29,Female,60,Month-to-Month,Fiber Optic,Yes,Yes,139.03,7571.2,122.7,58,0,0,Bank Transfer,2,Yes
CUST-13990,71,Female,57,One Year,DSL,Yes,Yes,30.55,1609.14,170.6,19,3,0,Electronic Check,4,No
CUST-13991,29,Female,46,Two Year,No,Yes,No,32.47,1452.74,240.9,18,3,0,Mailed Check,2,No
CUST-13992,63,Female,22,Month-to-Month,Fiber Optic,Yes,No,42.67,968.71,147.2,23,1,0,Bank Transfer,3,No
CUST-13993,64,Female,40,One Year,No,Yes,Yes,68.03,2781.52,146.4,8,2,0,Credit Card,5,No
CUST-13994,32,Male,45,Two Year,DSL,Yes,Yes,39.33,1848.88,401.8,50,3,0,Credit Card,3,No
CUST-13995,58,Female,55,Two Year,Fiber Optic,Yes,No,46.21,2523.03,1.0,16,3,0,Credit Card,4,No
CUST-13996,36,Female,51,Month-to-Month,No,Yes,No,80.51,3853.43,64.3,25,5,0,Bank Transfer,0,No
CUST-13997,43,Female,5,One Year,DSL,Yes,Yes,34.02,153.73,81.7,43,4,0,Bank Transfer,8,Yes
CUST-13998,69,Male,13,Month-to-Month,No,No,Yes,36.67,444.98,341.0,32,2,1,Electronic Check,1,No
CUST-13999,46,Male,28,Month-to-Month,No,Yes,No,55.04,1543.11,122.0,49,1,1,Electronic Check,2,No
CUST-14000,39,Male,62,Month-to-Month,No,Yes,Yes,57.39,3696.74,201.6,50,1,0,Bank Transfer,1,No
CUST-14001,57,Male,24,Month-to-Month,Fiber Optic,Yes,No,90.25,2053.66,137.3,19,3,0,Credit Card,2,Yes
CUST-14002,38,Male,7,Month-to-Month,Fiber Optic,Yes,No,42.48,306.68,234.3,18,0,2,Mailed Check,3,Yes
CUST-14003,68,Male,38,Month-to-Month,No,Yes,Yes,46.99,1712.83,178.9,32,2,0,Electronic Check,4,Yes
CUST-14004,55,Female,37,One Year,Fiber Optic,Yes,No,79.54,2784.77,202.8,46,0,0,Bank Transfer,3,No
CUST-14005,37,Male,68,Month-to-Month,Fiber Optic,Yes,Yes,85.03,5645.16,295.9,49,1,0,Credit Card,2,No
CUST-14006,74,Male,42,Month-to-Month,No,Yes,Yes,100.72,4087.85,219.6,40,0,0,Electronic Check,4,Yes
CUST-14007,46,Female,5,Month-to-Month,Fiber Optic,Yes,No,76.73,397.87,113.8,15,1,0,Electronic Check,0,Yes
CUST-14008,68,Male,64,Month-to-Month,No,Yes,No,68.26,4238.62,208.1,49,1,0,Bank Transfer,6,No
CUST-14009,21,Female,50,One Year,DSL,Yes,Yes,79.38,3737.21,397.7,21,1,2,Credit Card,3,No
CUST-14010,72,Female,15,Two Year,DSL,Yes,Yes,58.31,897.73,230.8,11,0,2,Electronic Check,5,No
CUST-14011,24,Male,53,Month-to-Month,Fiber Optic,No,Yes,58.13,3234.36,193.7,29,2,0,Electronic Check,1,No
CUST-14012,45,Female,25,Month-to-Month,Fiber Optic,Yes,Yes,20.65,514.82,56.7,32,1,1,Bank Transfer,2,Yes
CUST-14013,45,Female,9,Two Year,Fiber Optic,No,No,87.34,736.99,245.2,6,5,1,Electronic Check,2,No
CUST-14014,21,Female,38,Month-to-Month,DSL,Yes,No,70.29,2499.6,258.5,55,2,0,Bank Transfer,1,No
CUST-14015,39,Female,22,Two Year,No,No,Yes,84.43,1687.79,208.1,19,1,0,Bank Transfer,1,No
CUST-14016,29,Male,49,Month-to-Month,DSL,Yes,Yes,15.0,670.02,190.3,16,3,0,Bank Transfer,0,No
CUST-14017,62,Female,68,Month-to-Month,Fiber Optic,Yes,Yes,63.82,4501.41,434.9,12,1,1,Electronic Check,1,No
CUST-14018,20,Male,15,Month-to-Month,DSL,Yes,Yes,43.6,598.07,257.0,15,1,0,Mailed Check,1,No
CUST-14019,39,Female,65,Month-to-Month,Fiber Optic,Yes,Yes,102.53,6482.19,291.6,11,0,3,Credit Card,1,No
CUST-14020,61,Female,54,Month-to-Month,DSL,Yes,Yes,80.36,4359.91,186.0,39,0,1,Credit Card,3,No
CUST-14021,19,Female,30,Two Year,DSL,Yes,Yes,70.86,2184.37,168.2,56,3,0,Credit Card,2,No
CUST-14022,41,Male,20,One Year,Fiber Optic,Yes,No,54.2,1003.45,236.9,10,0,0,Mailed Check,3,No
CUST-14023,51,Male,33,One Year,DSL,Yes,No,74.93,2387.79,168.1,51,0,0,Electronic Check,5,No
CUST-14024,44,Male,7,One Year,DSL,Yes,Yes,41.8,274.38,175.5,37,3,0,Electronic Check,2,No
CUST-14025,72,Female,8,Month-to-Month,Fiber Optic,Yes,No,62.51,469.26,221.7,49,0,0,Credit Card,2,Yes
CUST-14026,58,Female,28,One Year,DSL,Yes,No,50.54,1338.1,133.8,57,2,0,Bank Transfer,3,Yes
CUST-14027,18,Female,45,Month-to-Month,Fiber Optic,Yes,No,121.66,5409.37,199.8,24,0,0,Credit Card,5,Yes
CUST-14028,25,Female,11,One Year,DSL,Yes,No,101.75,1010.11,187.2,51,0,0,Mailed Check,3,No
CUST-14029,40,Male,31,Month-to-Month,DSL,Yes,No,91.58,2729.15,267.0,36,3,0,Mailed Check,3,Yes
CUST-14030,55,Female,12,One Year,Fiber Optic,Yes,No,27.74,308.92,125.0,1,1,1,Electronic Check,2,No
CUST-14031,23,Male,51,Two Year,DSL,Yes,Yes,86.6,4615.65,1.0,46,1,0,Bank Transfer,1,No
CUST-14032,39,Female,44,Month-to-Month,No,Yes,No,69.69,3027.75,152.0,17,1,0,Electronic Check,2,No
CUST-14033,42,Male,50,Month-to-Month,No,Yes,No,95.59,4923.91,215.8,14,1,0,Electronic Check,1,No
CUST-14034,35,Male,17,Month-to-Month,DSL,Yes,No,73.06,1154.28,266.8,38,1,0,Mailed Check,2,Yes
CUST-14035,34,Female,35,Month-to-Month,No,Yes,No,64.83,2317.84,117.6,54,4,0,Electronic Check,3,Yes
CUST-14036,29,Female,1,One Year,DSL,Yes,Yes,70.84,68.16,228.8,25,2,3,Mailed Check,2,Yes
CUST-14037,23,Male,29,Two Year,DSL,Yes,No,19.86,533.7,282.2,37,0,1,Electronic Check,5,No
CUST-14038,43,Female,51,Month-to-Month,DSL,Yes,Yes,45.81,2369.45,247.6,35,3,2,Mailed Check,3,No
CUST-14039,44,Female,64,Month-to-Month,Fiber Optic,Yes,No,74.33,4825.15,108.8,22,1,0,Mailed Check,5,No
CUST-14040,25,Male,4,One Year,Fiber Optic,Yes,No,93.48,392.39,118.5,56,2,0,Credit Card,2,Yes
CUST-14041,36,Male,28,Month-to-Month,DSL,Yes,No,51.24,1459.31,219.2,47,2,1,Mailed Check,1,No
CUST-14042,59,Male,16,Month-to-Month,No,Yes,No,63.98,943.62,326.3,7,0,0,Mailed Check,3,Yes
CUST-14043,18,Male,63,Two Year,Fiber Optic,Yes,Yes,24.98,1492.51,181.3,11,1,1,Bank Transfer,2,No
CUST-14044,74,Female,53,One Year,Fiber Optic,Yes,No,101.48,5205.03,165.1,10,1,1,Mailed Check,2,No
CUST-14045,46,Male,17,Month-to-Month,Fiber Optic,Yes,Yes,92.84,1450.44,56.7,14,1,0,Bank Transfer,2,No
CUST-14046,62,Male,40,Month-to-Month,No,Yes,No,81.3,3311.21,147.2,35,0,1,Bank Transfer,3,Yes
CUST-14047,66,Male,13,One Year,DSL,Yes,Yes,75.17,956.69,115.6,46,1,0,Electronic Check,8,No
CUST-14048,52,Female,52,One Year,DSL,Yes,Yes,103.81,5623.05,182.4,49,1,2,Mailed Check,7,No
CUST-14049,57,Male,58,Two Year,Fiber Optic,Yes,No,44.87,2572.26,43.8,36,1,0,Electronic Check,0,No
CUST-14050,31,Female,37,Month-to-Month,Fiber Optic,Yes,No,42.17,1526.64,150.4,6,1,1,Electronic Check,3,Yes
CUST-14051,52,Male,61,Two Year,Fiber Optic,Yes,Yes,91.54,5085.37,89.2,52,6,0,Mailed Check,8,No
CUST-14052,65,Male,34,One Year,DSL,Yes,No,89.86,2818.16,264.6,5,0,1,Mailed Check,3,No
CUST-14053,62,Female,70,One Year,Fiber Optic,Yes,No,35.16,2528.71,102.7,42,0,0,Credit Card,5,No
CUST-14054,37,Male,17,One Year,Fiber Optic,Yes,Yes,51.72,921.97,128.5,7,0,0,Electronic Check,4,No
CUST-14055,73,Male,20,Month-to-Month,Fiber Optic,Yes,No,107.23,2063.7,205.4,15,0,0,Electronic Check,2,No
CUST-14056,66,Female,59,Two Year,DSL,Yes,Yes,75.29,4537.67,139.2,21,0,0,Credit Card,4,No
CUST-14057,30,Male,69,Month-to-Month,Fiber Optic,No,No,84.68,5808.67,392.4,53,2,1,Mailed Check,3,No
CUST-14058,55,Male,33,Month-to-Month,Fiber Optic,Yes,Yes,36.02,1240.79,263.7,18,0,0,Credit Card,3,No
CUST-14059,66,Male,17,Two Year,Fiber Optic,No,No,81.42,1295.17,181.5,1,0,0,Bank Transfer,3,No
CUST-14060,63,Male,57,One Year,No,Yes,Yes,29.51,1651.33,213.1,4,2,0,Bank Transfer,4,No
CUST-14061,66,Female,1,Two Year,Fiber Optic,Yes,Yes,15.5,14.9,1.0,11,2,1,Electronic Check,1,No
CUST-14062,25,Male,13,Month-to-Month,DSL,Yes,No,83.17,1060.95,290.9,10,1,1,Credit Card,3,No
CUST-14063,60,Female,27,Month-to-Month,Fiber Optic,Yes,No,100.86,2560.72,226.1,45,2,0,Bank Transfer,0,Yes
CUST-14064,37,Male,70,Two Year,No,Yes,No,58.66,4002.16,173.4,56,2,0,Electronic Check,3,No
CUST-14065,50,Female,59,Month-to-Month,Fiber Optic,Yes,No,51.34,3010.04,230.9,19,3,1,Mailed Check,5,No
CUST-14066,43,Male,6,Two Year,Fiber Optic,Yes,No,107.77,589.84,241.9,54,0,0,Electronic Check,1,Yes
CUST-14067,56,Female,23,Month-to-Month,DSL,Yes,Yes,60.13,1398.82,142.5,42,1,0,Bank Transfer,1,No
CUST-14068,38,Male,10,Two Year,Fiber Optic,No,Yes,63.36,,214.2,30,1,2,Bank Transfer,2,No
CUST-14069,70,Female,51,Month-to-Month,Fiber Optic,Yes,Yes,107.35,5650.42,274.4,50,3,0,Bank Transfer,0,No
CUST-14070,66,Female,19,One Year,No,Yes,Yes,56.16,1028.5,220.9,41,0,0,Mailed Check,3,No
CUST-14071,59,Male,51,Two Year,Fiber Optic,Yes,No,48.65,2255.99,157.3,41,1,2,Credit Card,2,No
CUST-14072,60,Female,68,Month-to-Month,Fiber Optic,Yes,Yes,85.39,,206.7,20,2,1,Mailed Check,4,No
CUST-14073,71,Male,42,One Year,Fiber Optic,Yes,Yes,47.2,1825.08,304.4,27,2,0,Mailed Check,4,No
CUST-14074,58,Male,57,Two Year,Fiber Optic,Yes,Yes,61.38,3488.57,250.6,12,2,1,Bank Transfer,2,No
CUST-14075,26,Male,68,One Year,No,Yes,Yes,32.02,1975.02,75.3,56,1,1,Mailed Check,3,No
CUST-14076,41,Male,38,Two Year,Fiber Optic,Yes,Yes,69.63,2529.78,232.8,14,1,0,Mailed Check,2,No
CUST-14077,54,Male,62,Month-to-Month,No,Yes,No,66.7,3773.25,220.9,34,1,0,Mailed Check,2,No
CUST-14078,66,Female,7,Month-to-Month,Fiber Optic,Yes,Yes,89.2,562.28,284.8,42,0,1,Credit Card,3,Yes
CUST-14079,58,Male,71,Month-to-Month,DSL,Yes,No,86.43,6407.05,183.0,50,4,0,Electronic Check,3,Yes
CUST-14080,34,Male,50,Month-to-Month,Fiber Optic,Yes,No,78.79,4134.19,146.8,38,4,0,Bank Transfer,5,No
CUST-14081,41,Male,52,Month-to-Month,DSL,Yes,No,74.86,,56.9,2,1,0,Bank Transfer,2,No
CUST-14082,38,Male,26,One Year,DSL,Yes,No,63.17,1537.05,117.5,49,1,0,Bank Transfer,3,No
CUST-14083,68,Male,26,Month-to-Month,Fiber Optic,Yes,No,80.24,2162.73,288.7,58,1,0,Mailed Check,0,No
CUST-14084,56,Male,19,Month-to-Month,Fiber Optic,Yes,Yes,37.19,733.78,197.8,32,3,0,Credit Card,2,No
CUST-14085,72,Female,9,Month-to-Month,Fiber Optic,Yes,Yes,15.0,138.8,171.0,18,3,0,Mailed Check,1,Yes
CUST-14086,58,Female,61,Two Year,DSL,Yes,No,94.05,5631.81,296.6,50,1,0,Mailed Check,2,No
CUST-14087,56,Male,20,One Year,Fiber Optic,Yes,Yes,81.85,1491.64,278.1,21,3,0,Electronic Check,2,No
CUST-14088,30,Female,50,Month-to-Month,Fiber Optic,Yes,Yes,61.83,2823.36,113.8,46,0,0,Electronic Check,2,No
CUST-14089,28,Male,22,Two Year,No,Yes,Yes,91.86,2090.63,288.1,54,3,0,Credit Card,3,No
CUST-14090,63,Male,13,Month-to-Month,Fiber Optic,Yes,No,46.71,,30.7,11,1,1,Electronic Check,3,Yes
CUST-14091,36,Male,12,Two Year,Fiber Optic,Yes,Yes,47.36,548.52,221.4,30,3,1,Credit Card,2,No
CUST-14092,28,Male,10,One Year,DSL,Yes,No,43.9,416.71,210.7,19,0,2,Mailed Check,3,Yes
CUST-14093,30,Male,65,Month-to-Month,Fiber Optic,Yes,No,79.19,5129.94,283.5,48,3,0,Mailed Check,2,No
CUST-14094,63,Female,30,One Year,Fiber Optic,Yes,Yes,25.43,778.96,214.3,40,1,0,Bank Transfer,3,No
CUST-14095,62,Female,8,One Year,No,Yes,Yes,45.83,370.22,158.0,50,1,1,Electronic Check,5,No
CUST-14096,18,Female,21,Month-to-Month,DSL,Yes,No,72.24,1505.42,165.1,30,3,1,Mailed Check,2,Yes
CUST-14097,57,Female,22,Two Year,Fiber Optic,Yes,Yes,34.9,717.68,422.4,58,0,1,Electronic Check,1,No
CUST-14098,61,Male,18,Month-to-Month,Fiber Optic,Yes,Yes,48.49,819.91,187.4,35,0,0,Credit Card,1,No
CUST-14099,36,Female,66,Month-to-Month,DSL,No,Yes,15.0,998.52,233.7,4,2,1,Electronic Check,0,No
CUST-14100,29,Male,48,Month-to-Month,Fiber Optic,Yes,No,80.15,3925.66,1.0,21,1,3,Mailed Check,5,No
CUST-14101,25,Female,44,Month-to-Month,No,Yes,No,47.8,1929.52,105.5,5,2,0,Credit Card,2,No
CUST-14102,25,Female,9,Month-to-Month,Fiber Optic,Yes,Yes,37.52,313.4,226.7,54,0,1,Electronic Check,2,Yes
CUST-14103,70,Female,67,Two Year,No,Yes,No,32.62,2190.07,34.7,36,2,0,Electronic Check,2,No
CUST-14104,62,Female,54,Month-to-Month,DSL,Yes,No,54.54,2822.49,229.4,58,1,1,Mailed Check,4,No
CUST-14105,29,Male,26,Month-to-Month,Fiber Optic,Yes,Yes,25.5,652.72,114.7,27,1,0,Mailed Check,5,No
CUST-14106,65,Female,26,Month-to-Month,Fiber Optic,Yes,Yes,113.56,2929.6,87.0,7,2,1,Credit Card,4,Yes
CUST-14107,50,Female,34,Two Year,Fiber Optic,No,No,15.0,518.38,114.4,56,1,0,Electronic Check,4,No
CUST-14108,62,Male,8,Two Year,No,Yes,No,53.73,438.81,317.5,31,1,1,Bank Transfer,3,No
CUST-14109,43,Male,10,One Year,DSL,Yes,No,67.67,637.46,210.0,20,0,0,Credit Card,6,No
CUST-14110,56,Female,48,Two Year,No,Yes,Yes,45.62,2148.58,98.1,25,3,0,Bank Transfer,1,No
CUST-14111,45,Male,55,One Year,Fiber Optic,Yes,No,70.3,3551.49,249.8,38,2,0,Bank Transfer,2,No
CUST-14112,22,Male,54,Two Year,DSL,Yes,No,45.01,2494.47,254.7,56,1,0,Credit Card,1,No
CUST-14113,25,Male,40,One Year,No,Yes,Yes,103.25,4240.75,145.7,25,3,1,Credit Card,4,Yes
CUST-14114,42,Female,15,Month-to-Month,Fiber Optic,Yes,No,37.03,524.86,266.3,17,0,0,Credit Card,3,No
CUST-14115,44,Male,18,Month-to-Month,No,Yes,Yes,15.0,249.51,270.6,46,3,2,Credit Card,3,Yes
CUST-14116,63,Female,23,One Year,Fiber Optic,Yes,Yes,32.54,681.45,256.6,37,3,0,Mailed Check,2,No
CUST-14117,40,Female,62,Month-to-Month,No,Yes,Yes,74.66,4565.26,119.4,15,2,1,Bank Transfer,0,No
CUST-14118,47,Female,46,Month-to-Month,Fiber Optic,Yes,No,62.05,2608.01,73.9,55,2,0,Mailed Check,5,No
CUST-14119,62,Female,39,One Year,DSL,Yes,No,83.8,3275.03,27.6,10,3,0,Electronic Check,5,No
CUST-14120,64,Male,15,Two Year,Fiber Optic,Yes,No,77.54,1165.1,121.0,34,4,2,Mailed Check,6,No
CUST-14121,40,Female,53,Month-to-Month,DSL,Yes,No,49.09,2581.21,146.9,44,3,1,Credit Card,5,No
CUST-14122,66,Male,64,One Year,Fiber Optic,Yes,Yes,52.77,3483.61,154.2,43,5,0,Bank Transfer,4,Yes
CUST-14123,64,Female,63,One Year,DSL,Yes,No,55.37,3337.41,175.8,7,2,1,Bank Transfer,1,No
CUST-14124,37,Male,16,Two Year,DSL,Yes,No,112.11,1857.15,336.0,39,2,0,Bank Transfer,5,No
CUST-14125,35,Female,70,Two Year,DSL,Yes,No,82.27,5214.91,149.4,51,0,0,Bank Transfer,3,No
CUST-14126,35,Male,66,One Year,Fiber Optic,Yes,Yes,112.29,6795.37,175.6,25,3,0,Credit Card,4,No
CUST-14127,19,Female,13,Month-to-Month,Fiber Optic,Yes,No,86.02,1075.58,16.4,39,2,0,Bank Transfer,2,No
CUST-14128,21,Female,47,Month-to-Month,Fiber Optic,No,Yes,63.41,2947.78,380.5,46,2,0,Electronic Check,1,Yes
CUST-14129,47,Male,9,Month-to-Month,DSL,Yes,No,39.52,321.84,61.6,44,2,0,Electronic Check,3,No
CUST-14130,50,Female,63,One Year,Fiber Optic,Yes,No,70.04,4346.84,116.4,28,1,0,Electronic Check,1,No
CUST-14131,53,Female,34,Two Year,Fiber Optic,Yes,No,63.48,2042.01,242.6,42,0,0,Electronic Check,7,No
CUST-14132,35,Female,29,One Year,Fiber Optic,Yes,Yes,62.66,1877.24,202.2,27,2,0,Mailed Check,2,No
CUST-14133,54,Male,37,Month-to-Month,No,Yes,Yes,59.77,2167.24,327.9,37,3,0,Bank Transfer,5,No
CUST-14134,36,Female,43,One Year,Fiber Optic,Yes,Yes,15.0,637.38,244.8,55,2,0,Bank Transfer,2,No
CUST-14135,64,Female,64,Month-to-Month,Fiber Optic,No,No,96.52,6435.76,172.7,39,0,2,Electronic Check,5,Yes
CUST-14136,45,Male,24,Month-to-Month,DSL,Yes,No,63.74,1552.13,274.0,38,1,0,Electronic Check,3,No
CUST-14137,57,Male,71,Month-to-Month,DSL,Yes,No,29.64,2032.34,284.5,52,2,0,Credit Card,2,No
CUST-14138,37,Male,34,Month-to-Month,No,Yes,Yes,77.04,2544.79,120.6,56,0,0,Credit Card,6,No
CUST-14139,66,Male,48,Two Year,No,Yes,Yes,43.6,2086.92,266.7,28,1,2,Credit Card,5,No
CUST-14140,50,Male,12,Month-to-Month,DSL,Yes,Yes,79.05,882.23,160.0,34,1,0,Electronic Check,6,No
CUST-14141,29,Female,23,Month-to-Month,Fiber Optic,Yes,Yes,87.04,1828.35,170.7,29,3,0,Credit Card,2,No
CUST-14142,68,Female,13,Two Year,Fiber Optic,Yes,No,90.49,1113.65,192.9,45,1,0,Mailed Check,3,No
CUST-14143,32,Female,45,Month-to-Month,Fiber Optic,Yes,No,60.98,2790.08,145.7,48,1,0,Mailed Check,3,Yes
CUST-14144,58,Male,65,Month-to-Month,No,Yes,No,54.66,3334.75,140.9,8,2,1,Electronic Check,4,No
CUST-14145,56,Female,47,Month-to-Month,DSL,Yes,Yes,49.36,2133.43,268.6,13,2,1,Bank Transfer,2,No
CUST-14146,19,Male,58,Month-to-Month,Fiber Optic,Yes,Yes,46.94,2539.71,42.4,46,1,0,Mailed Check,5,No
CUST-14147,46,Male,5,Month-to-Month,DSL,Yes,Yes,64.57,323.45,84.5,37,0,0,Credit Card,4,Yes
CUST-14148,58,Female,5,Month-to-Month,Fiber Optic,Yes,No,59.77,296.49,240.7,55,0,1,Electronic Check,4,Yes
CUST-14149,27,Male,60,One Year,DSL,Yes,No,44.37,2670.84,173.4,3,1,0,Electronic Check,2,No
CUST-14150,19,Male,21,Month-to-Month,No,Yes,Yes,36.41,725.07,269.2,14,0,1,Electronic Check,1,Yes
CUST-14151,68,Female,24,Month-to-Month,Fiber Optic,No,Yes,62.28,1547.23,212.2,32,1,0,Bank Transfer,2,Yes
CUST-14152,28,Male,18,Two Year,No,Yes,No,54.15,943.28,60.0,23,1,0,Credit Card,3,No
CUST-14153,30,Male,21,Month-to-Month,DSL,No,No,36.47,748.3,185.7,57,1,2,Credit Card,7,No
CUST-14154,27,Female,54,Two Year,DSL,Yes,Yes,85.76,4827.03,228.1,23,2,0,Credit Card,6,No
CUST-14155,31,Male,10,Month-to-Month,DSL,Yes,No,109.3,1144.25,201.1,13,1,0,Mailed Check,5,No
CUST-14156,35,Male,24,Month-to-Month,Fiber Optic,Yes,Yes,89.06,2135.8,137.9,49,2,2,Credit Card,2,No
CUST-14157,68,Female,60,One Year,No,Yes,No,47.0,2937.66,155.3,41,2,2,Credit Card,2,No
CUST-14158,71,Female,57,Month-to-Month,Fiber Optic,Yes,Yes,63.74,3564.97,129.6,39,2,1,Bank Transfer,3,No
CUST-14159,26,Female,23,Month-to-Month,DSL,Yes,Yes,103.51,2252.39,60.7,50,1,1,Credit Card,2,No
CUST-14160,74,Female,22,One Year,DSL,Yes,Yes,35.66,743.15,48.4,21,2,1,Mailed Check,1,No
CUST-14161,56,Male,68,Month-to-Month,DSL,No,Yes,84.56,5657.16,215.1,43,1,0,Bank Transfer,2,Yes
CUST-14162,45,Male,34,One Year,Fiber Optic,No,No,28.8,970.15,101.6,48,2,1,Mailed Check,2,No
CUST-14163,20,Female,70,Two Year,Fiber Optic,Yes,No,107.1,7241.67,231.8,58,1,0,Bank Transfer,3,No
CUST-14164,37,Male,28,Month-to-Month,Fiber Optic,Yes,Yes,54.24,1568.18,126.4,31,2,0,Credit Card,4,Yes
CUST-14165,23,Male,39,One Year,Fiber Optic,Yes,No,120.73,4538.99,61.8,50,2,0,Credit Card,0,No
CUST-14166,44,Female,42,Month-to-Month,DSL,Yes,Yes,108.2,4276.34,143.3,7,2,0,Electronic Check,4,No
CUST-14167,70,Female,23,Two Year,DSL,Yes,Yes,62.34,1292.15,368.5,57,2,0,Bank Transfer,3,No
CUST-14168,19,Male,70,Two Year,Fiber Optic,Yes,No,47.01,3440.71,171.4,36,1,0,Electronic Check,2,No
CUST-14169,46,Female,2,Two Year,Fiber Optic,Yes,No,69.87,143.04,238.1,19,1,0,Credit Card,6,No
CUST-14170,55,Female,24,Month-to-Month,Fiber Optic,Yes,Yes,60.5,1440.87,195.2,22,0,1,Credit Card,4,No
CUST-14171,20,Female,17,One Year,DSL,Yes,Yes,54.96,957.29,53.5,24,2,0,Bank Transfer,2,No
CUST-14172,33,Male,65,Month-to-Month,DSL,Yes,No,23.55,1563.73,310.4,24,0,1,Electronic Check,1,Yes
CUST-14173,47,Female,70,Month-to-Month,DSL,Yes,Yes,52.14,3794.98,157.7,56,0,0,Credit Card,6,Yes
CUST-14174,57,Male,69,Two Year,DSL,Yes,No,37.24,2461.41,62.1,21,1,1,Electronic Check,1,No
CUST-14175,19,Male,60,Month-to-Month,DSL,Yes,No,78.79,4648.11,133.9,43,0,3,Bank Transfer,4,No
CUST-14176,34,Male,50,Two Year,Fiber Optic,Yes,Yes,89.78,4106.51,161.4,13,1,0,Bank Transfer,0,Yes
CUST-14177,58,Female,12,Month-to-Month,DSL,Yes,Yes,83.52,1047.14,247.5,6,0,1,Bank Transfer,3,No
CUST-14178,29,Female,47,Two Year,DSL,Yes,No,73.56,3622.47,118.7,28,2,0,Bank Transfer,1,No
CUST-14179,52,Female,67,Month-to-Month,No,Yes,Yes,43.68,2980.3,415.8,32,1,1,Credit Card,2,No
CUST-14180,60,Female,65,Month-to-Month,Fiber Optic,Yes,Yes,70.14,4413.75,95.7,13,1,0,Credit Card,1,No
CUST-14181,18,Female,27,Month-to-Month,No,Yes,No,84.82,2231.71,235.1,34,1,2,Bank Transfer,2,No
CUST-14182,72,Male,48,One Year,DSL,Yes,No,50.34,2332.49,2.3,32,2,0,Electronic Check,2,No
CUST-14183,62,Male,62,Month-to-Month,Fiber Optic,Yes,Yes,67.97,3978.13,168.9,54,3,1,Electronic Check,4,No
CUST-14184,32,Male,44,One Year,DSL,No,No,61.36,2643.6,213.1,14,3,1,Credit Card,2,No
CUST-14185,43,Female,19,Month-to-Month,Fiber Optic,Yes,No,106.56,1838.41,79.2,32,0,1,Mailed Check,1,Yes
CUST-14186,54,Male,59,Month-to-Month,DSL,Yes,Yes,86.29,5339.47,314.9,45,0,1,Mailed Check,2,No
CUST-14187,38,Male,8,Month-to-Month,DSL,No,Yes,80.23,618.48,219.1,5,3,0,Mailed Check,0,No
CUST-14188,66,Female,55,Month-to-Month,No,No,No,22.08,1261.89,151.4,35,1,0,Credit Card,0,No
CUST-14189,48,Female,47,Two Year,Fiber Optic,Yes,Yes,69.32,3286.19,218.1,56,0,1,Bank Transfer,4,No
CUST-14190,42,Male,2,Two Year,No,Yes,Yes,61.12,115.33,126.6,4,2,0,Credit Card,3,No
CUST-14191,40,Male,39,Month-to-Month,DSL,Yes,No,60.91,2217.06,292.6,14,1,0,Bank Transfer,5,Yes
CUST-14192,41,Female,45,One Year,DSL,Yes,No,25.91,1223.49,271.4,18,3,0,Bank Transfer,3,No
CUST-14193,74,Female,32,One Year,Fiber Optic,Yes,No,37.81,1229.06,213.6,11,0,0,Bank Transfer,2,No
CUST-14194,55,Female,65,Month-to-Month,Fiber Optic,Yes,No,63.3,3857.13,235.1,19,4,0,Credit Card,2,Yes
CUST-14195,45,Female,38,Month-to-Month,Fiber Optic,Yes,Yes,92.86,3211.51,47.1,2,2,1,Electronic Check,5,No
CUST-14196,38,Male,11,Month-to-Month,No,Yes,Yes,50.24,555.15,312.0,34,0,2,Electronic Check,0,Yes
CUST-14197,71,Male,10,Month-to-Month,DSL,No,No,55.0,520.0,171.1,3,3,0,Credit Card,4,No
CUST-14198,60,Female,59,Month-to-Month,Fiber Optic,Yes,No,109.53,6030.59,272.3,29,3,1,Electronic Check,2,Yes
CUST-14199,35,Male,55,Month-to-Month,DSL,Yes,No,57.58,3199.33,247.5,23,4,0,Mailed Check,6,No
CUST-14200,53,Male,20,One Year,DSL,No,Yes,61.78,1237.93,270.9,58,0,0,Mailed Check,5,No
CUST-14201,52,Female,17,Month-to-Month,Fiber Optic,Yes,No,62.12,1026.69,85.7,48,1,0,Electronic Check,3,No
CUST-14202,62,Male,68,Month-to-Month,Fiber Optic,Yes,Yes,31.36,2220.76,97.2,1,2,0,Electronic Check,2,No
CUST-14203,72,Male,5,Month-to-Month,DSL,Yes,Yes,79.29,397.22,382.3,42,1,0,Electronic Check,4,Yes
CUST-14204,26,Male,60,Month-to-Month,DSL,Yes,Yes,48.68,3020.14,43.3,6,1,0,Electronic Check,2,No
CUST-14205,70,Female,23,Month-to-Month,Fiber Optic,Yes,Yes,64.25,1372.21,81.2,59,1,0,Electronic Check,2,No
CUST-14206,55,Female,46,Two Year,Fiber Optic,Yes,No,76.11,3306.74,183.9,17,3,1,Credit Card,4,No
CUST-14207,47,Male,52,Month-to-Month,DSL,Yes,Yes,113.56,5407.19,184.0,19,1,0,Mailed Check,1,No
CUST-14208,61,Female,10,One Year,DSL,Yes,Yes,32.06,303.19,131.4,44,1,0,Bank Transfer,5,No
CUST-14209,51,Female,46,Month-to-Month,DSL,Yes,Yes,86.62,4166.88,235.4,52,0,0,Credit Card,4,No
CUST-14210,49,Female,28,One Year,No,Yes,No,86.72,2536.04,261.2,48,0,0,Bank Transfer,5,No
CUST-14211,20,Male,43,One Year,No,Yes,No,49.04,2138.36,178.4,56,1,1,Electronic Check,2,No
CUST-14212,20,Male,26,Month-to-Month,Fiber Optic,Yes,No,79.99,2034.31,155.8,2,0,0,Bank Transfer,3,No
CUST-14213,45,Female,55,Two Year,No,No,Yes,106.09,5934.83,178.0,15,2,0,Credit Card,2,No
CUST-14214,61,Male,48,Month-to-Month,Fiber Optic,Yes,No,45.88,2164.85,135.2,23,2,0,Electronic Check,6,Yes
CUST-14215,32,Male,29,Two Year,DSL,Yes,Yes,71.04,1855.23,27.2,19,1,0,Electronic Check,5,No
CUST-14216,58,Male,27,Month-to-Month,DSL,Yes,Yes,75.12,1978.0,207.1,33,1,0,Credit Card,3,Yes
CUST-14217,40,Male,18,Two Year,No,Yes,No,78.35,1395.97,248.9,6,1,0,Bank Transfer,3,No
CUST-14218,57,Male,60,One Year,Fiber Optic,Yes,Yes,84.23,4749.88,166.1,50,3,2,Credit Card,3,No
CUST-14219,28,Female,69,Two Year,No,Yes,Yes,69.16,4440.35,1.0,19,1,1,Bank Transfer,3,No
CUST-14220,65,Male,21,Month-to-Month,No,Yes,Yes,77.84,1538.31,128.5,30,1,0,Bank Transfer,4,Yes
CUST-14221,49,Male,24,Month-to-Month,Fiber Optic,Yes,Yes,42.21,1006.5,261.5,22,1,0,Credit Card,2,No
CUST-14222,74,Male,3,One Year,DSL,Yes,Yes,69.1,191.11,50.6,3,1,0,Electronic Check,4,No
CUST-14223,71,Female,62,Two Year,DSL,Yes,Yes,53.09,3318.07,242.6,5,2,1,Mailed Check,2,No
CUST-14224,53,Female,2,Two Year,DSL,Yes,Yes,34.25,65.99,139.9,30,7,0,Electronic Check,2,No
CUST-14225,50,Female,66,Month-to-Month,DSL,Yes,No,52.27,3287.69,178.3,3,3,1,Credit Card,5,No
CUST-14226,41,Male,42,One Year,Fiber Optic,No,No,71.74,3076.61,118.3,39,1,1,Credit Card,5,No
CUST-14227,56,Female,34,Month-to-Month,DSL,Yes,No,75.89,2518.1,77.8,39,3,0,Credit Card,2,No
CUST-14228,51,Female,42,Month-to-Month,DSL,No,No,33.29,1337.72,309.1,28,1,1,Bank Transfer,1,No
CUST-14229,73,Female,20,Month-to-Month,Fiber Optic,Yes,No,41.56,857.57,253.4,1,1,0,Electronic Check,0,Yes
CUST-14230,45,Female,68,Month-to-Month,DSL,Yes,Yes,83.12,5399.16,238.0,22,2,1,Mailed Check,2,No
CUST-14231,54,Male,45,Two Year,Fiber Optic,Yes,Yes,77.7,3597.37,261.8,45,2,0,Credit Card,2,No
CUST-14232,24,Female,42,Month-to-Month,Fiber Optic,Yes,No,87.18,3572.33,225.2,45,3,0,Credit Card,2,No
CUST-14233,21,Female,47,One Year,Fiber Optic,Yes,Yes,99.2,4341.63,265.0,47,1,0,Mailed Check,1,Yes
CUST-14234,54,Male,5,One Year,No,Yes,Yes,78.45,389.08,120.2,51,2,0,Electronic Check,3,No
CUST-14235,73,Male,49,Month-to-Month,DSL,Yes,Yes,54.63,2523.75,304.0,39,1,0,Electronic Check,4,No
CUST-14236,18,Female,37,Month-to-Month,DSL,Yes,No,67.87,2315.5,296.0,17,0,0,Credit Card,3,No
CUST-14237,18,Male,34,One Year,No,Yes,No,106.5,3305.9,214.2,42,1,0,Credit Card,2,No
CUST-14238,64,Female,70,Month-to-Month,Fiber Optic,Yes,Yes,134.11,8789.28,154.1,51,3,1,Mailed Check,3,No
CUST-14239,37,Male,18,Two Year,Fiber Optic,Yes,No,76.58,1392.89,69.9,28,0,1,Bank Transfer,8,No
CUST-14240,36,Male,19,Two Year,DSL,Yes,No,78.39,1527.69,200.6,58,4,0,Bank Transfer,3,No
CUST-14241,46,Female,40,Month-to-Month,No,Yes,Yes,83.14,3422.9,331.6,50,1,0,Electronic Check,4,No
CUST-14242,27,Male,17,Month-to-Month,No,No,Yes,65.59,1048.71,75.5,30,3,1,Credit Card,2,Yes
CUST-14243,35,Female,60,Month-to-Month,Fiber Optic,Yes,Yes,94.1,5641.18,271.6,40,3,0,Credit Card,2,No
CUST-14244,45,Male,42,One Year,DSL,Yes,No,90.2,3540.46,137.6,8,4,0,Bank Transfer,2,No
CUST-14245,52,Female,65,Month-to-Month,No,Yes,Yes,73.86,4769.28,145.3,27,1,0,Credit Card,2,Yes
CUST-14246,60,Male,53,Month-to-Month,Fiber Optic,Yes,Yes,57.05,3123.68,74.2,41,3,1,Bank Transfer,6,Yes
CUST-14247,64,Male,7,Month-to-Month,Fiber Optic,Yes,Yes,26.98,171.13,112.3,45,2,0,Electronic Check,3,Yes
CUST-14248,48,Male,5,Two Year,DSL,Yes,No,83.31,436.45,238.2,25,4,0,Bank Transfer,2,No
CUST-14249,44,Male,24,Month-to-Month,Fiber Optic,Yes,No,70.32,1728.29,249.4,59,1,2,Mailed Check,5,No
CUST-14250,28,Male,28,Month-to-Month,DSL,Yes,Yes,46.56,1322.26,201.2,13,2,0,Electronic Check,5,Yes
CUST-14251,66,Female,62,Two Year,DSL,Yes,No,36.75,2286.94,134.9,34,2,0,Mailed Check,1,No
CUST-14252,66,Male,17,One Year,Fiber Optic,Yes,Yes,81.54,1407.72,80.7,39,0,0,Credit Card,2,No
CUST-14253,55,Female,20,One Year,DSL,Yes,Yes,24.97,523.97,185.6,7,2,0,Bank Transfer,3,Yes
CUST-14254,22,Female,3,One Year,Fiber Optic,Yes,No,72.49,220.85,147.2,52,2,1,Mailed Check,4,No
CUST-14255,25,Female,37,Two Year,Fiber Optic,No,No,86.09,3034.79,199.0,22,1,0,Credit Card,4,No
CUST-14256,51,Male,15,One Year,DSL,Yes,Yes,78.75,1171.9,151.1,33,1,0,Mailed Check,2,No
CUST-14257,65,Female,51,Two Year,Fiber Optic,Yes,Yes,55.23,2677.41,153.4,46,0,1,Mailed Check,3,No
CUST-14258,69,Male,48,One Year,No,Yes,No,33.77,1694.73,194.3,38,0,1,Mailed Check,2,No
CUST-14259,73,Female,8,One Year,DSL,Yes,No,79.68,659.76,211.7,31,1,0,Mailed Check,5,No
CUST-14260,29,Female,13,Month-to-Month,Fiber Optic,Yes,No,95.01,1216.78,290.2,45,1,1,Electronic Check,4,Yes
CUST-14261,55,Female,48,Month-to-Month,DSL,Yes,No,50.68,2474.46,149.7,33,2,0,Electronic Check,2,No
CUST-14262,18,Female,3,One Year,Fiber Optic,Yes,No,77.67,241.5,229.1,53,0,0,Mailed Check,3,No
CUST-14263,48,Female,65,Month-to-Month,DSL,Yes,No,104.54,6363.88,342.3,52,2,0,Credit Card,4,No
CUST-14264,21,Male,31,One Year,Fiber Optic,Yes,No,73.47,2247.78,231.5,22,1,0,Mailed Check,2,No
CUST-14265,66,Female,26,Month-to-Month,DSL,Yes,No,55.08,1392.35,284.8,27,2,0,Bank Transfer,5,No
CUST-14266,62,Female,56,Two Year,No,Yes,Yes,91.02,5177.34,124.1,27,0,0,Electronic Check,3,No
CUST-14267,67,Male,34,Month-to-Month,Fiber Optic,Yes,Yes,46.56,1514.75,115.2,21,1,0,Electronic Check,2,No
CUST-14268,22,Male,9,Two Year,Fiber Optic,Yes,Yes,32.55,294.81,165.7,53,1,0,Bank Transfer,5,No
CUST-14269,47,Male,62,One Year,Fiber Optic,Yes,No,85.31,5080.03,175.2,35,1,0,Bank Transfer,1,No
CUST-14270,73,Female,13,Month-to-Month,Fiber Optic,Yes,Yes,54.85,653.63,276.4,58,6,1,Electronic Check,5,No
CUST-14271,41,Female,69,Month-to-Month,Fiber Optic,No,Yes,57.09,3608.59,114.3,47,1,0,Bank Transfer,5,No
CUST-14272,20,Female,41,Month-to-Month,Fiber Optic,Yes,Yes,49.33,1856.4,172.0,50,4,1,Electronic Check,3,Yes
CUST-14273,28,Female,1,Month-to-Month,Fiber Optic,Yes,Yes,53.18,48.12,276.7,55,2,0,Credit Card,3,Yes
CUST-14274,62,Female,47,Month-to-Month,DSL,Yes,No,100.08,4609.43,199.4,10,3,0,Credit Card,1,No
CUST-14275,21,Female,4,Month-to-Month,DSL,Yes,Yes,106.56,426.57,179.0,47,2,1,Mailed Check,0,Yes
CUST-14276,43,Male,63,Two Year,Fiber Optic,No,Yes,109.87,6361.21,201.5,28,2,0,Electronic Check,5,No
CUST-14277,44,Male,52,Month-to-Month,No,Yes,No,92.25,4757.56,78.5,40,4,0,Bank Transfer,2,No
CUST-14278,63,Female,10,One Year,DSL,Yes,No,76.66,758.67,77.1,37,1,0,Electronic Check,3,Yes
CUST-14279,71,Female,28,Month-to-Month,DSL,Yes,Yes,29.19,753.62,37.1,41,2,0,Mailed Check,2,Yes
CUST-14280,60,Female,6,One Year,DSL,Yes,Yes,60.31,347.61,198.6,33,0,0,Mailed Check,4,No
CUST-14281,44,Female,27,Month-to-Month,No,Yes,No,118.92,3253.45,262.7,51,1,0,Electronic Check,0,Yes
CUST-14282,59,Female,12,One Year,No,Yes,Yes,54.11,586.02,248.9,8,4,1,Mailed Check,2,No
CUST-14283,68,Male,62,One Year,Fiber Optic,Yes,No,102.85,5879.59,282.9,37,2,0,Mailed Check,2,No
CUST-14284,67,Male,52,One Year,No,Yes,Yes,66.38,3622.19,310.9,50,0,1,Electronic Check,6,No
CUST-14285,23,Female,48,Month-to-Month,Fiber Optic,Yes,Yes,15.0,727.22,193.0,58,1,0,Mailed Check,5,No
CUST-14286,32,Male,67,One Year,No,Yes,Yes,81.01,5262.77,174.2,41,2,1,Credit Card,3,No
CUST-14287,70,Female,46,Month-to-Month,DSL,No,Yes,96.66,4421.77,312.8,33,1,0,Electronic Check,0,Yes
CUST-14288,47,Female,15,Month-to-Month,DSL,Yes,No,63.78,982.47,116.9,19,1,0,Mailed Check,2,Yes
CUST-14289,59,Female,71,Month-to-Month,Fiber Optic,No,No,95.83,6983.18,73.9,30,1,1,Bank Transfer,0,No
CUST-14290,54,Male,36,Month-to-Month,Fiber Optic,Yes,No,23.3,795.77,149.5,14,1,1,Electronic Check,1,Yes
CUST-14291,54,Male,14,Month-to-Month,Fiber Optic,Yes,No,30.36,413.86,139.0,14,1,1,Credit Card,3,No
CUST-14292,59,Female,3,One Year,DSL,Yes,No,70.12,209.46,184.3,36,2,1,Bank Transfer,6,No
CUST-14293,54,Male,67,Month-to-Month,Fiber Optic,Yes,No,76.93,4694.47,103.5,7,3,0,Bank Transfer,5,No
CUST-14294,52,Male,19,Month-to-Month,DSL,Yes,No,98.91,1957.97,213.3,52,3,1,Credit Card,1,Yes
CUST-14295,40,Female,54,Month-to-Month,DSL,Yes,Yes,80.97,4218.96,128.8,43,1,0,Bank Transfer,2,No
CUST-14296,23,Male,69,One Year,No,Yes,Yes,35.16,2318.4,290.5,34,1,0,Credit Card,0,No
CUST-14297,21,Male,10,One Year,No,Yes,No,70.33,728.66,72.5,50,3,1,Credit Card,2,Yes
CUST-14298,35,Female,33,Month-to-Month,No,Yes,No,80.02,2423.45,167.4,32,1,0,Mailed Check,3,No
CUST-14299,26,Female,13,One Year,Fiber Optic,No,No,18.14,213.63,149.9,42,3,0,Electronic Check,2,No
CUST-14300,66,Male,51,Month-to-Month,Fiber Optic,Yes,No,63.91,3268.37,200.8,33,3,0,Electronic Check,5,No
CUST-14301,46,Female,32,Month-to-Month,Fiber Optic,Yes,Yes,56.61,1734.98,263.4,55,3,3,Bank Transfer,2,No
CUST-14302,30,Male,24,Month-to-Month,DSL,Yes,No,48.63,1184.24,204.0,14,0,1,Bank Transfer,3,No
CUST-14303,64,Female,35,One Year,DSL,Yes,No,77.47,2468.18,168.4,25,2,0,Mailed Check,2,No
CUST-14304,69,Female,70,One Year,DSL,Yes,Yes,36.26,2430.49,242.2,28,0,2,Electronic Check,3,No
CUST-14305,34,Female,40,Month-to-Month,No,Yes,No,75.42,2821.61,255.9,42,1,2,Electronic Check,5,Yes
CUST-14306,62,Female,54,Month-to-Month,DSL,Yes,No,78.99,4312.13,204.2,50,4,1,Mailed Check,5,No
CUST-14307,49,Male,44,Month-to-Month,No,Yes,No,92.09,3784.84,214.9,39,1,1,Credit Card,5,No
CUST-14308,65,Female,62,One Year,Fiber Optic,Yes,No,36.91,2216.77,238.2,30,2,0,Credit Card,1,No
CUST-14309,39,Female,68,Two Year,Fiber Optic,Yes,Yes,27.37,1903.65,32.0,31,1,0,Electronic Check,4,No
CUST-14310,21,Female,33,Month-to-Month,DSL,Yes,Yes,71.97,2463.62,148.4,24,1,3,Bank Transfer,4,Yes
CUST-14311,22,Male,56,Month-to-Month,DSL,Yes,No,57.84,,213.9,51,0,0,Bank Transfer,1,Yes
CUST-14312,54,Male,36,One Year,No,Yes,Yes,137.57,,153.8,4,1,1,Electronic Check,1,No
CUST-14313,58,Female,54,Two Year,DSL,Yes,Yes,76.46,4070.2,154.1,14,2,1,Bank Transfer,3,No
CUST-14314,66,Female,19,Two Year,DSL,Yes,Yes,66.45,1266.91,213.7,9,1,1,Electronic Check,2,No
CUST-14315,30,Female,43,One Year,DSL,Yes,No,60.68,2690.75,215.8,36,1,0,Electronic Check,4,No
CUST-14316,51,Female,12,Two Year,DSL,No,Yes,34.55,428.4,222.0,6,1,0,Mailed Check,2,No
CUST-14317,62,Female,11,Month-to-Month,DSL,Yes,Yes,79.1,904.6,108.7,24,2,0,Mailed Check,2,Yes
CUST-14318,39,Female,70,Month-to-Month,Fiber Optic,No,No,63.02,4506.72,52.4,26,1,1,Electronic Check,2,No
CUST-14319,70,Male,12,Month-to-Month,Fiber Optic,No,No,63.04,697.49,252.4,34,1,0,Bank Transfer,6,Yes
CUST-14320,40,Female,41,One Year,Fiber Optic,Yes,No,67.36,2795.3,113.2,1,0,0,Mailed Check,2,No
CUST-14321,68,Female,25,Month-to-Month,DSL,Yes,No,70.53,1802.37,107.0,23,1,0,Bank Transfer,3,No
CUST-14322,20,Female,3,Month-to-Month,No,Yes,Yes,21.52,66.61,98.8,17,1,0,Electronic Check,1,Yes
CUST-14323,59,Female,3,Month-to-Month,Fiber Optic,Yes,Yes,85.93,267.77,283.6,36,0,0,Bank Transfer,3,Yes
CUST-14324,51,Female,28,Month-to-Month,DSL,Yes,Yes,43.84,1198.52,199.1,37,2,0,Electronic Check,3,No
CUST-14325,49,Female,23,Two Year,Fiber Optic,Yes,No,61.55,1413.19,210.8,50,0,0,Bank Transfer,4,No
CUST-14326,62,Male,48,Month-to-Month,DSL,No,Yes,97.15,4203.56,242.1,58,1,0,Electronic Check,2,Yes
CUST-14327,68,Male,67,Month-to-Month,Fiber Optic,Yes,No,109.49,7232.52,176.2,45,3,0,Mailed Check,2,No
CUST-14328,66,Male,42,One Year,Fiber Optic,Yes,Yes,22.49,917.17,271.1,20,1,0,Mailed Check,7,No
CUST-14329,38,Male,40,Month-to-Month,No,Yes,Yes,65.76,2747.05,72.3,59,1,0,Bank Transfer,2,No
CUST-14330,63,Male,6,One Year,DSL,Yes,No,71.82,446.11,82.3,59,2,2,Credit Card,2,Yes
CUST-14331,61,Male,20,Two Year,Fiber Optic,Yes,No,27.31,556.93,77.3,26,2,0,Bank Transfer,2,No
CUST-14332,38,Female,11,Two Year,DSL,Yes,Yes,85.06,850.09,218.0,11,2,0,Credit Card,2,No
CUST-14333,61,Female,27,Two Year,Fiber Optic,No,Yes,67.91,1760.79,225.6,55,3,0,Mailed Check,5,No
CUST-14334,28,Female,21,Month-to-Month,Fiber Optic,Yes,Yes,69.85,1473.31,137.5,20,2,1,Credit Card,4,Yes
CUST-14335,56,Female,13,One Year,DSL,Yes,Yes,42.06,494.53,159.1,59,3,0,Mailed Check,0,No
CUST-14336,21,Female,35,Month-to-Month,Fiber Optic,Yes,No,75.32,2465.83,294.1,1,1,1,Electronic Check,4,No
CUST-14337,68,Female,47,Month-to-Month,Fiber Optic,Yes,Yes,85.96,4173.95,117.5,44,0,2,Mailed Check,1,No
CUST-14338,18,Male,28,Month-to-Month,No,Yes,Yes,68.18,1755.3,206.6,13,1,2,Electronic Check,3,No
CUST-14339,45,Female,21,Month-to-Month,DSL,Yes,No,52.15,994.07,118.3,58,2,0,Mailed Check,7,Yes
CUST-14340,41,Male,18,Two Year,No,Yes,No,54.1,961.23,278.6,36,4,0,Credit Card,2,Yes
CUST-14341,52,Male,31,Month-to-Month,No,Yes,Yes,70.51,2277.55,236.6,59,1,0,Electronic Check,3,No
CUST-14342,30,Female,60,One Year,No,Yes,Yes,66.22,4073.3,54.1,44,0,0,Credit Card,2,No
CUST-14343,64,Female,37,Month-to-Month,Fiber Optic,No,Yes,87.62,3391.77,156.5,38,1,0,Electronic Check,0,No
CUST-14344,51,Female,21,Month-to-Month,No,Yes,Yes,52.99,1127.29,1.0,13,1,0,Electronic Check,4,No
CUST-14345,28,Female,14,Two Year,Fiber Optic,Yes,No,34.54,466.93,261.0,14,0,0,Bank Transfer,4,No
CUST-14346,53,Female,60,Month-to-Month,DSL,Yes,No,73.98,4625.2,364.3,12,1,0,Credit Card,2,No
CUST-14347,68,Female,23,One Year,Fiber Optic,Yes,Yes,53.06,1176.44,1.0,53,1,0,Electronic Check,0,No
CUST-14348,34,Female,29,Month-to-Month,Fiber Optic,Yes,No,84.59,2336.62,51.6,52,0,0,Mailed Check,3,No
CUST-14349,52,Male,47,Month-to-Month,No,Yes,Yes,65.19,2963.52,195.1,34,0,0,Mailed Check,4,No
CUST-14350,35,Female,30,Month-to-Month,Fiber Optic,Yes,Yes,81.37,2495.04,178.3,58,1,0,Mailed Check,1,No
CUST-14351,57,Female,38,Two Year,DSL,Yes,No,39.64,1563.04,143.0,27,1,1,Electronic Check,5,No
CUST-14352,39,Male,27,Month-to-Month,Fiber Optic,No,Yes,68.58,1765.84,23.6,54,1,0,Bank Transfer,3,Yes
CUST-14353,74,Female,15,Month-to-Month,No,Yes,Yes,47.52,690.94,209.1,12,0,0,Electronic Check,2,No
CUST-14354,41,Female,59,Month-to-Month,DSL,Yes,No,34.49,2105.62,259.9,38,1,0,Bank Transfer,0,Yes
CUST-14355,36,Male,3,One Year,DSL,Yes,Yes,43.47,118.29,436.2,54,3,0,Bank Transfer,3,No
CUST-14356,54,Female,10,One Year,Fiber Optic,Yes,Yes,51.39,522.93,297.7,36,0,1,Mailed Check,3,No
CUST-14357,56,Female,17,One Year,DSL,No,No,96.12,1581.97,63.1,56,1,0,Mailed Check,3,No
CUST-14358,38,Female,11,Month-to-Month,DSL,Yes,No,50.73,533.74,178.9,1,2,0,Mailed Check,4,Yes
CUST-14359,25,Female,48,Two Year,DSL,Yes,No,33.21,1541.54,233.3,26,3,1,Electronic Check,3,No
CUST-14360,45,Female,5,One Year,No,No,Yes,68.29,328.75,118.1,40,0,0,Mailed Check,5,Yes
CUST-14361,22,Female,69,Two Year,DSL,Yes,Yes,65.73,4596.56,250.2,40,3,0,Mailed Check,2,No
CUST-14362,34,Male,64,Two Year,Fiber Optic,Yes,Yes,52.7,3504.99,243.3,21,2,2,Credit Card,3,No
CUST-14363,54,Female,14,One Year,Fiber Optic,Yes,No,60.97,831.15,291.4,32,0,0,Electronic Check,2,No
CUST-14364,53,Female,50,Month-to-Month,No,Yes,Yes,89.41,4581.86,252.2,25,1,0,Electronic Check,2,No
CUST-14365,71,Male,26,Two Year,No,Yes,No,81.77,2146.84,205.7,12,2,0,Bank Transfer,0,No
CUST-14366,36,Male,69,Two Year,Fiber Optic,Yes,Yes,79.61,5216.25,122.6,25,0,0,Bank Transfer,4,No
CUST-14367,44,Female,7,Month-to-Month,No,Yes,Yes,35.41,244.92,63.6,26,2,0,Electronic Check,3,Yes
CUST-14368,70,Male,16,Month-to-Month,DSL,Yes,Yes,137.16,2194.61,199.7,36,1,0,Electronic Check,1,Yes
CUST-14369,51,Female,55,Two Year,Fiber Optic,Yes,No,91.28,4536.06,143.7,16,0,0,Bank Transfer,1,No
CUST-14370,28,Female,56,Month-to-Month,Fiber Optic,Yes,No,77.93,4186.87,152.4,14,1,0,Mailed Check,5,No
CUST-14371,71,Male,4,Two Year,DSL,Yes,No,35.89,150.58,281.0,46,1,0,Credit Card,3,No
CUST-14372,62,Female,48,Month-to-Month,Fiber Optic,Yes,Yes,88.69,4238.34,303.2,34,1,2,Bank Transfer,3,Yes
CUST-14373,64,Female,17,Month-to-Month,DSL,Yes,Yes,52.47,847.51,68.8,49,0,0,Mailed Check,3,No
CUST-14374,29,Male,36,Month-to-Month,No,Yes,Yes,60.14,2029.73,161.1,24,2,0,Bank Transfer,1,Yes
CUST-14375,71,Male,70,Month-to-Month,Fiber Optic,Yes,No,22.98,1498.29,141.0,8,1,0,Credit Card,2,No
CUST-14376,38,Male,38,Month-to-Month,Fiber Optic,Yes,Yes,33.96,1239.18,208.3,27,2,0,Mailed Check,1,No
CUST-14377,71,Male,62,Month-to-Month,DSL,No,Yes,75.96,4375.1,1.0,39,2,1,Bank Transfer,4,No
CUST-14378,28,Female,48,One Year,DSL,Yes,Yes,90.16,3982.67,48.5,13,0,1,Mailed Check,1,No
CUST-14379,56,Male,10,Two Year,No,No,Yes,82.12,783.93,169.4,29,3,0,Bank Transfer,2,No
CUST-14380,45,Male,36,Month-to-Month,Fiber Optic,Yes,Yes,81.27,2899.53,250.8,31,2,0,Electronic Check,1,Yes
CUST-14381,22,Male,29,Month-to-Month,No,Yes,Yes,63.38,1694.58,186.8,43,1,0,Credit Card,2,No
CUST-14382,34,Male,4,Month-to-Month,DSL,Yes,Yes,54.83,198.85,240.4,19,2,1,Bank Transfer,2,No
CUST-14383,73,Male,44,Month-to-Month,DSL,Yes,Yes,72.22,2876.42,197.8,51,1,0,Credit Card,4,Yes
CUST-14384,37,Female,56,Month-to-Month,Fiber Optic,Yes,No,85.54,4503.34,294.9,10,3,0,Electronic Check,3,No
CUST-14385,58,Male,42,Month-to-Month,Fiber Optic,Yes,No,65.12,2539.54,313.7,56,1,0,Credit Card,4,No
CUST-14386,63,Female,13,Month-to-Month,DSL,Yes,Yes,95.26,1214.71,111.6,43,1,1,Credit Card,3,No
CUST-14387,29,Male,46,Month-to-Month,Fiber Optic,Yes,No,59.62,2655.74,259.5,48,0,2,Credit Card,4,Yes
CUST-14388,23,Male,33,Month-to-Month,Fiber Optic,Yes,Yes,40.49,1267.64,225.7,40,2,0,Bank Transfer,4,No
CUST-14389,34,Male,21,One Year,DSL,Yes,Yes,64.74,1393.57,405.4,34,2,0,Electronic Check,3,Yes
CUST-14390,68,Male,57,Month-to-Month,DSL,Yes,No,67.65,3762.51,108.2,46,0,0,Bank Transfer,3,No
CUST-14391,36,Male,69,Two Year,Fiber Optic,Yes,No,62.95,3968.83,169.5,49,1,1,Bank Transfer,7,No
CUST-14392,43,Male,70,Two Year,Fiber Optic,Yes,No,97.02,6413.56,87.1,49,1,0,Electronic Check,4,No
CUST-14393,65,Male,67,Two Year,Fiber Optic,No,Yes,85.13,5966.09,92.4,43,2,1,Electronic Check,5,No
CUST-14394,61,Male,48,Two Year,Fiber Optic,Yes,No,29.23,1468.35,214.7,1,0,0,Electronic Check,1,No
CUST-14395,61,Female,33,Month-to-Month,DSL,Yes,Yes,103.36,3200.09,198.5,19,0,0,Mailed Check,3,No
CUST-14396,69,Male,36,Month-to-Month,No,No,Yes,15.0,499.55,228.7,1,2,1,Bank Transfer,2,Yes
CUST-14397,49,Female,33,Month-to-Month,No,Yes,Yes,118.78,3819.21,226.8,56,3,1,Credit Card,3,Yes
CUST-14398,23,Male,31,Two Year,Fiber Optic,Yes,No,57.82,1742.63,158.8,24,3,0,Mailed Check,4,No
CUST-14399,72,Female,21,Two Year,DSL,Yes,Yes,60.26,1216.77,158.2,25,1,0,Mailed Check,2,No
CUST-14400,53,Male,27,Two Year,Fiber Optic,Yes,No,63.5,,92.6,4,4,0,Mailed Check,2,No
CUST-14401,55,Male,62,Month-to-Month,Fiber Optic,Yes,No,74.63,4325.51,116.9,24,0,1,Mailed Check,4,No
CUST-14402,28,Male,26,One Year,No,Yes,Yes,64.99,1549.9,174.9,39,3,1,Electronic Check,4,No
CUST-14403,50,Female,66,Month-to-Month,No,Yes,No,61.67,4011.48,197.7,20,0,0,Electronic Check,2,No
CUST-14404,41,Female,12,Month-to-Month,No,Yes,No,97.72,1219.42,244.0,33,1,0,Credit Card,4,Yes
CUST-14405,40,Female,22,One Year,DSL,Yes,Yes,79.14,1602.95,234.8,28,1,0,Mailed Check,0,No
CUST-14406,32,Female,17,Month-to-Month,No,Yes,Yes,41.03,701.5,320.1,43,2,1,Mailed Check,3,Yes
CUST-14407,44,Male,7,Two Year,Fiber Optic,Yes,No,83.52,564.58,92.5,45,2,0,Electronic Check,0,No
CUST-14408,28,Male,68,Month-to-Month,No,Yes,Yes,78.1,5013.91,159.1,35,1,0,Electronic Check,1,No
CUST-14409,74,Male,37,Two Year,Fiber Optic,No,No,51.37,1953.85,100.3,24,3,0,Mailed Check,2,No
CUST-14410,68,Female,38,Month-to-Month,DSL,Yes,Yes,84.8,3120.81,295.0,40,3,0,Mailed Check,7,Yes
CUST-14411,67,Male,11,Two Year,Fiber Optic,No,Yes,61.06,663.26,134.8,44,1,1,Electronic Check,3,No
CUST-14412,34,Female,1,Two Year,DSL,Yes,No,59.46,57.47,284.0,2,1,0,Electronic Check,4,No
CUST-14413,68,Female,25,Two Year,Fiber Optic,Yes,No,58.78,1340.46,310.8,23,0,0,Bank Transfer,1,No
CUST-14414,70,Female,42,Month-to-Month,No,Yes,Yes,15.0,623.22,217.2,33,2,1,Bank Transfer,3,Yes
CUST-14415,31,Female,52,Two Year,DSL,Yes,No,51.83,,206.4,52,1,0,Credit Card,4,No
CUST-14416,44,Female,24,Month-to-Month,DSL,No,Yes,82.83,1815.0,183.5,14,2,0,Bank Transfer,3,No
CUST-14417,35,Male,53,Month-to-Month,DSL,Yes,No,64.44,3379.02,151.5,15,2,0,Credit Card,1,No
CUST-14418,45,Female,56,Month-to-Month,Fiber Optic,Yes,No,32.87,1659.37,140.6,32,1,0,Credit Card,0,No
CUST-14419,68,Female,63,Two Year,No,Yes,Yes,89.12,5228.72,166.7,23,3,1,Bank Transfer,4,No
CUST-14420,64,Male,8,Month-to-Month,DSL,Yes,Yes,57.53,468.14,344.2,4,3,1,Mailed Check,2,Yes
CUST-14421,64,Female,59,Two Year,DSL,Yes,Yes,34.46,1841.39,86.2,20,1,0,Electronic Check,5,No
CUST-14422,21,Female,45,One Year,No,No,Yes,120.15,5390.54,198.4,31,2,0,Credit Card,7,No
CUST-14423,24,Male,27,Month-to-Month,No,Yes,Yes,38.67,1088.42,244.0,59,1,1,Mailed Check,2,Yes
CUST-14424,62,Male,52,Two Year,DSL,No,No,86.99,4187.29,154.4,7,0,0,Bank Transfer,5,No
CUST-14425,52,Male,18,Month-to-Month,Fiber Optic,Yes,Yes,45.77,,217.4,1,3,0,Bank Transfer,2,Yes
CUST-14426,65,Female,16,Two Year,Fiber Optic,Yes,Yes,68.4,1079.43,44.6,5,2,0,Mailed Check,3,No
CUST-14427,26,Male,66,Month-to-Month,Fiber Optic,Yes,No,42.45,2710.82,299.3,14,1,0,Credit Card,1,No
CUST-14428,25,Male,5,Month-to-Month,Fiber Optic,Yes,Yes,34.02,168.92,281.8,30,2,0,Credit Card,4,Yes
CUST-14429,69,Male,3,Month-to-Month,No,Yes,Yes,78.06,224.96,171.1,38,2,0,Mailed Check,4,Yes
CUST-14430,62,Female,70,Month-to-Month,DSL,Yes,Yes,75.13,4850.34,100.8,23,2,0,Credit Card,2,Yes
CUST-14431,34,Male,7,Month-to-Month,DSL,Yes,No,93.62,598.56,251.4,7,1,1,Electronic Check,2,Yes
CUST-14432,34,Female,50,Month-to-Month,Fiber Optic,Yes,Yes,64.14,3244.41,76.7,44,1,1,Bank Transfer,1,No
CUST-14433,66,Female,14,Month-to-Month,Fiber Optic,Yes,No,120.51,1578.81,89.6,39,1,0,Bank Transfer,3,No
CUST-14434,50,Male,38,Month-to-Month,No,Yes,Yes,71.71,2798.87,175.2,50,1,0,Credit Card,3,No
CUST-14435,49,Female,47,Month-to-Month,Fiber Optic,Yes,No,79.17,3763.61,316.6,54,3,0,Mailed Check,0,No
CUST-14436,25,Female,33,One Year,DSL,Yes,No,31.04,929.49,237.7,16,0,1,Electronic Check,1,Yes
CUST-14437,36,Male,43,One Year,Fiber Optic,Yes,No,49.65,1985.89,121.8,9,1,2,Credit Card,5,No
CUST-14438,55,Female,29,Two Year,Fiber Optic,Yes,Yes,77.99,2134.6,28.6,39,3,1,Mailed Check,2,No
CUST-14439,20,Male,57,One Year,No,Yes,Yes,62.89,3545.92,183.7,55,0,0,Credit Card,2,No
CUST-14440,22,Female,5,One Year,Fiber Optic,Yes,No,69.69,355.93,202.6,46,1,0,Mailed Check,0,No
CUST-14441,30,Female,60,One Year,Fiber Optic,Yes,Yes,44.59,2432.07,173.4,34,0,1,Mailed Check,1,No
CUST-14442,64,Male,70,Month-to-Month,Fiber Optic,Yes,Yes,68.05,4465.5,342.6,31,2,1,Bank Transfer,2,No
CUST-14443,63,Male,2,One Year,Fiber Optic,Yes,No,67.96,130.0,168.1,45,1,2,Electronic Check,1,Yes
CUST-14444,48,Female,70,Month-to-Month,Fiber Optic,Yes,No,35.49,2304.2,1.0,7,2,1,Mailed Check,4,No
CUST-14445,72,Female,43,Two Year,DSL,Yes,Yes,81.06,3422.12,143.4,57,4,0,Credit Card,0,No
CUST-14446,33,Male,4,One Year,No,Yes,No,22.5,87.45,220.9,51,3,2,Credit Card,1,Yes
CUST-14447,67,Female,56,Month-to-Month,Fiber Optic,Yes,No,69.61,3693.41,214.8,2,1,0,Mailed Check,2,No
CUST-14448,49,Female,59,One Year,Fiber Optic,Yes,Yes,109.14,6294.59,164.1,6,1,0,Electronic Check,1,No
CUST-14449,39,Female,9,Month-to-Month,No,Yes,No,82.01,703.68,149.2,44,3,1,Bank Transfer,1,Yes
CUST-14450,46,Female,3,Month-to-Month,No,Yes,No,81.86,233.66,1.0,34,2,0,Mailed Check,4,Yes
CUST-14451,39,Male,48,Month-to-Month,No,Yes,No,42.56,1919.92,187.7,17,0,0,Credit Card,4,Yes
CUST-14452,60,Male,43,One Year,No,Yes,Yes,109.23,4607.96,149.5,26,2,0,Credit Card,3,No
CUST-14453,20,Male,1,One Year,DSL,Yes,No,99.42,96.1,202.4,12,3,0,Mailed Check,4,Yes
CUST-14454,71,Male,57,Two Year,Fiber Optic,Yes,Yes,43.91,2326.29,224.2,20,1,0,Bank Transfer,6,No
CUST-14455,27,Male,53,Month-to-Month,Fiber Optic,Yes,Yes,53.13,2539.78,291.7,41,4,0,Credit Card,6,Yes
CUST-14456,59,Male,16,Month-to-Month,DSL,Yes,No,96.37,1422.64,94.0,58,2,1,Bank Transfer,5,Yes
CUST-14457,38,Female,51,One Year,No,Yes,Yes,109.9,5080.42,63.5,46,0,1,Credit Card,2,No
CUST-14458,33,Male,55,Month-to-Month,Fiber Optic,No,Yes,33.38,1771.17,128.3,35,1,0,Bank Transfer,3,No
CUST-14459,29,Female,1,One Year,Fiber Optic,Yes,Yes,39.91,37.27,113.8,35,1,0,Mailed Check,1,Yes
CUST-14460,19,Female,28,Month-to-Month,No,Yes,Yes,61.41,1655.98,105.7,54,7,1,Bank Transfer,8,Yes
CUST-14461,58,Female,53,Month-to-Month,DSL,Yes,Yes,15.0,754.79,310.0,29,2,1,Mailed Check,3,No
CUST-14462,41,Male,58,Month-to-Month,Fiber Optic,Yes,Yes,65.48,3724.55,193.4,48,3,0,Bank Transfer,6,No
CUST-14463,52,Female,60,One Year,Fiber Optic,Yes,No,94.64,5727.12,357.5,38,1,1,Mailed Check,2,No
CUST-14464,73,Male,59,Month-to-Month,DSL,Yes,Yes,29.03,1664.64,179.7,31,3,1,Credit Card,1,No
CUST-14465,47,Female,22,Month-to-Month,DSL,Yes,No,68.18,1363.91,74.5,40,0,0,Bank Transfer,3,No
CUST-14466,74,Female,8,Month-to-Month,No,Yes,No,50.46,364.37,107.3,13,2,0,Mailed Check,4,Yes
CUST-14467,47,Male,49,Month-to-Month,Fiber Optic,Yes,Yes,106.0,4840.73,272.2,26,1,0,Electronic Check,1,Yes
CUST-14468,64,Female,42,Month-to-Month,No,Yes,No,50.76,2054.63,78.0,22,3,0,Credit Card,3,No
CUST-14469,52,Female,27,Month-to-Month,Fiber Optic,Yes,No,102.97,2520.9,230.2,8,1,0,Bank Transfer,3,No
CUST-14470,36,Female,39,One Year,DSL,Yes,No,50.06,1853.08,147.9,40,5,2,Bank Transfer,6,No
CUST-14471,67,Female,25,Month-to-Month,DSL,Yes,Yes,84.28,2176.64,96.3,7,0,1,Electronic Check,1,No
CUST-14472,25,Male,38,One Year,Fiber Optic,Yes,No,71.3,2475.04,304.8,5,1,2,Mailed Check,1,No
CUST-14473,43,Female,24,One Year,No,Yes,Yes,61.54,1539.4,127.0,52,1,0,Electronic Check,2,No
CUST-14474,66,Female,24,Month-to-Month,DSL,Yes,Yes,45.24,1116.7,105.5,1,2,2,Electronic Check,1,Yes
CUST-14475,57,Male,60,Month-to-Month,No,Yes,No,73.08,4493.4,172.9,45,2,0,Mailed Check,1,No
CUST-14476,24,Female,50,Two Year,No,Yes,Yes,53.99,2779.27,134.3,54,1,0,Bank Transfer,5,No
CUST-14477,47,Female,66,Month-to-Month,No,Yes,No,47.76,2874.79,379.3,40,2,1,Bank Transfer,5,No
CUST-14478,24,Female,14,Month-to-Month,Fiber Optic,Yes,No,101.82,1315.26,275.4,11,2,0,Bank Transfer,6,Yes
CUST-14479,20,Female,53,Month-to-Month,No,Yes,No,78.69,3837.57,126.8,52,2,0,Electronic Check,3,No
CUST-14480,18,Male,32,One Year,Fiber Optic,Yes,Yes,81.09,2378.69,137.2,32,3,1,Mailed Check,2,No
CUST-14481,53,Female,48,One Year,DSL,Yes,No,55.21,2515.34,1.0,7,1,1,Bank Transfer,0,No
CUST-14482,42,Male,39,Two Year,DSL,Yes,No,60.35,2411.39,192.4,51,1,0,Mailed Check,2,No
CUST-14483,54,Female,40,Two Year,No,Yes,Yes,58.79,2205.32,112.8,29,1,0,Electronic Check,3,No
CUST-14484,18,Female,42,Month-to-Month,DSL,Yes,Yes,73.43,2888.63,187.9,30,2,0,Bank Transfer,3,Yes
CUST-14485,32,Female,8,Month-to-Month,Fiber Optic,Yes,No,81.05,649.3,3.0,21,4,1,Credit Card,3,Yes
CUST-14486,54,Male,26,Month-to-Month,DSL,Yes,No,64.24,1527.5,177.6,39,3,2,Electronic Check,2,No
CUST-14487,30,Female,12,Month-to-Month,DSL,Yes,No,45.18,517.24,332.9,48,1,1,Mailed Check,4,No
CUST-14488,57,Female,43,Month-to-Month,DSL,Yes,No,84.01,3411.27,184.9,44,0,1,Credit Card,0,Yes
CUST-14489,25,Male,51,Month-to-Month,No,Yes,Yes,65.84,3448.82,110.3,43,2,0,Credit Card,1,No
CUST-14490,22,Male,63,Month-to-Month,Fiber Optic,Yes,Yes,28.98,1784.07,178.2,57,0,0,Credit Card,3,No
CUST-14491,26,Male,49,Month-to-Month,No,Yes,Yes,15.0,732.77,174.2,41,2,1,Bank Transfer,2,No
CUST-14492,18,Male,27,Month-to-Month,Fiber Optic,Yes,No,72.45,1798.4,377.3,39,2,0,Bank Transfer,4,No
CUST-14493,53,Female,9,Two Year,No,Yes,Yes,44.26,414.01,150.0,20,1,2,Bank Transfer,3,No
CUST-14494,52,Female,39,One Year,Fiber Optic,Yes,Yes,75.78,2802.83,71.7,22,1,1,Credit Card,1,No
CUST-14495,19,Female,65,Two Year,Fiber Optic,Yes,Yes,45.61,2982.51,181.9,29,1,1,Bank Transfer,7,No
CUST-14496,57,Female,71,Month-to-Month,Fiber Optic,Yes,No,68.33,5060.98,197.6,46,2,0,Credit Card,5,No
CUST-14497,40,Male,71,Month-to-Month,Fiber Optic,Yes,No,55.54,3849.87,230.6,4,1,1,Electronic Check,4,No
CUST-14498,26,Female,7,Month-to-Month,No,Yes,Yes,108.8,743.42,248.0,3,1,0,Electronic Check,1,No
CUST-14499,51,Female,67,Month-to-Month,Fiber Optic,Yes,No,88.76,5456.82,356.0,9,4,1,Mailed Check,1,No
CUST-14500,63,Female,10,Month-to-Month,No,Yes,Yes,98.68,945.89,126.4,5,1,1,Bank Transfer,1,Yes
CUST-14501,31,Female,71,Two Year,Fiber Optic,Yes,Yes,65.6,4787.41,118.2,56,0,0,Credit Card,2,No
CUST-14502,21,Male,53,Two Year,DSL,Yes,Yes,85.56,4173.11,13.1,3,0,0,Credit Card,3,No
CUST-14503,47,Female,57,Month-to-Month,Fiber Optic,Yes,Yes,67.29,3979.84,239.5,25,3,2,Mailed Check,3,No
CUST-14504,48,Female,27,Month-to-Month,DSL,No,Yes,101.74,2747.24,100.1,32,2,1,Electronic Check,1,No
CUST-14505,55,Female,54,Month-to-Month,Fiber Optic,Yes,No,63.19,3286.5,260.3,33,2,0,Mailed Check,8,Yes
CUST-14506,28,Male,4,Month-to-Month,Fiber Optic,Yes,No,30.06,118.07,135.8,18,0,0,Credit Card,1,No
CUST-14507,52,Male,23,Month-to-Month,No,Yes,No,15.03,318.92,335.3,45,2,1,Credit Card,1,No
CUST-14508,25,Female,48,Month-to-Month,DSL,Yes,No,106.71,4776.97,51.0,36,4,3,Electronic Check,4,Yes
CUST-14509,20,Female,42,Month-to-Month,DSL,Yes,No,76.96,3047.95,272.1,50,0,1,Bank Transfer,2,No
CUST-14510,31,Female,3,Month-to-Month,DSL,Yes,Yes,78.61,225.86,261.3,41,3,2,Mailed Check,2,Yes
CUST-14511,30,Male,3,Month-to-Month,Fiber Optic,Yes,No,102.24,318.17,227.4,29,2,0,Bank Transfer,3,No
CUST-14512,62,Female,28,Month-to-Month,No,Yes,No,23.71,634.1,79.4,39,1,0,Electronic Check,3,No
CUST-14513,49,Female,63,Month-to-Month,No,No,No,56.03,3454.26,227.8,47,0,1,Mailed Check,2,No
CUST-14514,51,Female,31,Two Year,Fiber Optic,Yes,Yes,59.1,1693.42,191.4,45,1,1,Mailed Check,4,No
CUST-14515,62,Male,10,Month-to-Month,No,Yes,Yes,83.56,844.29,15.3,2,2,0,Bank Transfer,4,No
CUST-14516,36,Female,49,Two Year,DSL,Yes,No,47.68,2299.04,320.2,11,0,0,Credit Card,5,No
CUST-14517,55,Female,21,Two Year,DSL,Yes,No,34.97,709.39,148.9,59,1,0,Bank Transfer,7,No
CUST-14518,33,Male,53,Two Year,DSL,Yes,Yes,34.74,1918.69,313.3,31,1,0,Bank Transfer,5,No
CUST-14519,19,Male,54,One Year,No,Yes,No,93.74,5232.03,173.9,4,0,1,Credit Card,2,No
CUST-14520,57,Female,57,One Year,Fiber Optic,Yes,Yes,46.44,2644.24,268.4,29,1,0,Mailed Check,5,No
CUST-14521,34,Male,20,Two Year,Fiber Optic,Yes,No,51.2,1063.19,102.6,54,2,1,Credit Card,6,No
CUST-14522,72,Female,49,Month-to-Month,DSL,Yes,Yes,80.86,,199.3,50,0,0,Credit Card,4,No
CUST-14523,51,Male,7,Month-to-Month,Fiber Optic,Yes,Yes,47.53,340.71,193.0,57,1,1,Electronic Check,3,Yes
CUST-14524,59,Male,29,Two Year,No,Yes,Yes,22.38,623.98,150.9,3,1,0,Bank Transfer,6,No
CUST-14525,33,Female,48,One Year,DSL,Yes,Yes,25.46,1115.77,101.8,2,2,0,Bank Transfer,1,No
CUST-14526,55,Female,13,Two Year,Fiber Optic,Yes,Yes,63.58,867.14,1.0,44,0,0,Electronic Check,5,Yes
CUST-14527,19,Female,3,One Year,DSL,Yes,No,77.43,214.83,103.9,36,2,0,Credit Card,4,No
CUST-14528,19,Male,2,Two Year,DSL,Yes,No,59.94,112.41,243.0,14,1,1,Mailed Check,3,No
CUST-14529,43,Female,16,One Year,Fiber Optic,Yes,Yes,75.76,1120.6,54.4,48,0,0,Mailed Check,5,Yes
CUST-14530,30,Female,6,One Year,DSL,Yes,No,24.68,140.77,73.1,53,3,2,Electronic Check,3,Yes
CUST-14531,73,Female,45,Month-to-Month,Fiber Optic,Yes,Yes,26.37,1119.48,50.9,4,3,1,Credit Card,3,No
CUST-14532,64,Female,71,Two Year,Fiber Optic,No,Yes,121.35,8531.12,198.8,44,4,0,Bank Transfer,3,No
CUST-14533,48,Female,5,Two Year,Fiber Optic,Yes,Yes,95.82,502.8,99.6,30,1,1,Credit Card,1,No
CUST-14534,51,Male,56,Two Year,Fiber Optic,Yes,Yes,84.22,4281.84,289.8,19,0,0,Mailed Check,5,No
CUST-14535,56,Female,71,One Year,Fiber Optic,Yes,No,48.51,3501.96,246.1,19,0,1,Bank Transfer,3,No
CUST-14536,20,Female,32,Month-to-Month,DSL,Yes,Yes,59.05,1736.92,198.0,44,2,0,Credit Card,5,No
CUST-14537,25,Male,49,Month-to-Month,Fiber Optic,Yes,No,64.96,2874.21,207.4,31,2,0,Bank Transfer,2,No
CUST-14538,40,Female,13,Two Year,Fiber Optic,Yes,No,97.86,1266.82,111.3,15,0,1,Electronic Check,2,No
CUST-14539,31,Female,30,One Year,DSL,Yes,No,75.07,2321.91,111.4,29,0,0,Credit Card,3,No
CUST-14540,73,Female,25,Month-to-Month,No,Yes,No,78.15,1810.04,244.0,3,3,0,Credit Card,5,No
CUST-14541,72,Female,60,Month-to-Month,Fiber Optic,Yes,No,60.81,3470.7,262.2,19,3,1,Mailed Check,2,No
CUST-14542,44,Female,59,Two Year,No,Yes,No,84.82,4630.62,243.2,22,2,1,Electronic Check,2,No
CUST-14543,71,Male,28,Two Year,No,Yes,Yes,72.56,2104.77,137.6,47,2,0,Mailed Check,5,No
CUST-14544,46,Male,58,Two Year,Fiber Optic,Yes,Yes,66.1,3605.9,144.8,20,2,0,Bank Transfer,1,No
CUST-14545,56,Male,20,One Year,Fiber Optic,No,No,46.42,897.49,96.1,55,1,0,Credit Card,5,No
CUST-14546,70,Female,34,Month-to-Month,Fiber Optic,No,No,62.16,2185.74,249.1,7,0,0,Bank Transfer,4,No
CUST-14547,56,Male,5,Month-to-Month,Fiber Optic,No,No,38.01,186.81,3.5,4,2,1,Mailed Check,4,No
CUST-14548,18,Female,60,Month-to-Month,No,Yes,Yes,64.0,3993.32,1.0,1,4,2,Credit Card,2,Yes
CUST-14549,34,Female,43,Two Year,Fiber Optic,Yes,Yes,67.22,3003.09,1.0,41,0,0,Mailed Check,2,No
CUST-14550,58,Female,57,Month-to-Month,DSL,Yes,Yes,15.0,828.7,1.0,7,2,1,Bank Transfer,7,Yes
CUST-14551,47,Male,57,One Year,Fiber Optic,Yes,No,59.24,3333.99,302.1,22,2,0,Bank Transfer,2,No
CUST-14552,70,Male,54,Month-to-Month,No,Yes,Yes,35.6,1796.57,250.8,37,1,0,Electronic Check,2,No
CUST-14553,30,Male,45,Month-to-Month,Fiber Optic,Yes,Yes,77.47,3655.51,72.1,57,2,1,Bank Transfer,1,No
CUST-14554,38,Female,37,Two Year,Fiber Optic,Yes,Yes,80.93,2819.98,170.5,30,2,0,Credit Card,3,No
CUST-14555,36,Male,48,Month-to-Month,Fiber Optic,Yes,Yes,54.34,2653.96,311.9,9,0,1,Bank Transfer,1,No
CUST-14556,70,Female,54,One Year,Fiber Optic,Yes,Yes,78.73,4025.86,225.0,58,2,0,Mailed Check,1,No
CUST-14557,36,Male,48,Month-to-Month,Fiber Optic,No,No,79.78,3626.31,370.3,27,3,0,Credit Card,3,No
CUST-14558,74,Male,6,Month-to-Month,Fiber Optic,Yes,Yes,59.26,325.54,169.7,38,3,0,Credit Card,4,Yes
CUST-14559,42,Female,34,Month-to-Month,Fiber Optic,Yes,No,103.36,3457.96,121.0,56,1,0,Electronic Check,5,Yes
CUST-14560,39,Female,63,Month-to-Month,Fiber Optic,Yes,No,46.87,2765.97,82.7,23,3,0,Electronic Check,3,No
CUST-14561,48,Male,48,One Year,Fiber Optic,Yes,No,101.78,4505.64,182.1,12,0,0,Mailed Check,1,No
CUST-14562,34,Male,23,Month-to-Month,Fiber Optic,Yes,No,59.37,1275.39,264.2,13,3,0,Credit Card,5,No
CUST-14563,72,Male,13,Month-to-Month,DSL,No,No,43.92,535.37,188.9,33,2,0,Mailed Check,2,Yes
CUST-14564,40,Female,47,Month-to-Month,DSL,No,Yes,56.21,2577.44,147.8,15,2,0,Electronic Check,2,No
CUST-14565,49,Female,44,One Year,DSL,No,No,37.52,1581.36,293.1,16,0,0,Mailed Check,3,No
CUST-14566,27,Male,32,Two Year,Fiber Optic,Yes,Yes,84.61,2467.43,227.6,34,2,0,Mailed Check,4,No
CUST-14567,27,Male,26,Month-to-Month,DSL,Yes,Yes,24.93,635.48,169.8,9,1,0,Electronic Check,2,No
CUST-14568,53,Female,53,One Year,Fiber Optic,Yes,Yes,99.74,5382.23,111.0,42,0,0,Credit Card,1,No
CUST-14569,25,Male,14,One Year,DSL,Yes,Yes,41.6,574.33,157.1,52,2,1,Mailed Check,3,No
CUST-14570,71,Female,52,One Year,Fiber Optic,Yes,Yes,85.92,4674.17,222.5,27,1,0,Mailed Check,2,No
CUST-14571,69,Female,36,Month-to-Month,Fiber Optic,Yes,No,65.61,2160.89,109.8,48,0,0,Credit Card,4,Yes
CUST-14572,37,Female,8,One Year,Fiber Optic,Yes,No,71.77,587.46,69.0,15,2,0,Electronic Check,9,No
CUST-14573,49,Female,40,One Year,Fiber Optic,Yes,No,50.25,1961.47,136.8,35,0,0,Credit Card,3,No
CUST-14574,67,Female,22,One Year,DSL,Yes,Yes,73.82,,175.6,34,0,0,Electronic Check,2,No
CUST-14575,31,Female,16,One Year,No,Yes,No,68.37,1069.71,302.7,40,1,0,Mailed Check,4,No
CUST-14576,67,Male,60,Two Year,DSL,No,Yes,28.55,,75.6,30,2,0,Credit Card,4,No
CUST-14577,45,Female,60,Month-to-Month,Fiber Optic,Yes,Yes,40.94,2330.35,200.4,48,2,0,Bank Transfer,0,No
CUST-14578,63,Female,10,Two Year,No,No,No,51.48,512.11,155.0,23,1,0,Bank Transfer,1,No
CUST-14579,69,Male,25,Month-to-Month,Fiber Optic,Yes,No,46.13,1045.67,159.5,9,1,1,Mailed Check,1,No
CUST-14580,70,Female,31,One Year,No,Yes,Yes,96.32,2951.04,318.5,32,2,0,Mailed Check,3,No
CUST-14581,41,Male,21,Month-to-Month,DSL,Yes,No,65.18,1380.67,187.3,35,5,0,Bank Transfer,2,Yes
CUST-14582,32,Female,33,Month-to-Month,Fiber Optic,Yes,No,45.53,1432.55,97.8,49,1,0,Credit Card,1,Yes
CUST-14583,39,Male,31,One Year,Fiber Optic,Yes,No,52.73,1524.46,260.0,32,2,0,Credit Card,3,Yes
CUST-14584,47,Male,21,One Year,DSL,Yes,Yes,52.39,1025.39,253.4,45,0,1,Credit Card,2,No
CUST-14585,21,Female,36,Month-to-Month,Fiber Optic,Yes,Yes,57.8,1898.26,89.9,16,2,0,Electronic Check,9,Yes
CUST-14586,30,Female,65,Month-to-Month,Fiber Optic,Yes,Yes,38.12,2263.37,72.6,32,0,0,Bank Transfer,7,No
CUST-14587,40,Female,4,Month-to-Month,Fiber Optic,Yes,Yes,44.65,165.21,216.9,25,0,2,Bank Transfer,1,Yes
CUST-14588,25,Female,68,Two Year,No,Yes,Yes,84.17,5167.66,177.0,30,2,1,Electronic Check,4,No
CUST-14589,35,Male,4,Two Year,DSL,Yes,No,69.63,261.79,137.6,37,1,0,Mailed Check,1,No
CUST-14590,29,Male,9,Month-to-Month,DSL,Yes,Yes,61.19,520.95,275.1,37,1,1,Electronic Check,1,Yes
CUST-14591,72,Male,30,Two Year,Fiber Optic,Yes,No,65.07,2048.31,126.7,35,2,1,Credit Card,2,No
CUST-14592,48,Female,45,Two Year,Fiber Optic,Yes,Yes,63.86,3013.8,217.9,45,1,1,Mailed Check,3,No
CUST-14593,31,Male,4,Month-to-Month,Fiber Optic,Yes,No,59.77,221.88,285.7,8,3,1,Mailed Check,2,No
CUST-14594,51,Female,69,One Year,Fiber Optic,Yes,No,77.93,5011.28,149.5,40,2,0,Bank Transfer,0,No
CUST-14595,35,Female,23,Month-to-Month,DSL,Yes,Yes,76.08,1703.97,15.4,49,2,1,Electronic Check,2,No
CUST-14596,73,Male,16,One Year,Fiber Optic,Yes,No,25.71,379.4,143.7,47,0,1,Mailed Check,1,No
CUST-14597,51,Female,22,Month-to-Month,No,Yes,Yes,61.71,1324.5,197.0,36,1,0,Electronic Check,4,No
CUST-14598,28,Male,48,Month-to-Month,Fiber Optic,Yes,Yes,27.35,1260.17,270.3,54,1,0,Mailed Check,3,Yes
CUST-14599,58,Female,62,Month-to-Month,Fiber Optic,Yes,Yes,80.89,4757.87,133.1,25,3,0,Credit Card,2,No
CUST-14600,29,Male,60,Month-to-Month,DSL,Yes,Yes,84.19,5169.56,335.1,18,2,1,Electronic Check,4,Yes
CUST-14601,66,Female,5,Two Year,DSL,Yes,No,49.73,254.67,63.1,39,1,1,Credit Card,2,No
CUST-14602,32,Male,7,Month-to-Month,DSL,Yes,No,62.08,455.5,194.8,10,0,0,Electronic Check,4,Yes
CUST-14603,74,Male,51,Month-to-Month,Fiber Optic,Yes,Yes,15.0,714.1,158.5,1,3,1,Mailed Check,4,No
CUST-14604,48,Female,65,Two Year,No,Yes,No,89.32,5998.79,301.2,58,2,2,Electronic Check,1,No
CUST-14605,66,Female,9,Month-to-Month,Fiber Optic,Yes,No,82.74,730.27,47.4,4,2,1,Mailed Check,5,Yes
CUST-14606,46,Male,45,Month-to-Month,DSL,Yes,Yes,93.75,4171.16,218.3,26,1,1,Mailed Check,3,Yes
CUST-14607,43,Female,47,Two Year,DSL,Yes,Yes,102.16,4966.9,158.0,11,3,2,Electronic Check,3,Yes
CUST-14608,35,Female,67,Two Year,Fiber Optic,Yes,Yes,34.4,2400.21,317.6,15,2,0,Bank Transfer,2,No
CUST-14609,49,Female,24,Month-to-Month,Fiber Optic,Yes,No,87.2,2111.68,105.4,32,1,0,Credit Card,4,Yes
CUST-14610,39,Male,10,Month-to-Month,Fiber Optic,Yes,Yes,101.98,971.03,217.4,15,4,0,Electronic Check,4,Yes
CUST-14611,55,Male,48,Two Year,Fiber Optic,Yes,Yes,27.64,1291.5,104.6,28,2,1,Mailed Check,1,No
CUST-14612,34,Female,35,Month-to-Month,Fiber Optic,Yes,No,60.72,2108.75,196.9,23,0,1,Mailed Check,1,Yes
CUST-14613,40,Female,54,Month-to-Month,DSL,Yes,No,55.91,3092.49,146.8,3,0,1,Credit Card,4,No
CUST-14614,41,Male,71,Month-to-Month,DSL,Yes,Yes,86.39,6125.67,145.3,51,0,0,Mailed Check,3,No
CUST-14615,67,Female,16,Month-to-Month,DSL,Yes,No,15.0,229.16,1.1,32,0,0,Electronic Check,3,Yes
CUST-14616,25,Male,53,One Year,DSL,Yes,No,110.4,5632.85,217.3,20,1,0,Bank Transfer,3,No
CUST-14617,58,Female,40,One Year,DSL,Yes,Yes,62.19,2257.66,82.6,56,1,0,Bank Transfer,3,No
CUST-14618,23,Female,20,Two Year,DSL,Yes,No,87.9,1825.93,79.5,14,3,0,Credit Card,2,No
CUST-14619,22,Female,69,One Year,Fiber Optic,Yes,Yes,63.49,4000.63,40.0,35,0,0,Mailed Check,2,No
CUST-14620,61,Male,45,Month-to-Month,Fiber Optic,Yes,Yes,77.3,3433.24,85.0,40,0,0,Credit Card,3,No
CUST-14621,74,Male,6,Month-to-Month,Fiber Optic,Yes,Yes,15.0,92.77,225.0,42,1,0,Credit Card,3,Yes
CUST-14622,46,Male,69,Two Year,No,Yes,Yes,55.38,3680.33,220.6,9,2,1,Mailed Check,3,No
CUST-14623,45,Male,49,Month-to-Month,DSL,Yes,Yes,86.19,4307.86,239.7,56,0,0,Bank Transfer,1,No
CUST-14624,28,Female,39,Month-to-Month,No,Yes,Yes,72.22,2874.52,87.6,47,1,1,Mailed Check,5,No
CUST-14625,74,Female,2,Two Year,Fiber Optic,Yes,No,24.08,43.78,199.3,24,1,1,Credit Card,0,No
CUST-14626,18,Male,39,One Year,Fiber Optic,Yes,No,66.54,2495.98,124.6,41,3,0,Mailed Check,5,No
CUST-14627,60,Female,21,Month-to-Month,Fiber Optic,Yes,Yes,44.53,938.55,265.9,4,3,0,Credit Card,4,Yes
CUST-14628,36,Female,40,Two Year,DSL,Yes,Yes,42.36,1632.31,218.3,12,1,0,Mailed Check,2,No
CUST-14629,26,Male,54,Two Year,No,Yes,No,26.98,1430.37,120.9,51,0,0,Mailed Check,4,No
CUST-14630,44,Female,12,Month-to-Month,DSL,Yes,Yes,80.47,955.18,273.7,24,2,1,Credit Card,4,No
CUST-14631,51,Female,37,Two Year,DSL,Yes,Yes,92.83,3169.15,225.7,1,2,0,Bank Transfer,2,No
CUST-14632,61,Male,38,Month-to-Month,DSL,No,Yes,118.0,4312.7,55.2,14,1,1,Bank Transfer,2,Yes
CUST-14633,21,Female,15,Month-to-Month,DSL,Yes,No,28.15,381.83,29.6,31,2,0,Bank Transfer,3,Yes
CUST-14634,53,Female,7,Two Year,DSL,Yes,No,84.18,543.56,58.7,10,1,2,Credit Card,2,No
CUST-14635,35,Female,50,Two Year,DSL,Yes,No,85.83,4192.1,328.4,33,2,0,Credit Card,0,No
CUST-14636,32,Male,65,Month-to-Month,DSL,Yes,Yes,50.49,3236.03,88.6,36,0,1,Electronic Check,2,No
CUST-14637,68,Male,67,Month-to-Month,No,Yes,No,42.06,2598.03,348.9,42,0,1,Bank Transfer,2,No
CUST-14638,30,Female,44,Month-to-Month,DSL,No,Yes,37.86,1688.07,83.9,35,4,1,Mailed Check,3,Yes
CUST-14639,36,Female,31,One Year,DSL,Yes,Yes,51.82,1535.65,74.4,58,0,0,Electronic Check,2,No
CUST-14640,66,Female,43,Month-to-Month,Fiber Optic,Yes,No,70.07,3127.8,259.2,48,2,2,Credit Card,3,No
CUST-14641,23,Male,48,Month-to-Month,No,Yes,No,99.0,4553.13,263.3,18,1,1,Mailed Check,4,Yes
CUST-14642,65,Male,61,Month-to-Month,DSL,Yes,Yes,92.63,5212.36,230.0,25,1,0,Credit Card,3,No
CUST-14643,73,Male,10,Month-to-Month,DSL,No,Yes,24.61,249.47,240.8,12,2,0,Mailed Check,3,No
CUST-14644,29,Female,29,Month-to-Month,No,Yes,No,45.28,1293.65,107.9,28,3,2,Electronic Check,4,Yes
CUST-14645,68,Female,48,Two Year,DSL,Yes,No,97.49,4483.0,255.0,53,0,0,Mailed Check,2,Yes
CUST-14646,54,Female,62,Month-to-Month,Fiber Optic,Yes,No,46.72,2761.64,201.6,51,1,0,Mailed Check,3,No
CUST-14647,34,Female,13,Month-to-Month,DSL,No,Yes,63.58,762.58,147.1,9,4,1,Electronic Check,3,Yes
CUST-14648,40,Female,44,Two Year,No,Yes,No,22.37,936.17,188.5,24,1,0,Credit Card,7,No
CUST-14649,43,Male,47,One Year,No,Yes,No,93.83,3988.42,275.5,20,1,1,Bank Transfer,0,No
CUST-14650,46,Female,64,Month-to-Month,No,Yes,No,17.18,1072.43,215.3,26,2,1,Credit Card,2,No
CUST-14651,50,Female,53,Month-to-Month,DSL,Yes,Yes,23.93,1312.06,1.0,5,2,0,Credit Card,3,No
CUST-14652,44,Female,44,One Year,Fiber Optic,Yes,Yes,91.27,4093.38,260.2,27,4,1,Credit Card,5,No
CUST-14653,42,Male,28,Month-to-Month,DSL,Yes,Yes,113.0,2861.14,253.3,28,1,0,Mailed Check,2,Yes
CUST-14654,73,Female,2,One Year,No,Yes,Yes,57.73,119.18,145.9,37,0,1,Bank Transfer,4,No
CUST-14655,72,Male,57,Month-to-Month,No,No,Yes,63.83,3521.33,190.5,40,3,1,Mailed Check,9,No
CUST-14656,27,Male,57,Month-to-Month,Fiber Optic,Yes,No,87.71,4642.68,190.1,7,1,1,Mailed Check,2,No
CUST-14657,64,Male,34,Month-to-Month,Fiber Optic,Yes,Yes,72.24,2487.75,1.8,19,2,0,Credit Card,3,No
CUST-14658,40,Male,58,One Year,DSL,Yes,No,55.67,3062.35,143.8,54,2,0,Mailed Check,2,No
CUST-14659,38,Male,52,Two Year,Fiber Optic,Yes,Yes,52.86,2578.29,147.3,22,0,1,Credit Card,2,No
CUST-14660,38,Female,29,Month-to-Month,Fiber Optic,Yes,Yes,25.83,692.29,165.7,18,2,0,Electronic Check,3,Yes
CUST-14661,60,Female,35,Month-to-Month,Fiber Optic,Yes,No,70.82,2411.76,132.7,15,0,0,Bank Transfer,2,No
CUST-14662,30,Male,48,Month-to-Month,Fiber Optic,No,Yes,62.7,2750.8,239.7,33,1,0,Credit Card,3,No
CUST-14663,54,Male,33,Month-to-Month,DSL,Yes,Yes,54.05,1815.47,107.2,39,1,0,Credit Card,2,No
CUST-14664,50,Male,9,Two Year,No,Yes,Yes,39.95,348.98,261.9,51,2,0,Mailed Check,4,No
CUST-14665,41,Female,48,Month-to-Month,No,Yes,No,42.49,1972.31,235.4,5,1,0,Credit Card,2,No
CUST-14666,61,Female,67,Two Year,No,Yes,No,80.46,4853.24,302.4,40,4,2,Bank Transfer,2,No
CUST-14667,28,Male,36,One Year,Fiber Optic,Yes,No,87.04,3204.51,336.0,37,1,0,Credit Card,2,No
CUST-14668,34,Female,71,Two Year,Fiber Optic,Yes,No,56.82,3929.03,336.6,59,1,0,Mailed Check,7,No
CUST-14669,21,Female,44,One Year,DSL,Yes,Yes,54.19,2303.25,73.3,5,1,1,Electronic Check,3,No
CUST-14670,64,Male,60,Month-to-Month,No,Yes,No,43.66,2656.82,211.0,37,1,0,Bank Transfer,4,Yes
CUST-14671,42,Male,63,Month-to-Month,Fiber Optic,Yes,No,88.42,5065.97,115.4,43,1,0,Credit Card,1,No
CUST-14672,47,Female,5,Month-to-Month,Fiber Optic,Yes,No,65.77,314.05,475.2,7,1,0,Electronic Check,2,Yes
CUST-14673,26,Female,40,Month-to-Month,Fiber Optic,Yes,No,74.2,2927.52,235.3,2,5,0,Bank Transfer,6,Yes
CUST-14674,38,Female,19,Month-to-Month,No,Yes,No,73.96,1361.8,307.5,30,1,0,Bank Transfer,3,Yes
CUST-14675,37,Male,47,Month-to-Month,DSL,No,Yes,57.31,2497.6,219.2,49,1,1,Credit Card,2,No
CUST-14676,36,Male,65,Two Year,DSL,Yes,No,35.87,2203.06,1.0,11,1,0,Bank Transfer,1,No
CUST-14677,36,Male,67,Month-to-Month,Fiber Optic,No,No,40.1,2539.01,109.5,52,0,0,Mailed Check,5,No
CUST-14678,29,Female,18,One Year,No,Yes,No,93.2,1759.46,118.3,37,3,1,Electronic Check,1,No
CUST-14679,54,Female,50,Two Year,Fiber Optic,Yes,No,46.86,2223.34,144.9,39,3,0,Credit Card,0,No
CUST-14680,59,Male,30,Two Year,Fiber Optic,Yes,No,54.74,1528.52,212.4,33,1,0,Mailed Check,1,No
CUST-14681,34,Female,66,Month-to-Month,Fiber Optic,No,No,36.64,2474.82,225.1,9,3,2,Mailed Check,4,No
CUST-14682,54,Male,5,Month-to-Month,Fiber Optic,No,Yes,34.6,166.63,1.0,11,0,0,Electronic Check,4,Yes
CUST-14683,71,Female,42,Month-to-Month,Fiber Optic,Yes,Yes,45.77,1858.09,158.7,12,2,0,Bank Transfer,2,No
CUST-14684,65,Male,5,Month-to-Month,Fiber Optic,Yes,No,107.21,526.58,136.3,10,2,0,Electronic Check,2,Yes
CUST-14685,56,Female,50,Month-to-Month,DSL,Yes,No,81.45,4029.14,304.3,52,0,0,Mailed Check,3,Yes
CUST-14686,45,Female,58,Two Year,No,Yes,No,51.83,2971.82,233.3,54,3,0,Credit Card,3,No
CUST-14687,58,Male,8,Month-to-Month,Fiber Optic,No,No,92.07,666.72,163.5,11,1,0,Mailed Check,2,Yes
CUST-14688,52,Male,31,Month-to-Month,Fiber Optic,Yes,No,61.19,1940.19,200.1,33,2,0,Bank Transfer,3,No
CUST-14689,64,Male,12,Two Year,DSL,Yes,Yes,98.86,1102.36,28.2,57,1,0,Credit Card,2,No
CUST-14690,65,Male,21,Month-to-Month,DSL,Yes,Yes,120.29,2384.25,239.5,20,1,1,Mailed Check,2,Yes
CUST-14691,35,Male,62,Month-to-Month,No,Yes,No,90.7,5207.35,144.4,5,3,0,Mailed Check,6,Yes
CUST-14692,31,Female,33,One Year,DSL,Yes,Yes,67.36,2256.36,107.3,47,0,1,Credit Card,6,No
CUST-14693,52,Male,26,Month-to-Month,Fiber Optic,Yes,No,82.48,2117.78,298.3,24,0,0,Credit Card,1,No
CUST-14694,61,Male,40,One Year,Fiber Optic,Yes,No,65.38,2649.97,204.6,32,3,0,Mailed Check,2,No
CUST-14695,58,Male,65,Month-to-Month,Fiber Optic,Yes,Yes,19.1,1239.03,120.1,54,0,0,Mailed Check,8,No
CUST-14696,24,Male,59,Two Year,DSL,Yes,No,48.63,2627.08,125.6,31,1,0,Mailed Check,2,No
CUST-14697,58,Male,15,Month-to-Month,DSL,Yes,Yes,41.21,584.29,212.9,42,0,0,Credit Card,2,No
CUST-14698,30,Female,1,Month-to-Month,No,Yes,Yes,48.08,46.93,205.9,44,1,0,Mailed Check,2,No
CUST-14699,35,Male,11,One Year,Fiber Optic,Yes,Yes,109.84,1142.68,182.6,14,1,1,Electronic Check,3,Yes
CUST-14700,54,Male,55,Month-to-Month,DSL,Yes,No,93.05,4765.11,71.7,19,3,0,Mailed Check,1,No
CUST-14701,30,Male,2,Month-to-Month,DSL,Yes,Yes,76.02,156.67,85.0,42,2,2,Bank Transfer,7,Yes
CUST-14702,53,Female,65,Month-to-Month,No,Yes,Yes,85.31,5612.62,112.7,24,3,2,Credit Card,5,No
CUST-14703,48,Female,44,Month-to-Month,DSL,Yes,Yes,17.7,741.25,162.3,54,1,1,Bank Transfer,3,Yes
CUST-14704,19,Male,16,Month-to-Month,Fiber Optic,Yes,Yes,83.2,1350.84,176.3,32,3,0,Electronic Check,3,No
CUST-14705,33,Male,22,One Year,Fiber Optic,Yes,No,88.49,1935.35,165.6,12,1,0,Mailed Check,4,No
CUST-14706,26,Female,18,One Year,No,No,Yes,15.0,243.15,169.7,50,0,0,Credit Card,4,Yes
CUST-14707,26,Female,47,One Year,Fiber Optic,Yes,No,84.13,3784.24,349.3,21,1,1,Electronic Check,2,No
CUST-14708,55,Female,30,Month-to-Month,Fiber Optic,Yes,Yes,29.4,832.23,256.4,51,2,1,Electronic Check,4,Yes
CUST-14709,28,Male,10,Month-to-Month,DSL,Yes,No,15.75,146.9,286.9,36,0,0,Bank Transfer,2,Yes
CUST-14710,71,Male,58,One Year,No,Yes,Yes,98.16,5338.81,221.8,25,1,1,Bank Transfer,2,No
CUST-14711,73,Female,62,Two Year,Fiber Optic,Yes,No,39.82,2570.94,186.5,51,1,1,Credit Card,4,No
CUST-14712,39,Male,6,Month-to-Month,No,Yes,Yes,47.1,274.95,216.9,53,1,0,Electronic Check,2,Yes
CUST-14713,50,Female,67,Month-to-Month,Fiber Optic,Yes,No,89.74,6175.86,200.3,14,4,0,Mailed Check,3,No
CUST-14714,53,Female,41,Month-to-Month,Fiber Optic,Yes,No,57.37,2192.53,252.7,8,0,0,Bank Transfer,3,No
CUST-14715,62,Female,43,Month-to-Month,DSL,Yes,No,60.5,2409.41,92.2,29,1,1,Mailed Check,2,No
CUST-14716,40,Male,18,One Year,Fiber Optic,Yes,No,59.95,1115.05,245.2,25,3,0,Mailed Check,0,No
CUST-14717,62,Female,58,Month-to-Month,DSL,Yes,Yes,73.69,4164.42,195.0,23,3,0,Credit Card,4,No
CUST-14718,62,Female,60,One Year,Fiber Optic,Yes,No,59.34,3682.42,17.4,59,0,0,Electronic Check,2,No
CUST-14719,51,Male,27,Month-to-Month,DSL,Yes,Yes,67.85,1666.07,187.7,36,2,0,Electronic Check,3,No
CUST-14720,26,Female,68,Month-to-Month,DSL,Yes,No,52.41,3697.4,62.4,57,2,1,Mailed Check,1,No
CUST-14721,41,Male,22,Two Year,DSL,Yes,No,73.8,1562.42,131.9,48,2,0,Credit Card,4,No
CUST-14722,25,Female,24,Month-to-Month,DSL,Yes,No,72.85,1614.31,165.7,12,4,1,Bank Transfer,3,No
CUST-14723,24,Male,40,Month-to-Month,No,Yes,Yes,112.45,4509.28,44.4,50,1,0,Bank Transfer,4,Yes
CUST-14724,53,Female,66,Two Year,Fiber Optic,Yes,Yes,55.47,3732.54,175.2,12,0,0,Bank Transfer,4,No
CUST-14725,35,Female,40,Two Year,Fiber Optic,No,Yes,60.4,2191.57,186.2,18,3,1,Bank Transfer,1,No
CUST-14726,20,Female,6,One Year,DSL,No,Yes,70.97,446.29,248.0,36,1,0,Mailed Check,2,Yes
CUST-14727,45,Female,18,Month-to-Month,Fiber Optic,Yes,Yes,89.11,1611.28,139.2,48,1,0,Bank Transfer,2,Yes
CUST-14728,23,Female,30,Month-to-Month,Fiber Optic,Yes,Yes,37.71,1072.71,204.7,50,1,1,Bank Transfer,2,No
CUST-14729,61,Male,21,Two Year,No,Yes,No,67.59,1309.66,171.4,19,2,0,Electronic Check,3,No
CUST-14730,61,Male,62,Month-to-Month,No,Yes,No,15.0,891.76,142.4,48,1,1,Bank Transfer,2,No
CUST-14731,38,Female,10,Two Year,Fiber Optic,Yes,No,58.21,543.15,29.6,53,1,0,Electronic Check,5,No
CUST-14732,45,Female,13,Month-to-Month,Fiber Optic,Yes,Yes,91.82,1162.77,170.0,35,4,0,Bank Transfer,3,Yes
CUST-14733,57,Female,9,Month-to-Month,DSL,Yes,No,46.85,428.94,247.0,49,0,1,Electronic Check,4,Yes
CUST-14734,71,Male,68,Two Year,Fiber Optic,Yes,No,69.42,4715.93,96.0,27,3,0,Mailed Check,3,No
CUST-14735,71,Male,39,Month-to-Month,DSL,Yes,No,51.78,1949.53,160.4,3,3,1,Bank Transfer,4,Yes
CUST-14736,18,Female,24,Month-to-Month,DSL,Yes,Yes,43.51,958.45,173.7,13,2,1,Credit Card,4,Yes
CUST-14737,53,Male,34,Month-to-Month,DSL,Yes,Yes,89.29,3168.14,279.2,38,1,0,Credit Card,2,No
CUST-14738,38,Female,61,Month-to-Month,Fiber Optic,Yes,No,38.87,2230.12,182.7,51,1,1,Electronic Check,2,No
CUST-14739,60,Female,41,Month-to-Month,Fiber Optic,Yes,Yes,72.32,2792.18,205.9,41,1,0,Bank Transfer,3,Yes
CUST-14740,52,Female,5,Month-to-Month,Fiber Optic,Yes,No,72.71,362.4,179.2,19,1,0,Mailed Check,3,Yes
CUST-14741,30,Male,50,Month-to-Month,Fiber Optic,Yes,Yes,43.71,2219.54,135.7,43,2,0,Mailed Check,3,No
CUST-14742,74,Female,4,One Year,DSL,Yes,Yes,68.89,288.68,77.9,35,2,1,Mailed Check,2,No
CUST-14743,66,Female,51,Month-to-Month,Fiber Optic,Yes,No,41.63,2219.47,154.3,15,2,1,Mailed Check,1,No
CUST-14744,71,Female,52,Two Year,No,Yes,Yes,78.04,4208.49,215.4,16,3,0,Bank Transfer,1,No
CUST-14745,71,Male,39,Month-to-Month,No,Yes,Yes,32.13,1209.58,191.1,35,1,0,Mailed Check,2,No
CUST-14746,27,Male,8,One Year,Fiber Optic,Yes,Yes,56.51,418.17,313.2,5,2,0,Bank Transfer,2,No
CUST-14747,70,Male,45,Month-to-Month,Fiber Optic,Yes,No,58.68,2608.04,265.1,7,1,1,Mailed Check,2,Yes
CUST-14748,61,Female,28,One Year,Fiber Optic,Yes,Yes,92.82,2345.79,291.7,21,0,0,Credit Card,1,No
CUST-14749,64,Male,27,Two Year,DSL,Yes,No,68.5,1718.99,1.0,41,3,0,Bank Transfer,5,No
CUST-14750,70,Female,65,Two Year,DSL,No,Yes,88.88,5201.67,322.1,54,4,1,Mailed Check,2,No
CUST-14751,27,Male,34,One Year,DSL,Yes,No,78.87,2486.04,204.0,1,1,1,Mailed Check,2,Yes
CUST-14752,63,Female,62,Month-to-Month,DSL,Yes,No,78.71,4739.54,216.8,25,1,0,Electronic Check,5,No
CUST-14753,30,Male,62,Two Year,Fiber Optic,Yes,Yes,56.7,3371.26,260.6,30,1,0,Mailed Check,2,No
CUST-14754,54,Female,38,Two Year,No,Yes,Yes,90.52,3286.33,181.9,19,2,1,Credit Card,4,No
CUST-14755,55,Male,26,Two Year,Fiber Optic,Yes,Yes,56.1,1494.54,83.7,24,1,0,Bank Transfer,1,No
CUST-14756,41,Male,24,Month-to-Month,Fiber Optic,Yes,No,21.75,522.65,310.3,46,2,0,Electronic Check,3,No
CUST-14757,19,Male,39,Two Year,Fiber Optic,Yes,Yes,59.63,2419.67,110.9,15,0,0,Mailed Check,4,No
CUST-14758,39,Female,21,Month-to-Month,DSL,Yes,Yes,76.34,1549.92,91.3,35,0,0,Mailed Check,2,No
CUST-14759,34,Male,47,Month-to-Month,DSL,Yes,Yes,24.83,1097.96,158.9,24,0,0,Electronic Check,0,Yes
CUST-14760,53,Male,48,Month-to-Month,Fiber Optic,Yes,Yes,42.87,1889.85,145.3,36,2,0,Bank Transfer,8,No
CUST-14761,31,Male,13,Month-to-Month,Fiber Optic,Yes,Yes,34.24,445.48,180.3,49,2,0,Credit Card,3,Yes
CUST-14762,27,Male,3,One Year,No,Yes,No,84.67,260.68,171.2,59,0,1,Electronic Check,4,No
CUST-14763,52,Female,32,Two Year,Fiber Optic,Yes,No,106.82,3170.63,301.2,14,3,1,Electronic Check,1,No
CUST-14764,42,Male,35,One Year,No,Yes,Yes,59.76,2158.14,221.3,22,1,0,Mailed Check,6,No
CUST-14765,20,Female,19,One Year,Fiber Optic,Yes,No,78.29,1456.19,102.8,39,1,0,Credit Card,7,No
CUST-14766,64,Female,14,Month-to-Month,Fiber Optic,Yes,No,77.64,1001.76,115.2,8,3,1,Bank Transfer,4,No
CUST-14767,55,Female,48,One Year,Fiber Optic,No,No,103.84,4966.52,145.1,48,1,1,Bank Transfer,4,No
CUST-14768,34,Female,68,Month-to-Month,DSL,Yes,No,48.69,3238.11,145.4,54,0,0,Credit Card,2,No
CUST-14769,29,Male,45,Two Year,DSL,Yes,No,59.5,2421.07,133.7,16,1,2,Electronic Check,6,No
CUST-14770,71,Female,19,One Year,DSL,Yes,No,56.48,1030.07,80.8,46,1,1,Credit Card,7,No
CUST-14771,69,Female,64,One Year,Fiber Optic,Yes,No,66.88,4356.16,206.1,17,0,0,Electronic Check,4,No
CUST-14772,41,Female,66,Month-to-Month,Fiber Optic,Yes,Yes,127.61,8281.72,139.0,5,4,0,Mailed Check,4,Yes
CUST-14773,46,Female,66,Two Year,DSL,Yes,Yes,65.77,4090.38,94.3,41,3,2,Credit Card,3,No
CUST-14774,60,Male,45,Month-to-Month,Fiber Optic,Yes,Yes,43.63,2040.5,223.7,35,2,0,Credit Card,4,No
CUST-14775,42,Male,67,Month-to-Month,DSL,Yes,No,36.14,2265.61,256.3,53,0,1,Mailed Check,5,No
CUST-14776,53,Female,69,One Year,Fiber Optic,Yes,Yes,96.32,6233.43,157.9,54,1,2,Electronic Check,5,No
CUST-14777,43,Female,3,Month-to-Month,Fiber Optic,Yes,No,43.52,124.45,340.3,37,2,0,Electronic Check,4,No
CUST-14778,55,Female,38,Two Year,Fiber Optic,Yes,Yes,81.59,3206.39,379.4,52,0,1,Credit Card,3,No
CUST-14779,18,Male,42,Month-to-Month,Fiber Optic,Yes,No,48.01,1968.32,224.7,18,1,1,Credit Card,6,Yes
CUST-14780,37,Male,40,Month-to-Month,DSL,Yes,Yes,33.33,1336.3,137.8,21,1,0,Bank Transfer,2,No
CUST-14781,72,Male,50,Two Year,No,No,No,80.13,4192.56,204.2,42,6,0,Electronic Check,2,No
CUST-14782,45,Male,35,Month-to-Month,DSL,Yes,No,49.23,1753.19,69.8,1,5,0,Mailed Check,3,No
CUST-14783,33,Male,24,Month-to-Month,DSL,Yes,Yes,75.64,1680.82,101.5,17,1,0,Electronic Check,0,No
CUST-14784,64,Female,17,Month-to-Month,DSL,Yes,Yes,77.48,1341.2,28.6,8,0,2,Bank Transfer,4,Yes
CUST-14785,34,Male,40,Month-to-Month,Fiber Optic,Yes,No,78.66,3184.95,123.4,29,4,0,Bank Transfer,0,No
CUST-14786,57,Male,66,One Year,Fiber Optic,No,Yes,58.3,3597.28,69.1,20,0,0,Credit Card,5,No
CUST-14787,45,Female,44,Month-to-Month,Fiber Optic,Yes,No,82.15,3429.54,236.2,49,0,1,Bank Transfer,5,Yes
CUST-14788,29,Male,23,Two Year,Fiber Optic,Yes,No,41.94,970.91,112.6,50,2,0,Bank Transfer,6,No
CUST-14789,44,Male,6,One Year,DSL,No,No,15.0,84.22,204.9,37,2,2,Bank Transfer,3,Yes
CUST-14790,71,Male,66,Month-to-Month,No,Yes,No,82.67,5080.99,247.3,39,2,0,Mailed Check,4,No
CUST-14791,70,Female,21,One Year,Fiber Optic,Yes,No,69.14,1459.96,285.4,5,1,1,Credit Card,1,No
CUST-14792,59,Male,35,One Year,Fiber Optic,Yes,No,49.75,,148.2,59,2,0,Bank Transfer,1,No
CUST-14793,64,Female,29,Month-to-Month,Fiber Optic,Yes,No,28.22,745.75,208.0,10,1,2,Mailed Check,5,No
CUST-14794,47,Female,7,Month-to-Month,DSL,Yes,Yes,15.0,101.52,210.8,6,1,0,Credit Card,2,Yes
CUST-14795,58,Male,53,Month-to-Month,DSL,Yes,Yes,66.29,3482.02,294.5,7,2,0,Credit Card,3,Yes
CUST-14796,51,Male,37,One Year,Fiber Optic,Yes,Yes,106.22,3935.81,250.5,35,2,1,Mailed Check,4,No
CUST-14797,54,Male,23,One Year,DSL,Yes,No,61.54,1485.38,297.3,27,2,0,Bank Transfer,4,No
CUST-14798,23,Male,8,Month-to-Month,DSL,Yes,Yes,55.97,448.84,30.2,42,3,0,Bank Transfer,0,No
CUST-14799,24,Female,48,One Year,No,Yes,No,64.39,3069.16,120.2,21,0,0,Credit Card,3,No
CUST-14800,49,Male,10,One Year,Fiber Optic,Yes,Yes,119.48,1252.7,272.9,24,1,1,Mailed Check,0,Yes
CUST-14801,49,Female,24,One Year,Fiber Optic,Yes,No,83.8,1828.38,232.3,29,2,2,Credit Card,3,No
CUST-14802,70,Female,47,One Year,Fiber Optic,Yes,Yes,41.66,1784.08,168.7,27,6,1,Mailed Check,4,No
CUST-14803,42,Female,53,Month-to-Month,No,Yes,Yes,65.7,3426.74,137.3,38,0,1,Bank Transfer,5,No
CUST-14804,50,Female,39,Two Year,DSL,Yes,Yes,73.31,2727.0,251.0,2,2,0,Credit Card,1,No
CUST-14805,72,Female,67,One Year,No,Yes,Yes,38.59,2364.48,1.8,25,0,2,Mailed Check,3,No
CUST-14806,24,Male,66,Two Year,Fiber Optic,Yes,Yes,83.98,5243.19,251.3,2,2,0,Electronic Check,2,No
CUST-14807,69,Female,6,Month-to-Month,DSL,Yes,No,44.55,267.61,188.2,38,1,1,Electronic Check,3,Yes
CUST-14808,74,Female,21,Month-to-Month,DSL,Yes,Yes,27.23,590.18,136.0,59,2,1,Mailed Check,5,No
CUST-14809,29,Male,36,Month-to-Month,Fiber Optic,Yes,No,66.9,2201.64,225.2,18,0,1,Mailed Check,3,Yes
CUST-14810,33,Male,3,Month-to-Month,Fiber Optic,Yes,Yes,62.95,185.27,145.3,42,1,0,Mailed Check,2,No
CUST-14811,33,Female,42,One Year,DSL,Yes,Yes,64.97,2577.07,182.6,7,0,0,Electronic Check,3,No
CUST-14812,60,Female,45,Month-to-Month,Fiber Optic,Yes,No,45.88,2064.8,175.8,49,7,1,Mailed Check,1,No
CUST-14813,70,Male,44,Two Year,Fiber Optic,Yes,Yes,49.37,2134.09,247.0,4,2,1,Bank Transfer,3,No
CUST-14814,53,Female,33,One Year,Fiber Optic,No,No,93.21,3195.91,194.3,44,1,0,Electronic Check,4,No
CUST-14815,30,Male,60,One Year,No,Yes,No,76.03,,8.2,40,1,1,Mailed Check,1,No
CUST-14816,24,Male,70,Month-to-Month,No,Yes,Yes,41.08,2790.79,54.7,41,4,0,Electronic Check,3,No
CUST-14817,53,Female,26,Two Year,Fiber Optic,Yes,No,16.23,391.98,82.4,10,0,0,Electronic Check,2,No
CUST-14818,64,Male,21,Two Year,No,Yes,Yes,42.14,867.7,221.1,51,1,0,Electronic Check,3,No
CUST-14819,68,Female,2,One Year,DSL,No,No,68.93,141.73,230.1,41,2,0,Bank Transfer,1,No
CUST-14820,26,Female,47,Month-to-Month,DSL,Yes,No,49.2,2397.26,330.3,28,0,0,Bank Transfer,2,No
CUST-14821,49,Female,30,Month-to-Month,Fiber Optic,No,No,47.26,1360.71,88.7,30,0,0,Credit Card,1,No
CUST-14822,28,Male,27,Month-to-Month,Fiber Optic,Yes,Yes,50.27,1386.83,297.8,24,1,1,Bank Transfer,3,Yes
CUST-14823,25,Female,71,Month-to-Month,Fiber Optic,Yes,Yes,63.18,4225.95,5.6,36,0,0,Electronic Check,2,No
CUST-14824,50,Male,20,Month-to-Month,Fiber Optic,Yes,No,84.62,1524.76,181.6,16,2,0,Mailed Check,2,No
CUST-14825,40,Female,50,One Year,DSL,Yes,No,64.99,3341.41,202.1,33,4,1,Credit Card,4,No
CUST-14826,42,Female,23,One Year,DSL,Yes,No,66.55,1405.0,201.7,10,1,1,Electronic Check,1,No
CUST-14827,73,Male,13,Month-to-Month,No,Yes,Yes,59.38,696.79,152.1,48,1,1,Mailed Check,4,Yes
CUST-14828,25,Female,4,Month-to-Month,No,Yes,No,52.52,200.22,190.6,21,1,2,Credit Card,4,Yes
CUST-14829,62,Female,14,Two Year,Fiber Optic,Yes,No,87.36,1170.34,68.8,27,4,0,Credit Card,1,No
CUST-14830,39,Male,20,Month-to-Month,Fiber Optic,Yes,Yes,83.56,1523.44,257.9,55,4,0,Mailed Check,1,Yes
CUST-14831,21,Male,13,One Year,Fiber Optic,Yes,No,116.13,1543.1,202.5,21,1,0,Credit Card,1,No
CUST-14832,57,Male,3,Month-to-Month,DSL,Yes,Yes,80.26,231.35,212.6,27,2,0,Bank Transfer,6,Yes
CUST-14833,20,Female,47,Month-to-Month,Fiber Optic,Yes,Yes,52.54,2403.91,154.9,32,0,0,Mailed Check,3,Yes
CUST-14834,46,Male,3,Month-to-Month,Fiber Optic,Yes,Yes,42.38,119.47,150.5,5,0,1,Mailed Check,3,No
CUST-14835,58,Male,1,One Year,Fiber Optic,Yes,No,88.82,86.75,227.2,53,1,0,Bank Transfer,3,Yes
CUST-14836,46,Female,24,Month-to-Month,DSL,Yes,No,44.63,1087.2,323.1,35,2,0,Mailed Check,1,Yes
CUST-14837,51,Male,35,Two Year,No,Yes,No,85.24,3090.59,54.6,22,2,0,Bank Transfer,2,No
CUST-14838,51,Female,14,Month-to-Month,No,Yes,Yes,46.0,673.35,50.0,59,0,0,Credit Card,3,Yes
CUST-14839,45,Female,67,Month-to-Month,DSL,No,Yes,73.73,4762.12,204.0,36,3,0,Electronic Check,1,Yes
CUST-14840,30,Male,13,One Year,Fiber Optic,Yes,No,38.51,524.91,150.1,10,1,1,Mailed Check,3,No
CUST-14841,32,Female,47,Month-to-Month,No,Yes,No,84.5,,191.2,34,2,0,Bank Transfer,2,No
CUST-14842,40,Male,50,One Year,DSL,Yes,No,34.16,1538.99,177.9,52,2,0,Electronic Check,3,No
CUST-14843,61,Male,26,Month-to-Month,Fiber Optic,Yes,Yes,71.82,1895.6,236.0,54,0,1,Electronic Check,5,No
CUST-14844,43,Male,3,Month-to-Month,Fiber Optic,Yes,No,60.05,166.96,154.2,6,3,1,Bank Transfer,4,Yes
CUST-14845,21,Male,51,One Year,Fiber Optic,Yes,No,67.55,3127.65,71.3,14,3,0,Mailed Check,3,No
CUST-14846,43,Female,40,Two Year,No,Yes,No,55.1,2289.08,108.9,59,3,0,Mailed Check,4,No
CUST-14847,57,Female,68,Month-to-Month,Fiber Optic,Yes,No,54.52,3776.95,165.6,57,3,0,Mailed Check,1,No
CUST-14848,26,Male,36,Two Year,DSL,Yes,No,68.87,2269.57,67.1,56,1,1,Credit Card,6,No
CUST-14849,72,Male,51,Month-to-Month,DSL,Yes,No,39.95,2071.14,176.7,37,2,0,Mailed Check,5,No
CUST-14850,22,Female,1,Two Year,DSL,Yes,No,39.8,40.86,185.5,58,1,0,Bank Transfer,1,No
CUST-14851,73,Male,33,One Year,Fiber Optic,Yes,No,56.04,1915.52,147.8,19,1,0,Electronic Check,2,No
CUST-14852,49,Female,7,Month-to-Month,Fiber Optic,Yes,Yes,55.06,378.31,198.8,32,2,0,Mailed Check,3,Yes
CUST-14853,37,Male,52,Month-to-Month,DSL,Yes,No,39.87,2084.67,34.7,20,3,0,Credit Card,4,No
CUST-14854,67,Female,11,Month-to-Month,Fiber Optic,Yes,No,88.11,983.1,94.2,21,2,1,Bank Transfer,2,Yes
CUST-14855,28,Female,27,Month-to-Month,Fiber Optic,Yes,Yes,56.64,1534.32,77.2,15,0,0,Bank Transfer,2,No
CUST-14856,32,Female,14,Month-to-Month,DSL,Yes,No,59.33,828.15,259.2,17,1,0,Credit Card,0,Yes
CUST-14857,49,Male,46,One Year,Fiber Optic,Yes,No,31.81,1437.12,387.6,44,0,0,Mailed Check,2,No
CUST-14858,45,Male,10,Two Year,Fiber Optic,Yes,Yes,116.79,1135.06,100.7,57,0,0,Mailed Check,2,Yes
CUST-14859,39,Male,24,Month-to-Month,Fiber Optic,No,No,125.68,3165.38,158.8,45,0,1,Electronic Check,2,Yes
CUST-14860,58,Male,61,Month-to-Month,DSL,Yes,Yes,45.49,2637.91,117.6,52,1,0,Bank Transfer,3,No
CUST-14861,34,Male,18,One Year,Fiber Optic,Yes,No,95.65,1572.33,199.9,24,1,0,Bank Transfer,2,Yes
CUST-14862,43,Female,9,Two Year,No,Yes,Yes,62.7,572.63,125.2,21,5,0,Electronic Check,5,No
CUST-14863,61,Female,17,Month-to-Month,Fiber Optic,Yes,No,105.09,1665.18,205.5,48,1,0,Mailed Check,4,No
CUST-14864,24,Female,58,Month-to-Month,Fiber Optic,Yes,No,73.41,4172.22,239.9,15,0,3,Mailed Check,3,No
CUST-14865,59,Female,13,Month-to-Month,Fiber Optic,Yes,No,67.49,802.24,69.9,11,1,0,Mailed Check,3,No
CUST-14866,74,Female,50,Month-to-Month,DSL,Yes,No,15.0,744.67,204.4,37,2,0,Mailed Check,3,No
CUST-14867,43,Female,6,Month-to-Month,Fiber Optic,Yes,Yes,43.03,268.92,18.5,30,2,1,Electronic Check,5,Yes
CUST-14868,42,Female,51,Month-to-Month,DSL,Yes,No,65.51,3369.09,156.9,18,0,0,Credit Card,3,No
CUST-14869,27,Male,36,Month-to-Month,DSL,Yes,Yes,69.97,2348.09,150.9,56,0,0,Credit Card,3,Yes
CUST-14870,62,Female,71,One Year,Fiber Optic,Yes,No,34.63,2571.02,159.4,28,1,0,Bank Transfer,1,No
CUST-14871,36,Male,25,Month-to-Month,DSL,Yes,No,46.78,1106.42,151.9,13,3,0,Mailed Check,2,No
CUST-14872,28,Female,11,Month-to-Month,Fiber Optic,Yes,No,78.84,837.31,135.5,43,2,0,Electronic Check,2,Yes
CUST-14873,30,Female,44,Month-to-Month,DSL,Yes,No,30.42,1304.64,156.1,10,4,0,Credit Card,4,Yes
CUST-14874,70,Male,14,Two Year,DSL,Yes,Yes,68.34,1003.27,201.4,47,3,0,Credit Card,4,No
CUST-14875,25,Female,29,Two Year,No,Yes,Yes,95.95,2533.05,204.0,39,1,0,Electronic Check,0,No
CUST-14876,57,Male,50,Month-to-Month,No,Yes,No,74.64,3748.83,190.4,12,0,0,Bank Transfer,3,No
CUST-14877,21,Female,5,Month-to-Month,DSL,Yes,No,73.39,350.18,128.4,50,2,2,Electronic Check,2,Yes
CUST-14878,64,Male,69,One Year,Fiber Optic,Yes,Yes,15.0,943.66,277.2,59,0,0,Bank Transfer,1,No
CUST-14879,48,Female,57,Month-to-Month,DSL,Yes,Yes,44.45,2635.64,317.3,38,0,0,Mailed Check,3,No
CUST-14880,45,Male,26,Month-to-Month,Fiber Optic,Yes,No,116.36,2990.5,64.0,41,1,0,Bank Transfer,3,Yes
CUST-14881,28,Male,6,Month-to-Month,Fiber Optic,Yes,Yes,50.02,304.03,194.8,48,3,1,Mailed Check,6,Yes
CUST-14882,60,Female,16,Two Year,DSL,No,No,96.61,1446.92,137.9,40,1,0,Mailed Check,2,No
CUST-14883,18,Female,60,Two Year,Fiber Optic,Yes,No,49.73,3026.26,263.3,26,2,0,Mailed Check,6,No
CUST-14884,66,Male,12,One Year,DSL,Yes,No,58.05,713.51,178.9,44,0,0,Electronic Check,2,No
CUST-14885,64,Female,3,Month-to-Month,DSL,Yes,Yes,77.89,225.4,184.8,19,2,0,Credit Card,1,Yes
CUST-14886,69,Male,63,Two Year,Fiber Optic,No,Yes,67.52,4193.33,224.5,23,0,2,Electronic Check,2,No
CUST-14887,55,Female,64,Two Year,Fiber Optic,Yes,No,74.54,4988.96,153.2,48,1,0,Electronic Check,2,No
CUST-14888,41,Male,62,Two Year,Fiber Optic,Yes,No,44.54,2836.07,331.0,36,0,0,Credit Card,3,No
CUST-14889,71,Female,6,Month-to-Month,Fiber Optic,Yes,Yes,36.59,212.24,225.9,27,0,0,Credit Card,4,Yes
CUST-14890,74,Male,19,Month-to-Month,Fiber Optic,Yes,Yes,42.85,,263.8,52,2,0,Credit Card,5,No
CUST-14891,64,Female,18,One Year,Fiber Optic,Yes,Yes,51.69,946.83,160.1,16,0,1,Credit Card,8,Yes
CUST-14892,48,Male,43,Month-to-Month,Fiber Optic,Yes,No,59.27,2303.05,168.9,7,2,0,Mailed Check,3,Yes
CUST-14893,58,Male,3,Month-to-Month,Fiber Optic,Yes,No,90.93,269.59,253.0,59,4,0,Credit Card,3,Yes
CUST-14894,63,Female,38,Month-to-Month,Fiber Optic,Yes,Yes,67.18,2674.56,244.0,13,3,1,Electronic Check,5,Yes
CUST-14895,67,Female,68,Two Year,Fiber Optic,Yes,Yes,77.11,5464.11,67.6,55,2,1,Mailed Check,4,No
CUST-14896,43,Male,44,Two Year,Fiber Optic,No,No,68.54,3090.75,191.5,12,1,0,Electronic Check,2,No
CUST-14897,66,Male,63,Month-to-Month,Fiber Optic,Yes,Yes,37.11,2141.39,222.6,27,2,0,Mailed Check,3,No
CUST-14898,67,Male,42,Two Year,Fiber Optic,Yes,No,65.43,2883.01,168.3,33,1,1,Mailed Check,2,No
CUST-14899,22,Male,64,One Year,Fiber Optic,Yes,No,68.27,4331.84,214.1,31,0,1,Bank Transfer,1,No
CUST-14900,37,Female,54,Two Year,Fiber Optic,Yes,No,84.0,4234.07,172.1,11,4,0,Mailed Check,4,No
CUST-14901,69,Male,71,Month-to-Month,Fiber Optic,Yes,No,38.29,2721.69,1.0,17,4,0,Bank Transfer,3,No
CUST-14902,58,Male,37,Month-to-Month,No,Yes,No,15.0,570.81,62.0,38,3,0,Bank Transfer,3,No
CUST-14903,28,Male,4,Month-to-Month,Fiber Optic,Yes,No,69.41,254.55,267.7,2,1,0,Mailed Check,3,Yes
CUST-14904,73,Female,2,Month-to-Month,No,Yes,Yes,73.85,153.23,158.0,3,2,1,Credit Card,1,Yes
CUST-14905,71,Male,44,One Year,Fiber Optic,Yes,Yes,60.52,2764.15,197.1,34,3,1,Credit Card,3,No
CUST-14906,50,Female,67,Month-to-Month,No,Yes,No,65.7,3970.6,179.7,50,0,1,Electronic Check,1,No
CUST-14907,67,Female,68,Two Year,Fiber Optic,No,Yes,86.97,6121.23,105.7,32,0,0,Electronic Check,6,No
CUST-14908,55,Female,62,Month-to-Month,No,Yes,No,53.53,,138.0,24,1,0,Bank Transfer,2,No
CUST-14909,44,Female,1,Month-to-Month,DSL,Yes,Yes,58.03,52.56,209.6,24,1,0,Mailed Check,2,Yes
CUST-14910,51,Female,17,Month-to-Month,DSL,Yes,No,66.98,1075.04,218.8,13,2,0,Mailed Check,4,No
CUST-14911,32,Female,16,Month-to-Month,Fiber Optic,Yes,No,34.5,527.69,377.0,22,0,0,Mailed Check,5,Yes
CUST-14912,49,Female,9,Month-to-Month,No,Yes,No,61.2,524.55,137.0,19,2,1,Bank Transfer,1,Yes
CUST-14913,38,Male,53,One Year,Fiber Optic,Yes,Yes,63.41,3407.28,330.4,53,0,1,Mailed Check,6,No
CUST-14914,63,Male,59,Month-to-Month,DSL,Yes,No,105.93,5960.6,102.6,30,0,1,Electronic Check,3,No
CUST-14915,22,Female,9,One Year,Fiber Optic,Yes,Yes,57.55,540.47,224.0,39,1,1,Credit Card,2,No
CUST-14916,23,Male,12,One Year,Fiber Optic,Yes,Yes,70.0,881.37,196.0,21,2,1,Bank Transfer,5,No
CUST-14917,55,Male,41,Month-to-Month,DSL,No,Yes,87.97,3417.5,168.7,48,2,1,Credit Card,4,No
CUST-14918,39,Female,15,One Year,Fiber Optic,Yes,No,44.06,645.25,179.5,23,2,0,Bank Transfer,4,Yes
CUST-14919,35,Male,66,Two Year,No,Yes,Yes,99.39,6452.53,124.0,16,2,0,Credit Card,3,No
CUST-14920,31,Female,11,Month-to-Month,No,Yes,No,109.1,1184.39,261.4,42,2,1,Bank Transfer,2,Yes
CUST-14921,27,Male,8,Month-to-Month,DSL,Yes,No,64.28,491.68,104.2,7,2,0,Credit Card,4,Yes
CUST-14922,63,Female,55,Two Year,DSL,Yes,No,51.51,2620.29,208.6,20,2,0,Electronic Check,4,No
CUST-14923,30,Female,6,Month-to-Month,Fiber Optic,Yes,No,105.68,575.86,248.0,48,0,0,Electronic Check,2,Yes
CUST-14924,48,Male,53,Month-to-Month,Fiber Optic,Yes,No,84.89,4121.03,304.6,42,2,0,Bank Transfer,7,No
CUST-14925,47,Male,20,Two Year,DSL,Yes,No,67.05,1388.19,267.5,14,3,0,Electronic Check,0,No
CUST-14926,20,Female,39,Month-to-Month,Fiber Optic,Yes,No,100.67,3698.64,231.5,26,2,2,Credit Card,1,No
CUST-14927,47,Female,34,Month-to-Month,Fiber Optic,No,Yes,98.02,3037.82,122.6,22,3,0,Electronic Check,1,Yes
CUST-14928,23,Female,57,Two Year,No,Yes,Yes,56.59,3204.76,109.3,41,0,0,Electronic Check,1,No
CUST-14929,46,Male,19,Two Year,No,Yes,Yes,71.22,1233.15,77.5,36,1,1,Credit Card,7,No
CUST-14930,25,Male,71,Month-to-Month,DSL,Yes,Yes,79.42,5134.19,68.9,26,2,0,Credit Card,0,No
CUST-14931,61,Male,31,Month-to-Month,No,Yes,Yes,65.72,2023.54,179.9,12,2,0,Mailed Check,3,Yes
CUST-14932,62,Male,40,Two Year,Fiber Optic,Yes,No,30.23,1195.55,114.5,49,0,2,Mailed Check,5,No
CUST-14933,60,Female,14,One Year,Fiber Optic,Yes,No,41.54,527.02,287.9,31,2,1,Bank Transfer,4,No
CUST-14934,61,Female,37,Month-to-Month,Fiber Optic,Yes,Yes,31.04,1112.96,127.9,40,0,0,Bank Transfer,2,Yes
CUST-14935,50,Female,44,Month-to-Month,Fiber Optic,Yes,No,77.32,3284.25,188.5,4,1,1,Mailed Check,2,No
CUST-14936,34,Female,9,Month-to-Month,DSL,Yes,No,35.39,312.78,156.2,40,0,0,Credit Card,3,Yes
CUST-14937,65,Male,58,Two Year,Fiber Optic,Yes,Yes,69.81,4092.21,53.7,27,0,1,Bank Transfer,4,No
CUST-14938,28,Female,20,Two Year,DSL,Yes,No,110.8,2088.4,278.0,9,2,0,Credit Card,1,No
CUST-14939,30,Female,50,Two Year,Fiber Optic,Yes,No,100.69,4857.87,242.6,12,3,1,Mailed Check,2,No
CUST-14940,67,Male,20,Two Year,DSL,Yes,Yes,19.06,388.41,252.9,29,3,1,Mailed Check,0,No
CUST-14941,28,Male,36,One Year,DSL,Yes,No,33.03,1234.72,233.5,28,2,0,Bank Transfer,5,No
CUST-14942,48,Female,27,Month-to-Month,Fiber Optic,Yes,Yes,45.59,1272.41,111.6,16,2,0,Mailed Check,2,No
CUST-14943,45,Male,32,One Year,Fiber Optic,Yes,Yes,35.77,1112.18,113.4,8,0,0,Bank Transfer,0,No
CUST-14944,61,Female,1,One Year,Fiber Optic,Yes,No,23.65,23.13,220.7,47,2,0,Electronic Check,1,No
CUST-14945,23,Male,17,Month-to-Month,DSL,Yes,No,64.73,1077.7,318.9,49,1,0,Credit Card,3,Yes
CUST-14946,58,Male,9,Month-to-Month,No,Yes,No,82.63,766.21,214.7,13,2,0,Credit Card,1,No
CUST-14947,33,Female,45,Two Year,Fiber Optic,Yes,Yes,88.85,4102.17,268.1,14,2,0,Credit Card,2,No
CUST-14948,21,Male,66,Month-to-Month,DSL,Yes,No,53.14,3320.41,132.7,15,3,0,Electronic Check,3,Yes
CUST-14949,52,Female,32,Month-to-Month,Fiber Optic,Yes,Yes,58.2,1721.65,278.8,9,0,0,Mailed Check,3,No
CUST-14950,65,Male,45,One Year,Fiber Optic,Yes,No,73.89,3181.56,142.2,53,2,1,Mailed Check,4,No
CUST-14951,73,Male,9,One Year,DSL,Yes,Yes,62.29,528.8,201.6,56,0,1,Electronic Check,5,Yes
CUST-14952,43,Male,30,Month-to-Month,Fiber Optic,Yes,No,85.27,2667.12,147.0,44,1,1,Electronic Check,4,No
CUST-14953,74,Male,38,Two Year,No,Yes,No,75.76,2705.82,260.0,32,1,1,Mailed Check,4,No
CUST-14954,29,Male,60,Month-to-Month,Fiber Optic,Yes,No,55.59,3092.52,261.2,22,1,2,Electronic Check,4,No
CUST-14955,28,Female,1,Month-to-Month,DSL,No,Yes,18.58,,47.1,55,2,0,Mailed Check,2,Yes
CUST-14956,54,Male,5,Month-to-Month,No,Yes,No,102.48,467.81,299.3,51,2,0,Electronic Check,3,Yes
CUST-14957,42,Female,63,One Year,DSL,Yes,No,47.85,2830.78,393.9,25,3,0,Electronic Check,2,No
CUST-14958,35,Male,36,Two Year,No,Yes,No,73.94,2570.98,148.0,41,1,0,Mailed Check,4,No
CUST-14959,36,Female,65,Two Year,DSL,No,No,17.09,1098.93,168.6,26,1,0,Mailed Check,3,No
CUST-14960,40,Male,24,Two Year,Fiber Optic,Yes,Yes,64.72,1474.3,291.5,45,2,0,Mailed Check,2,No
CUST-14961,72,Female,4,Month-to-Month,Fiber Optic,No,Yes,67.51,263.14,186.0,29,1,0,Mailed Check,2,Yes
CUST-14962,55,Female,68,Month-to-Month,DSL,Yes,Yes,68.72,4345.03,179.6,18,2,0,Bank Transfer,1,No
CUST-14963,71,Male,25,One Year,Fiber Optic,Yes,No,140.34,3459.88,350.7,36,3,0,Bank Transfer,1,No
CUST-14964,35,Male,7,Month-to-Month,Fiber Optic,Yes,No,49.22,331.16,58.1,20,2,0,Mailed Check,3,No
CUST-14965,43,Male,13,Two Year,DSL,Yes,Yes,85.52,1142.21,109.0,33,1,0,Credit Card,3,No
CUST-14966,23,Female,68,One Year,Fiber Optic,Yes,No,78.08,5109.59,217.6,20,0,0,Credit Card,3,No
CUST-14967,21,Female,43,Two Year,Fiber Optic,Yes,Yes,48.03,1996.25,34.2,3,1,0,Bank Transfer,4,No
CUST-14968,61,Male,57,Month-to-Month,DSL,Yes,Yes,85.14,4798.75,146.4,59,1,0,Electronic Check,2,No
CUST-14969,68,Male,36,Month-to-Month,No,Yes,Yes,60.89,2013.34,145.6,43,1,0,Mailed Check,1,No
CUST-14970,46,Female,14,Month-to-Month,No,Yes,No,86.88,1123.29,266.6,34,3,0,Bank Transfer,4,No
CUST-14971,51,Female,27,Month-to-Month,DSL,Yes,No,114.02,3135.6,242.4,6,1,2,Credit Card,3,Yes
CUST-14972,34,Male,37,One Year,Fiber Optic,Yes,Yes,68.77,2394.4,28.5,31,3,0,Mailed Check,8,Yes
CUST-14973,60,Female,71,Month-to-Month,DSL,Yes,No,57.97,4127.0,117.6,35,2,0,Electronic Check,8,Yes
CUST-14974,60,Male,25,Month-to-Month,Fiber Optic,Yes,Yes,91.29,2087.38,117.9,32,1,2,Electronic Check,3,No
CUST-14975,70,Male,67,Month-to-Month,No,Yes,Yes,99.92,6850.47,160.5,42,0,1,Credit Card,4,No
CUST-14976,33,Male,4,Month-to-Month,Fiber Optic,Yes,Yes,42.92,179.96,81.2,57,0,1,Credit Card,2,Yes
CUST-14977,19,Female,16,Month-to-Month,No,Yes,Yes,53.68,821.14,220.6,9,0,0,Mailed Check,4,No
CUST-14978,51,Female,19,Month-to-Month,Fiber Optic,Yes,No,81.89,1518.3,117.5,46,2,0,Bank Transfer,3,No
CUST-14979,72,Female,29,Month-to-Month,Fiber Optic,Yes,No,61.7,1729.19,233.0,48,2,1,Mailed Check,4,No
CUST-14980,25,Female,51,Month-to-Month,No,Yes,Yes,41.14,2169.75,179.7,27,0,2,Mailed Check,3,No
CUST-14981,30,Male,18,Month-to-Month,Fiber Optic,Yes,Yes,78.52,1274.13,92.4,24,2,0,Electronic Check,1,Yes
CUST-14982,59,Female,58,Month-to-Month,Fiber Optic,Yes,Yes,81.79,4734.42,304.9,56,1,0,Mailed Check,2,No
CUST-14983,25,Male,44,Month-to-Month,Fiber Optic,Yes,Yes,56.64,2486.81,307.6,50,2,1,Bank Transfer,3,No
CUST-14984,47,Male,16,Month-to-Month,DSL,Yes,No,66.53,1019.09,206.1,59,1,1,Mailed Check,3,Yes
CUST-14985,49,Male,65,One Year,DSL,Yes,Yes,50.59,3067.7,158.5,22,0,0,Credit Card,3,No
CUST-14986,53,Female,2,One Year,No,No,No,37.62,70.42,84.9,30,2,0,Mailed Check,4,No
CUST-14987,64,Male,56,Two Year,Fiber Optic,Yes,Yes,52.57,3003.0,276.4,36,0,0,Credit Card,0,No
CUST-14988,47,Male,28,Month-to-Month,No,Yes,Yes,66.85,1703.18,254.0,26,1,1,Electronic Check,3,No
CUST-14989,18,Female,65,Month-to-Month,DSL,Yes,No,28.12,,106.7,50,3,0,Electronic Check,0,No
CUST-14990,60,Male,5,Two Year,Fiber Optic,Yes,Yes,54.4,257.32,118.2,2,4,1,Electronic Check,2,No
CUST-14991,56,Female,22,Month-to-Month,No,Yes,Yes,67.2,1389.38,221.1,42,1,0,Electronic Check,2,No
CUST-14992,34,Female,13,One Year,DSL,Yes,Yes,94.87,1203.54,74.2,44,2,0,Bank Transfer,5,No
CUST-14993,37,Female,65,Month-to-Month,DSL,Yes,Yes,57.19,3846.26,123.7,7,2,1,Electronic Check,2,No
CUST-14994,41,Male,16,Month-to-Month,Fiber Optic,Yes,Yes,33.85,537.65,86.3,27,0,0,Mailed Check,2,No
CUST-14995,67,Female,64,One Year,Fiber Optic,Yes,Yes,59.76,3894.6,89.2,16,0,0,Electronic Check,5,No
CUST-14996,39,Female,32,Month-to-Month,DSL,Yes,No,50.84,1610.78,115.2,49,1,1,Credit Card,2,Yes
CUST-14997,46,Female,51,Month-to-Month,No,Yes,No,78.8,4037.52,261.5,46,1,0,Credit Card,3,No
CUST-14998,39,Female,58,Month-to-Month,No,Yes,No,56.55,3164.65,22.1,56,2,0,Bank Transfer,3,No
CUST-14999,61,Male,46,Month-to-Month,Fiber Optic,Yes,Yes,15.0,716.84,219.0,29,3,0,Bank Transfer,4,Yes
CUST-12764,36,Male,59,One Year,DSL,Yes,No,73.62,4131.09,220.1,7,3,0,Bank Transfer,1,No
CUST-14767,55,Female,48,One Year,Fiber Optic,No,No,103.84,4966.52,145.1,48,1,1,Bank Transfer,4,No
CUST-13814,52,Male,53,Month-to-Month,No,Yes,Yes,68.62,3377.25,176.7,21,2,0,Electronic Check,1,No
CUST-13499,68,Male,33,Month-to-Month,Fiber Optic,Yes,No,15.0,450.82,259.9,23,0,0,Electronic Check,6,Yes
CUST-12735,73,Male,21,Month-to-Month,DSL,Yes,Yes,65.0,1307.6,234.9,40,1,1,Bank Transfer,2,No
CUST-13922,69,Male,59,One Year,No,Yes,Yes,21.72,1318.19,145.9,55,1,0,Bank Transfer,3,No
CUST-12701,33,Male,50,Month-to-Month,No,Yes,No,109.32,5364.2,87.4,20,3,0,Credit Card,2,No
CUST-11179,71,Male,33,Month-to-Month,Fiber Optic,Yes,No,60.25,1953.59,336.4,24,0,0,Mailed Check,3,No
CUST-10932,57,Male,9,Month-to-Month,No,Yes,No,83.0,691.56,107.7,43,0,0,Bank Transfer,3,No
CUST-10792,66,Female,33,Month-to-Month,Fiber Optic,Yes,No,59.19,1874.62,151.6,16,2,1,Credit Card,1,No
CUST-11852,49,Female,61,Month-to-Month,Fiber Optic,Yes,Yes,36.59,2168.09,144.2,30,4,0,Credit Card,3,No
CUST-11185,74,Female,20,Month-to-Month,Fiber Optic,Yes,Yes,68.67,1291.98,222.4,50,2,0,Electronic Check,4,Yes
CUST-11724,70,Female,41,Month-to-Month,Fiber Optic,Yes,No,39.73,1583.61,283.5,16,1,0,Electronic Check,4,Yes
CUST-14080,34,Male,50,Month-to-Month,Fiber Optic,Yes,No,78.79,4134.19,146.8,38,4,0,Bank Transfer,5,No
CUST-13823,40,Female,53,Two Year,Fiber Optic,Yes,Yes,56.71,3075.19,138.7,38,3,0,Mailed Check,2,No
CUST-14054,37,Male,17,One Year,Fiber Optic,Yes,Yes,51.72,921.97,128.5,7,0,0,Electronic Check,4,No
CUST-12721,24,Male,13,Two Year,DSL,Yes,No,44.7,533.32,163.0,15,3,0,Electronic Check,4,No
CUST-13903,65,Female,8,Month-to-Month,No,Yes,Yes,57.81,,269.6,49,0,1,Electronic Check,2,Yes
CUST-11865,73,Female,10,Two Year,No,Yes,Yes,63.22,629.41,137.1,11,0,0,Credit Card,4,No
CUST-10759,69,Female,5,Month-to-Month,No,Yes,No,78.31,364.96,185.6,29,1,2,Mailed Check,2,Yes
